Tot això amanit enmig d'una bonança lisèrgica.,Marina començava a amanir el sopar; Marçal agafava el llibre i s'asseia a la vora del foc.
"Aquesta campanya s'ha vist amanida per al·legacions de corrupció i, particularment, per la difusió d'un vídeo d'un dels alcaldes més coneguts de Fidesz, Zolst Borkai, batlle de la ciutat de Gyor, en què se'l veia en una orgia en un iot.","Després del sopar —durant el qual les branques enceses dels ròssecs s'han tornat brases, i s'ha tornat cendra la fullaraca—, quan la foguera és una immensa brasilada que ningú encara no s'atreviria a botar en salt de gimnàstica, els homes tornen a agafar les cavalleries que han descansat una estona vora els pessebres, i, menjada una pallada, els amanixen aparellant-los amb albardó, mantes i pells de corder adobades, i es dirigixen al Pati de l'Església, on ja els esperen el senyor alcalde, el síndic i els altres prohoms o autoritats locals per tal de fer la processó de la coqueta."
"He llegit que ell nega la seva intenció d’amanir una paròdia i potser això explica que reti homenatge al seu mestre, el gran Pierre Michon, introduint-lo de biaix en el relat.","Descloscava i pelava l'all, la ceba i els ous; amania l'anxovada que es presentava en el seu bany com una estela carnosa de cent raigs."
Malgrat el seu estat de salut va saber sintetitzar tots els seus coneixements i amanir-los amb un sentit de l’humor envejable i una ironia ben esmolada.,"El lloc era tan solitari que hi volgué prendre un petit de repòs, i aviat va treure del sarró el que hi portava: algunes cebes dolces i un manat de ràvecs llargaruts a fi d'amanir un enciam dins l'escudella, perquè els sants, quan visiten la terra, esmorzen com tots nosaltres, si bé amb una frugalitat meravellosa."
"Per amanir l'estona, al costat tocaven Barón Rojo, un grup que en un altre segle va arribar a triomfar a la terra dels Maiden.","Així l'Aigua permet que l'empenyin enlaire, fins qui sap on, enginys diabòlics que roden i esbufeguen sense parar, amb tot de colzes i mànecs que van i tornen desaforadament, i un terratrèmol que faria venir pell de gallina a qualsevol cor no ben trempat com és el seu, i transita després per canonades llòbregues temps i més temps, fins que raja a l'aixeta de la cuina, on la minyona que amaneix el dinar, boteruda i vermella de mans i potser bigotuda, si és dona ja feta, canta que canta cançons que ignoren que al món hi hagi cels blaus brodats d'estrelles i vent terral i marinada i romanins i espígols."
"Un llenguatge senzill, acurat i directe, amb un deix d'ironia i humor, ben amanit amb tics sorprenents, arrodoneixen una història atractiva.","I endreça la casa i renta la roba i cou el menjar per a quan tornin els homes del camp o de la vinya, i amaneix un plat d'escudella al pobre desvalgut que truca a la porta."
"Mireu si és pràctic que inclou la joia perquè no hagis d’estar pensant amb quin braçalet, anells i etcètera combinaràs el vestit, i mireu si és sofisticat el resultat, tan polit amb la senzilla elegància del vellut negre, que cedeix protagonisme i fa ressaltar aquesta peça de joieria creativa única que ha fet el joier Isidoro Hernández per amanir el vestit.","Qui no pugui amanir amb oli que mengi pa sucat am vi, que escalfa el cap i també alimenta!—"
"En total, doncs, són 19 jornades seguides sense perdre i amb 51 punts sumats de 57 possibles, una espectacular dinàmica que explica per què el Barça té cada vegada la lliga més a prop i que està amanida amb el bagatge de l'equip en la resta de competicions, amb el mundial de clubs al sarró, la classificació per a la final de la copa del Rei i un peu i mig en els quarts de final de la lliga de campions.","És natural que qui diu pa, diu vianda, i qui diu vianda, diu tot el que pogués arreplegar, fred o calent, amanit o sense amanir."
La idea no deixa de ser pujar un altre esglaó més i amanir una mica més el que ja funciona.,"Pobre Jeroni! Li semblava que el vespre li feia l'ullet malignament, com dient-li: ""Eh, què tal? Com te va el nou estat? Serà divertit això de ballar amb la negra sota un pontarró i a panxa prima?"" I no podia menys de pensar amb recança en les comoditats, que solia gaudir a Mas Baltrons: en aquelles vetlles d'hivern, durant les quals, assegut a la vora del foc, llegia en veu alta a la seva família i criats alguna aventura del cavaller Curial o alguna història del /Flos Sanctorum\, tot esperant el sopar; i, després, en aquell sopar tan abundós i ben amanit i, finalment, en aquelles regalades i llargues dormides, blanament aplanat sobre els tres matalassos del seu llit monumental."
"I com que els muntadors de “tinglados” ja miren prou d’amanir així llurs iniciatives, el primari ho accepta tot a ulls clucs.","Sempre val més la vianda que li serveix el municipi que no pas la que li haurien donat a dispesa en una casa particular, on tot és cuit i amanit amb sal i altres ingredients."
"Es va centrar en l'aversió que produeixen les agulles, ho va amanir amb una història personal, la del seu tiet que va morir de càncer.","Només li calia amanir un covenell de fulles tendres i assentar el fillol al llindar de la porta, posant-li el covenell a tret de mà i ja podia anar-se'n sense temor."
"A la graderia, sempre enfervorida quan el Barça visita el Bernabéu, cada cop que Iniesta amania el partit amb un detall de qualitat es feia un silenci estrany, a mig camí entre el temor i el respecte.","També conegueren la delícia de les viandes crues, mal amanides, salades i agafades."
"Un recorregut que també ho era pel seu temps vital, i que va amanir amb freqüents comentaris sobre les cançons.","Mes, ai! que quan amaniu el pa, si tireu curt, vaja quina gràcia!; i si tireu llarg i feu bassal, com que no falta qui vigila, us tornaran a qualificar de marquès, i això és cosa que a un fill de pagès li cau a sobre."
"Activitats per a infants, ball de bot, bandes de música i les danses tradicionals dels gegants amaniren una jornada que es dedicà a Rosa Bueno, finada el desembre passat i que tant treballà en l'àmbit associatiu palmesà.","Un pa de tres lliures el feia allargar un parell de dies; quan duien a taula l'enciam amanit per ella, una lluna d'oli era més difícil de trobar que una unça de perruca; a les minyones les feia vestir i despullar a les fosques, i a mi, si em descuidava, em feia dur els mitjons amb una crosta de recosits."
"Va amanir el primer, el 2005, recordant que havia guanyat tantes Copes d'Europa com el Barça i que el palmarès de Rijkaard estava buit tot i que com a jugador en va guanyar tres.","Per més que En Fullaraca, home de bon regent, tan formal que de qui sap quan no se l'havia vist riure, fos el cap de colla indiscutible, que amb ell no escassejava el vi ni la minestra, ni mancaven les desfiles per si prenia mal algú, ni l'agulla ni el fil per als descosits, això sense comptar que no n'hi havia d'altre com ell per a fer l'arròs, amanir una ensiamada, lligar l'allioli i rostir el conill amb llampecs, encara el tren que els duia no havia passat de Sardanyola que ja En Tomàs de Bajalta comandava la colla amb un xàfec d'ordinacions, com si el plaer fugitiu de la diada fos un objectiu estratègic que calgués enrondar i assolir."
"En cas contrari la cosa queda en un pourparler, conegudíssim i ja sentit mil vegades sobre la seva volença africanista, amanit amb aquella successió de renecs per segon que tan bé coneixem.","Kat amaneix els porcells, les pastanagues, els pèsols, i la coliflor."
"I tot amanit amb una bona dosi d'humor, el segell personal d'aquest artista de la il·lusió.","Deus estar, com qui diu, dejú, et faré una truita, t'amaniré uns tomàquets."
[...] que pateix des de fa anys contínues convulsions accionarials amanides d'interferències polítiques del Govern.,Amb aquesta substància amaneixen gairebé tot el que mengen —com si fos mostassa o salsa a la maionesa.
"Però també el tradicional cercacarrers, amanit amb cultura popular, va tenir molt bona acollida.",La mare i la germana eren a la cuina amanint el dinar: avui tenien el padrí convidat i calia escarrassar-s'hi.
Xavier Bru de Sala comenta la recent publicació del volum d'estudis literaris titulat Carneriana i ho amaneix amb un seguit d'opinions personals sobre Josep Carner.,"Es diu pollada, però no ens atrevíem a dir-ne el nom per si us feia por venir, comenten els Quiroz-Ching. Qui vulgui pot amanir el seu plat amb una mica de salsa de huacatay, una herba aromàtica semblant al julivert. Les postres arriben quan la"
D'aquesta manera amaneixen un programa amb un seguit d'obres molt conegudes.,"d'altres greixos en la dieta per aconseguir els seus beneficis cardiosaludables. A més de per a saltejar les verdures i amanir amanides també es pot prendre com a substitut de la mantega en el pa. L'oli d'oliva és alt en calories, així que no en"
"El noi es va adonar del seu desencert i es va apressar a atiar el foc del forn per poder crear un regal més mesurat i escaient: faria un setrill d'oli i un altre de vinagre, ingredients senzills però indispensables per amanir una vida en comú.","les preparen amb una base de fulla verda, abundant, i al damunt fruita seca (ametlles i nous) i fruita fresca. Per amanir , una vinagreta feta amb oli, vinagre i gingebre, que hi aporta un gust picant i refrescant alhora. Un altre plat de"
"Sense la pompa amb què els governs solen amanir aquesta mena de gestos en el seu intent de reconquistar l'afecte dels ciutadans, la Generalitat va posar en marxa la renovada versió del seu portal de la transparència.","de variants, els ingredients bàsics són: enciam, tomàquet, ceba, espàrrecs, ou dur i olives. A més dels ingredients, amanir és bàsic perquè resulti saborosa: oli d'oliva, vinagre i sal. Moltes vegades confós amb el gaspatxo, el 'salmorejo' és"
La idea no deixa de ser pujar un altre esglaó més i amanir una mica més el que ja funciona.,"d'aquests materials com de la pesta quan muntem el molí i els dipòsits de magatzematge. Hi ha sis classes d'oli: per amanir s'utilitzen els superfins, seguits dels fins, els bons per guisar, els emprats en màquines i lluminària, els molt"
"Per acabar-ho d' amanir , Arrimadas ha criticat que el Govern nacionalista estigui instal·lat en el ""victimisme"" quan ells mateixos han aprovat moltes mesures al Congrés de la mà del PP i del PSOE.",". És important posar la data d'envasat. Aquesta tonyina pot ser un primer plat molt bo, acompanyant uns tomàquets per amanir , amb ceba i unes olives. O amb patata bullida amb pell, tallada a rodanxes, pèsols i pastanagues bullides, ous durs i la"
"El dibuixant creu que un bon humorista ha de reflexionar sobre un tema, fer-ne una síntesi, ""arribar al rovell de l'ou"", ""donar-li un toc d'humor per amanir el missatge"" i explicar-ho al lector intentant no repetir-se i ""sense caure en fílies i fòbies"".",". I com que la persistència és un dels seus lemes, al final ho va aconseguir a compte, això sí, de ser l'encarregat d' amanir les amanides, una de les seves especialitats, acceptar les bromes (""tu només pots beure una copa de vi"", li deien) i"
"La mateixa tesi que van defensar el ministre de Justícia, Rafael Catalá, i Xavier García Albiol, encara que aquest la va amanir amb el seu dur llenguatge.","pel txangurro al pil-pil sobre làmina de bacallà del restaurant Amaya, i el tàrtar de tomàquet de l'hort, mozzarella i amanit d'herbes fresques del Cent Onze-Le Méridien Barcelona. El president d'Amics de la rambla, Joan Oliveras, i la"
"Amb ell va participar en els equips negociadors dels rescats europeus a Grècia, Irlanda, Portugal, Xipre i Espanya, la qual cosa li permet amanir les seves conferències amb petites anècdotes personals viscudes amb el comissari Rehn arreu d'Europa.","no es podien pas consumir fins haver passat molts de dies. Era, per tant, un menjar quotidià, casolà, saborós i ben amanit . No hi podia faltar una amanida del temps: escarola o enciam acompanyats de fruita o verdures confitades. De segon, els"
"En un temple completament ple de veïns i autoritats, també va parlar el president del Consell Comarcal, Joan Català, i l'acte es va amanir amb diverses actuacions musicals.","llarga passa factura, perquè et resta energia. I a més, on queda el plaer de cuinar? Si no tens temps, fes-te un tomàquet amanit i una truita a la francesa, és el que s'ha fet tota la vida, tampoc no ens hem de complicar gaire l'existència. Hi ha plats"
"Guerra y paz també ha rebut alguns peròs per les escenes de sexe, considerades per alguns massa freqüents i explícites, així com una solució merament comercial per amanir aquesta superproducció televisiva.","fins que el lluç estigui cuit, a foc lent. Passem a emplatar-ho: fem un llit amb les verdures, a sobre hi posem el lluç i ho amanim amb l'oli de trufa. Si es vol, per acabar de guarnir el plat, es ratlla una mica de trofa per sobre. S'editen en llibre tots"
"No podem permetre que aquestes desigualtats esdevinguin perpètues, ni podem consentir les justificacions més inversemblants per tal d'amanir l'egoisme i la conveniència de tan sols 1% de la població mundial.",i els tomàquets i ho deixem cuinar durant 3 minuts i reservem a la nevera. Tallem les altres verdures a daus petits i les amanim amb les herbes fresques i un toc de mostassa. També s'hi pot posar anxoves o formatge. Fem les maletes... digitals (3) En
"[...] i mireu si és sofisticat el resultat, tan polit amb la senzilla elegància del vellut negre, que cedeix protagonisme i fa ressaltar aquesta peça de joieria creativa única que ha fet el joier Isidoro Hernández per amanir el vestit.","-i en relació als aliments- es desprèn que som allò que mengem, però també com ho escollim, preparem, coem, acompanyem, amanim , mengem, païm i etcètera. Barcelona, pionera en el projecte higienista, tingué en aquest personatge -dedicat"
El grup Folky Towers va amanir la Vetllada amb música i l'Escola d'Hosteleria d'Osona va projectar un vídeo per celebrar que el curs vinent farà deu anys que es va inaugurar.,"en un bol, les tapem amb film i les reservem. Triturem el tomàquet i les cireres i emulsionem incorporant l'oli. Amanim amb sal i pebre, colem el gaspatxo i el deixem reposar durant dues hores. Piquem a la brunesa els pebrots, la ceba tendra i"
"Per acabar-ho d'amanir, ha acusat Podem i la presidenta de la Junta d'estar en contra de la independència perquè ""sense Catalunya, Espanya s'hauria d'espavilar"".",". El trinxem. Barregem els tomàquets amb les nous, els cigrons i el gruyère. Afegim els espinacs just al darrer moment. Amanim al gust Una vaga de dotze dies afectarà el servei de bus metropolità i el Nitbus Algunes línies del servei d'autobús"
"La festa es va amanir amb una audició de la cobla La Principal de Banyoles a les 10 de la nit, a la plaça Major.","petits o posar-hi el tall sencer a sobre. Prepareu una vinagreta amb oli, mostassa, vinagre i un raig de llimona. Amaniu l'amanida. La barra 'citizen' i culer Aficions unides 8 Seguidors del Barça i del City comenten l'actualitat"
"El de Seguí és el segon escàndol que esquitxa la DGT des que es va cessar la subdirectora adjunta de Formació Vial, Marta Carrera, en filtrar-se una gravació que la vincula a una suposada martingala per amanir el concurs públic d'adjudicació dels cursos per recuperar els punts del carnet retirats.","d'espinacs, grans, i les posa ben planes sobre paper de forn, que tot seguit col·loca damunt d'una safata de forn. Ho amaneix amb oli i sal, ho cou a 190o durant un minut. Un cop cuit, ho retira del forn i posa damunt de cada fulla d'espinac la barreja"
"El concert anava d'allò més bé i per acabar-ho d' amanir, a la mitja part els van oferir una copa de cava.","per fruites d'estiu com la síndria, el meló, les maduixes o el préssec. S'han de tallar en trossos petits i la barreja s' amaneix amb sucre, licor o suc de fruites. Unes postres fresc i sa per acabar amb bon gust de boca. L'ANC de Gràcia ha organtizat"
"La seva portada de diumenge admet que totes les gesticulacions del PP i C's (que farien Flotats abraonar-se -literal!, literal!- sobre els líders d'aquests dos partits per apropiació d'afectacions) són mers entremesos per amanir l'espera.","posarem al forn 20 minuts. Hi posarem una mica de salsa de tomàquet a la base i a sobre l'escalivada a tires, ben posades. Amanirem l'escalivada amb una mica d'oli i sal i enfornarem 5 minuts més. Un cop cuita la coca i fora del forn, l'adornarem amb les"
"""enalteix el poble obrer i dels barris marginals contra la pèrfida 'Barcelona burgesa'"", (...) ""amb una mica de Serrat i Gimferrer per amanir el discurset"".","safata de fusta. El cap també es menja a trossets. Posarem les patates pel voltant, a rodanxes o obertes per la meitat. Amanirem el pop i la patata amb sal gruixuda, oli d'oliva verge i pebre vermell picant al gust. Pensament, Obra i Acció (POA) és el"
"En el cas de l'Alabès, el dia que debutava l'holandès Cillessen a la porteria, el tècnic li va posar al davant una defensa totalment inèdita, va desmuntar el centre del camp habitual i ho va amanir tot posant un altre debutant al camp, Paco Alcácer.",. Els posarem en una safata al forn una hora a 100°. Els reservarem. Pelarem tres tomàquets a quadrets molt petits. Els amanirem amb sal i oli. Els reservarem. La resta de tomàquets els ratllarem i els amanires amb sal i oli. Els reservarem. Tallarem
"Són llibres de terror o misteri per a adults que s'han de llegir amb una tablet i llum tènue, perquè aprofiten tots els recursos de la tecnologia per amanir el viatge: efectes de so, banda sonora, flaix, moviment de 360o, il·lustracions, etcètera.","de tomàquet Posarem el bacallà amb un raig d'oli d'oliva una bona estona. Partirem dos tomàquets per la meitat i els amanirem amb sal, oli i sucre. Els posarem en una safata al forn una hora a 100°. Els reservarem. Pelarem tres tomàquets a quadrets"
Els Estats Units van enviar un esquadró d'atac a les aigües de la península de Corea la vigília d'una setmana tradicionalment moguda pel costum nord-coreà d'amanir els seus aniversaris variats amb abusos missilístics o nuclears.,"i un de vinagre. Ho aprofitem per salar la carn. Anem fent capes amb els talls, els uns sobre els altres, i cada capa l'anem amanint . No cal que siguem gaire abundants. Just un rajolí que toqui a cada tall. Quan acabem, podem posar la carn a la nevera i"
"Una mesura que no figura entre les 144 del programa presidencial, però que va amanir convenientment amb una salva d'arguments ben aplaudits.","de Vilanova del Camí. El taller va captar l'atenció de les famílies, i els més petits van gaudir d'una tarda culinària amanint cadascun, segons les seves preferències, les olives trencades. Des de GEDEN, ja havien tingut cura de trencar-les i"
El conegut paper de les xarxes socials acaba d' amanir l'equació: els missatges alarmistes infundats es propaguen com un virus.,"regalarà dos tiquets pel sopar. La festa començarà a les 19:30h de la tarda i finalitzarà amb un sopar a base de tomàquets amanits , pa i botifarra i postre. Es poden comprar els tiquets per 5 € a Foto Isidre, fins al proper divendres 29 de juliol. La"
"A tall d'exemple i per acabar-ho d'amanir , Espanya també és el país que encapçala el rànquing de multes per incompliments comunitaris.","trobada, que ha començat a 2/4 de 2 del migdia, s'han pogut degustar calçots de Casa Ametller (se n'han cuit més de 5.000) amanits amb la salsa especial per a calçotades de l'empresa Ferrer, d'origen solsoní ubicada a Santpedor. Es tracta d'una"
"Segons els autors d'aquest informe, els aristòcrates que conspiraven contra ell van amanir amb cianur les crestes, els canapès de caviar, i els pastissets de crema dels quals el monjo siberià es va cruspir amb una fam voraç sense que aparentessin fer-li cap efecte.",", que començarà a 2/4 de 2 del migdia, es podran degustar calçots de Casa Ametller (se'n preveu coure més de 4.000) amanits amb la salsa especial per a calçotades de l'empresa Ferrer, d'origen solsoní ubicada a Santpedor. Es tracta d'una"
"Naturalment, no hi faltarà un assassinat per amanir el misteri.","entrar cinc carretades de fenc; però tu eixiràs tot seguit després del desdejuni, i hauràs tornat abans de les onze, per amanir el dinar de la nostra gent». Això és el que m'ha dit Christel. Esperem que això us plaurà, sobretot quan haureu vist al"
La premsa que segueix l'actualitat madridista va dedicar-se a amanir la informació.,"Curial o alguna història del Flos Sanctorum, tot esperant el sopar; i, després, en aquell sopar tan abundós i ben amanit i, finalment, en aquelles regalades i llargues dormides, blanament aplanat sobre els tres matalassos del seu llit"
"Per acabar d'amanir la matinal en una jornada plena d'actes a la ciutat (Tots Sants és el dia fort de les Fires), a l'exterior de l'estadi el club va instal·lar una espectacular Fan Zone que va va fer les delícies dels més joves amb activitats [...].","de son companyó, i romangueren encara els dos frares amb el pastisser una bella estona, perquè fins i tot els havien amanit un soparet gustós. En acabat del sopar, Fra Pere adreçà l'esguard al coci de la pasta. El grau de consistència palesava"
Ni tan sols ha intentat amanir el periple asiàtic de Trump.,"de Sant Jaume, la senyora davant mateix de tothom s'està mesurant l'orxata a cullerades i tirant-la als vasos que ja té amanits . I ve'ls aquí per què s'hi estan tots fent rodona, en el menjador, amb el plat i la xicra sobre la falda, l'un acabant de"
"Per acabar-ho d' amanir la nostra unitat disposava d'un seguit d'equipament extra entre el que destacava el navegador Columbus, volants, seients davanters i posteriors amb calefacció individual i sostre de vidre panoràmic que 'només' engreixen la factura uns 3.500 euros més.",", que avui vostè és el primer, senyor Nofre. Ja veig que aquesta tos se va estovant. -Sí, senyor, gràcies a Déu. -Ja li tinc amanit el xaropet. -Visca molts anys, senyor Eufrasi. Ara aviat vindrà el senyor Quim. L'he deixat a la cantonada parlant amb"
"A Agullana la banda Batuskala va ser l'encarregada d'amanir la Cercavila Xuiera, que va comptar amb la participació dels nens i nenes de la llar d'infants i de l'escola.","voluntat! Dones i criatures: torneu enrera, i si no heu de posar l'olla al foc, perquè els vostres ja es guanyen el pa, amanit per les rancúnies, aneu-se'n a l'església i demaneu al bon Rector que us ajudi a pregar per vosaltres, pels vostres i per"
"Per acabar-ho d'amanir , el nou 508 és 70 quilos més lleugerque la generació anterior gràcies a la nova plataforma modular EMP2 i l'ús intensiu de materials lleugers com les fibres o l'alumini.","bo. Mai es veu bo! A alguns els agrada aquesta cosa. I fins i tot tornen ¿tornen? ¡Hi ha molta gent! Anem al fons. - ¿No te la amaneixes ? - Ja no. ¿No n'hi poses? Pensava que adoraves aquesta cosa. No, ho detesto. M'agradava, però ja no. Té molt greix."
"Vet aquí una cosa més fonda que el ""Time is money"" dels saxons... Vet aquí unes gotes de Metafísica, amb què amanir els actuals desitjos de nostres dependents de comerç.","En una ocasió que el rei estava de visita al Fort de la Nit, el cuiner va matar al seu fill, i va fer amb ell una gran empanada, amanida amb ceba, pastanaga, xampinyons i cansalada. Aquella nit, va servir l'empanada al rei. Tant li va agradar el sabor del"
"En el missatge del portaveu cupaire, Carles Riera, s'entreveia més disgust que una altra cosa, ja que cap dels ingredients de la seva recepta, ""unilateralitat i desobediència,"" no van amanir les explicacions del candidat de JxCat.","Es diu pollada, però no ens atrevíem a dir-ne el nom per si us feia por venir, comenten els Quiroz-Ching. Qui vulgui pot amanir el seu plat amb una mica de salsa de huacatay, una herba aromàtica semblant al julivert. Les postres arriben quan la"
"I ara, per acabar-ho d' amanir, té la barra (perdoneu un altre cop, però torna a ser tal qual) de sortir a dir, literalment, que ""hi ha nacionalitats amb tendència a delinquir"".","d'altres greixos en la dieta per aconseguir els seus beneficis cardiosaludables. A més de per a saltejar les verdures i amanir amanides també es pot prendre com a substitut de la mantega en el pa. L'oli d'oliva és alt en calories, així que no en"
"Per amanir l'oferta d'activitats dels locals, a la plaça de l'església hi haurà un concert de l'artista santpedorenca Anaïs Vila dissabte15 de desembre a les 6 de la tarda.","les preparen amb una base de fulla verda, abundant, i al damunt fruita seca (ametlles i nous) i fruita fresca. Per amanir , una vinagreta feta amb oli, vinagre i gingebre, que hi aporta un gust picant i refrescant alhora. Un altre plat de"
El periodista Federico Jiménez Lonsantos i l'ex-dirigent del PP i fundador de Vox Aleix Vidal-Quadras van amanir l'alarma amb els seus estirabots habituals.,"de variants, els ingredients bàsics són: enciam, tomàquet, ceba, espàrrecs, ou dur i olives. A més dels ingredients, amanir és bàsic perquè resulti saborosa: oli d'oliva, vinagre i sal. Moltes vegades confós amb el gaspatxo, el 'salmorejo' és"
"comprador jove que ja no trepitjava el mercat trobés una oferta de qualitat gairebé a punt per menjar a casa. I també ho va amanir integrant més restauració al recinte. Una fórmula que també es va obrir pas al de la Barceloneta, on les façanes són","d'aquests materials com de la pesta quan muntem el molí i els dipòsits de magatzematge. Hi ha sis classes d'oli: per amanir s'utilitzen els superfins, seguits dels fins, els bons per guisar, els emprats en màquines i lluminària, els molt"
"a dormir ahir a la nit sent una mica més transparents que quan va començar el dia. Sense la pompa amb què els governs solen amanir aquesta mena de gestos en el seu intent de reconquistar l'afecte dels ciutadans, la Generalitat va posar en marxa la",". És important posar la data d'envasat. Aquesta tonyina pot ser un primer plat molt bo, acompanyant uns tomàquets per amanir , amb ceba i unes olives. O amb patata bullida amb pell, tallada a rodanxes, pèsols i pastanagues bullides, ous durs i la"
"paradís 8 Participants del programa, en un moment de la seva aventura. La idea no deixa de ser pujar un altre esglaó més i amanir una mica més el que ja funciona. Així, si s'agafa el clàssic reality de supervivència Survivor (Supervivientes, a",". I com que la persistència és un dels seus lemes, al final ho va aconseguir a compte, això sí, de ser l'encarregat d' amanir les amanides, una de les seves especialitats, acceptar les bromes (""tu només pots beure una copa de vi"", li deien) i"
"no es creu que el líder de CDC, ""un home d'ordre"", estigui disposat a portar a terme el seu desafiament. Per acabar-ho d' amanir , Arrimadas ha criticat que el Govern nacionalista estigui instal·lat en el ""victimisme"" quan ells mateixos han","pel txangurro al pil-pil sobre làmina de bacallà del restaurant Amaya, i el tàrtar de tomàquet de l'hort, mozzarella i amanit d'herbes fresques del Cent Onze-Le Méridien Barcelona. El president d'Amics de la rambla, Joan Oliveras, i la"
"ha de reflexionar sobre un tema, fer-ne una síntesi, ""arribar al rovell de l'ou"", ""donar-li un toc d'humor per amanir el missatge"" i explicar-ho al lector intentant no repetir-se i ""sense caure en fílies i fòbies"". No ha tingut mai por de","profundes arrels mediterrànies. Entre els plats que s'oferiran al Garbí, destaquen receptes com un sashimi de turbot amanit amb xili de Jalapa i xips d'allet cruixent, i la tonyina vermella mediterrània amb amanida d'alvocat, raves i gingebre"
"completament ple de veïns i autoritats, també va parlar el president del Consell Comarcal, Joan Català, i l'acte es va amanir amb diverses actuacions musicals. L'alcalde va aprofitar l'acte per ?rei?vindicar la restauració del paratge de les","llarga passa factura, perquè et resta energia. I a més, on queda el plaer de cuinar? Si no tens temps, fes-te un tomàquet amanit i una truita a la francesa, és el que s'ha fet tota la vida, tampoc no ens hem de complicar gaire l'existència. Hi ha plats"
"escenes de sexe, considerades per alguns massa freqüents i explícites, així com una solució merament comercial per amanir aquesta superproducció televisiva. Tornem a xafar terra! És molt trist vore al València allà baix, tan lluny dels",") amb arròs i algun un altre ingredient. CHIRASHIZUSHI: Se serveix l'arròs i tots els altres ingredients en un bol sense amanir , com si es tractés d'una amanida. La diferència és, que els trossos són bastant grans. SUSHI BURGER: és l'última versió"
"aquestes desigualtats esdevinguin perpètues, ni podem consentir les justificacions més inversemblants per tal d' amanir l'egoisme i la conveniència de tan sols 1% de la població mundial. Millorar el paisatge El Govern licitava el dimecres","i a gaudir! Cabdells de col blanca tallada a juliana, pastanaga ratllada i dauets de poma verda granny smith! Tot plegat amanit amb maionesa i llavors d'api. Tan senzill com popular al món anglosaxó. Netegeu una col verda grossa enretirant-ne els"
"que cedeix protagonisme i fa ressaltar aquesta peça de joieria creativa única que ha fet el joier Isidoro Hernández per amanir el vestit. La joia és un entramat de fil d'or dolç, ben flexible, treballat en formes circulars on es repengen un grapat","tallades a juliana ben fina, bulb de fonoll fresc també tallat a tiretes, i pastanaga ratllada ben barrejats i amanits amb una salsa feta a base de iogur grec, mostassa, xili picant, suc de llimona, mel, oli d'oliva, julivert i anet."
final i es va homenatjar el cuiner osonenc Jaume Dinarès per la seva trajectòria professional. El grup Folky Towers va amanir la Vetllada amb música i l'Escola d'Hosteleria d'Osona va projectar un vídeo per celebrar que el curs vinent farà deu,"cruixent. De carn picada, de llegums cuites... Us sonen els falàfel libanesos? Són boletes fetes de cigrons cuits amanits amb ceba, comí, all, i herbes. Podrien ser croquetes! La primera recepta escrita en espanyol que trobem de croquetes és"
"altres, de Susana Díaz, el de recollir quatre vots a l'esquena de la gent de Catalunya"", ha inisitit. Per acabar-ho d' amanir , ha acusat Podem i la presidenta de la Junta d'estar en contra de la independència perquè ""sense Catalunya, Espanya s'",", que començarà a 2/4 de 2 del migdia, es podran degustar calçots de Casa Ametller (se'n preveu coure més de 4.000) amanits amb la salsa especial per a calçotades de l'empresa Ferrer, d'origen solsoní ubicada a Santpedor. Es tracta d'una"
", hi va haver una trobada gegantera que fou la conclusió de la desfilada pels carrers del nucli antic. La festa es va amanir amb una audició de la cobla La Principal de Banyoles a les 10 de la nit, a la plaça Major. Treball garantit La societat ha d'","trobada, que ha començat a 2/4 de 2 del migdia, s'han pogut degustar calçots de Casa Ametller (se n'han cuit més de 5.000) amanits amb la salsa especial per a calçotades de l'empresa Ferrer, d'origen solsoní ubicada a Santpedor. Es tracta d'una"
"adjunta de Formació Vial, Marta Carrera, en filtrar-se una gravació que la vincula a una suposada martingala per amanir el concurs públic d'adjudicació dels cursos per recuperar els punts del carnet retirats. Endesa renova dispositius","vestits de samarretes de picapedrer, de senyores Carmetes dures com pinyols d'oliva, de tarambanes i estripaqüentos amanits amb pebre del país i amb una carxofa tendra al trau de l'americana. Molts anys després, quan jo em passava setmanes a"
"de lubricant sexual. És clar, era Mozart, serveix per això, com Ravel. El concert anava d'allò més bé i per acabar-ho d' amanir , a la mitja part els van oferir una copa de cava. El senyor dels cabells esbullats i la senyora del collaret de perles van","regalarà dos tiquets pel sopar. La festa començarà a les 19:30h de la tarda i finalitzarà amb un sopar a base de tomàquets amanits , pa i botifarra i postre. Es poden comprar els tiquets per 5 € a Foto Isidre, fins al proper divendres 29 de juliol. La"
"-literal!, literal!- sobre els líders d'aquests dos partits per apropiació d'afectacions) són mers entremesos per amanir l'espera. El titular del diari conservador és ""Rajoy dóna per fallida la seva investidura i demana responsabilitat","petits o posar-hi el tall sencer a sobre. Prepareu una vinagreta amb oli, mostassa, vinagre i un raig de llimona. Amaniu l'amanida. La barra 'citizen' i culer Aficions unides 8 Seguidors del Barça i del City comenten l'actualitat"
"obrer i dels barris marginals contra la pèrfida 'Barcelona burgesa'"", (...) ""amb una mica de Serrat i Gimferrer per amanir el discurset"". Es veu que a ella li fan més el pes Llach i Martí Pol... Sobre gustos no hi ha disputes . Però, estimada Pilar","d'espinacs, grans, i les posa ben planes sobre paper de forn, que tot seguit col·loca damunt d'una safata de forn. Ho amaneix amb oli i sal, ho cou a 190o durant un minut. Un cop cuit, ho retira del forn i posa damunt de cada fulla d'espinac la barreja"
"porteria, el tècnic li va posar al davant una defensa totalment inèdita, va desmuntar el centre del camp habitual i ho va amanir tot posant un altre debutant al camp, Paco Alcácer. Aquest diumenge, a Balaídos, el dia en què el Barça no podia disposar","per fruites d'estiu com la síndria, el meló, les maduixes o el préssec. S'han de tallar en trossos petits i la barreja s' amaneix amb sucre, licor o suc de fruites. Unes postres fresc i sa per acabar amb bon gust de boca. L'ANC de Gràcia ha organtizat"
"per a adults que s'han de llegir amb una tablet i llum tènue, perquè aprofiten tots els recursos de la tecnologia per amanir el viatge: efectes de so, banda sonora, flaix, moviment de 360o, il·lustracions, etcètera. Per ara tenen nou títols","i un de vinagre. Ho aprofitem per salar la carn. Anem fent capes amb els talls, els uns sobre els altres, i cada capa l'anem amanint . No cal que siguem gaire abundants. Just un rajolí que toqui a cada tall. Quan acabem, podem posar la carn a la nevera i"
"una àvia que li diu adéu, i de la rebel·lia i les preguntes que ens fem durant la infantesa, i també és un conte dramatitzat amanit amb la fantasia més poètica i amb el consol que l'art pot guarir algunes ferides"", explica Laura Basagaña. D'altra","de Vilanova del Camí. El taller va captar l'atenció de les famílies, i els més petits van gaudir d'una tarda culinària amanint cadascun, segons les seves preferències, les olives trencades. Des de GEDEN, ja havien tingut cura de trencar-les i"
", que pretén defensar el seu títol de l'any passat davant Ralf Kellermann i Silvia Neid. El lliurament de premis estarà amanit per la presència de reconeguts artistes internacionals com Laura Pausini, James Blunt i Amy MacDonald. El Mundial del","com un iogurt natural i un de grec), o entre aliments que es mengen en el mateix moment (com cereals i croissants). ""Ningú amaneix una amanida amb coca-cola, així que no té sentit comparar-la amb l'oli. Són algoritmes diferents"", explica Jordi"
"anava de presó o no. Ara cal lloar el poder i la condemna, per a tot professional de la cultura, és l'ostracisme, sovint amanit del ""repudio"" a la cubana, com abans existí a la soviètica i a la maoista. Causen autèntiques tortures mentals,","és una eina per comparar, però dins d'un context on els aliments pertanyin al mateix moment de consum (ningú amaneix una amanida amb un refresc), a la mateixa quantitat (no amanim l'amanida amb 100 ml d'oli), al mateix tipus de producte ("
"Chesapik, sumant els mateixos ingredients que tan bons resultats els hi van donar: reggae, rock i un pop delirant, amanit amb una posada en escena divertida i vibrant. Un disc que ha estat cuinat a foc lent en els estudis de Soonic Estudi i Music",". La botifarra o bull de fetge es fa amb carn, cansalada i trossos de fetge; és, per tant, una mena de botifarra blanca. S' amaneix amb sal i pebre. Hi ha una varietat, pròpia de la Garrotxa, que du all i julivert, un perfum interessant que impregna"
"són homes i dones contemporanis amb les pors, els anhels i les contradiccions que els són propis. Tot això, amanit amb unes gotes de glamur en la posada en escena. En els ballets de Maillot, els protagonistes (a la primera funció al","que es desconeguin els valors reals del que suposa cuinar amb oli d'oliva. És cert que s'utilitza àmpliament per amanir les amanides, però no sempre s'utilitza per a la resta dels plats que es cuinen. Per això a continuació veurem cinc"
"Chesapik, sumant els mateixos ingredients que tan bons resultats els hi van donar: reggae, rock i un pop delirant, amanit amb una posada en escena divertida i vibrant. Un disc que ha estat cuinat a foc lent en els estudis de Soonic Estudi i Music","esdeveniment ocorre a l'hivern, que és quan l'escarola està en esplendor. Així doncs, es fa un romesco amb el qual s' amaneix aquesta amanida d'escarola on s'hi apleguen els ingredients del temps de l'hivern, les anxoves dessalades que es van"
"i revistes de moda dels anys cinquanta i seixanta, pel·lícules de vampirs i anuncis de cosmètics, tot ben amanit amb ranxeres i amb un resultat tan interessant com divertit. Ser fill d'un famós filòsof català i d'una psicoanalista","a un altre futurible 'hit' de l'Adobo: el tàrtar de culatí de vaca rossa gallega amb 50 dies de repòs, tallat a ganivet i amanit només amb sal, pebre i rovell. A un costat, un petit bol amb espècies morunes per amenitzar al gust. Compte perquè, sense"
"any, divendres s'hi farà un sopar a càrrec dels restaurants Cau Faluga, Sambucus, Torres Petit i El Morter, tot plegat amanit amb els ritmes de la formació Music Dessert. Amb tot, però, també hi ha plats que s'han tret de la carta. És el cas de les",", també correspongui que es faci ""pel poble"". Botifarra esparracada amb pèsols La puresa d'un plat de pèsols amb un amanit subtil. Com més bons són els pèsols, més greu sap disfressar-los. El seu posat modest demana quasi preguntar-los-hi de"
"gemec o queixa per les condicions democràtiques, el mandat democràtic o el valor democràtic. O qualsevol substantiu amanit de democratisme que li afegim"". ""El N9N podrà ser una costellada, però ells ens trauran les mitjanes. Podrà ser una fira","refrescant per obrir l'apetit. La carn de les nespres és dolça però insípida, i es presta amb devoció a qualsevol salsa o amanit . La seva arribada primerenca, abans de les cireres i de qualsevol altre fruita, fa que les mengem amb una il·lusió"
"telenotícies. I així que els periodistes han tocat pirandó per oferir l'enèsima versió del mateix afer de cada dia, amanit com déu els dóna a entendre i disfressar el mateix missatge, la vella política gira cua i passa a fer reunions en palaus de","Un bàsic més a la nostra cuina. La salsa Alfredo és una salsa per amanir pastes. A Itàlia originalment contenia simplement formatge parmesà i mantega, mentre que a la gastronomia italoamericana, a més d'aquests ingredients, s'hi sol afegir roux o crema de llet. "
"organitza l'esdeveniment. Els esportistes van passejar la torxa pels carrers cèntrics de la vila, un acte popular amanit per la colla de geganters de Calella i amb la presència com a ambaixador del subcampió olímpic Jordi Llopart. Els Jocs","Amanir un plat d’amanida té més misteri del que pot arribar a semblar a simple vista. I és que no tot s’hi val a l’hora d’afegir els productes per donar una mica de gust a l’enciam, el tomàquet o l’escarola."
"fets realistes narrats. Al llarg de la cinquantena d'històries hi trobareu un xic de sal i un pensament de pebre. Tot ben amanit amb la visió comprensiva i poètica de l'autora. agenda d'autor / j.b Un objectiu tan clar com necessari: mostrar,","Ja, per últim, el que queda és amanir l'amanida, afegint les quantitats que es vulgui de sal, orenga, oli d'oliva i vinagre. Després, cal barrejar-ho tot bé i degustar aquest exquisit i tradicional plat grec. "
"anteriors i va sorprendre amb una versió de What's going on que va cantar abraçada al seu fan Sergi. El conjunt va quedar amanit amb potents cops de teatre com ara quan, en un lateral de l'escenari, es va despullar i es va canviar de vestuari ajudada","la idea ha sigut amanir, adobar i marinar aquest plat principal, que és l’amor, per a condimentar-lo i escabetxar-lo si fa falta"
. Acaba el 2014 i s'acosta un nou cicle electoral d'enorme transcendència en tots els nivells de govern. El cicle ve amanit amb unes més que probables eleccions autonòmiques (referendàries?) a Catalunya -que sí que són segures en altres,"També es pot amanir amb un raig de suc de llimona o es pot optar per menjar una fruita per postres que contingui força vitamina C com la taronja, la mandarina, els maduixots i, si no n’és el temps, sempre hi haurà kiwis."
"de la corrupció Jorge Zepeda Patterson (Mazatlán, Sinaloa, 1952) ha guanyat el premi Planeta amb un thriller polític amanit de corrupció, sexe i violència. La cartografia és la d'un planeta global, encara que focalitzat en Mèxic i en Espanya,",Podeu canviar les verdures fresques crues o afegir-ne d’altres. També podeu triar si ho voleu amanir amb una vinagreta com la que es proposa o només amb sal i oli.
", arrambats contra les tanques de BSM i esgarrapant les botes de Reed, d'un repertori de festa major i de l'era ""New York"" amanit amb temes un xic foscos dels vuitanta, que va tancar amb ""Walk on the Wild Side"". Inoblidable. El bonus track va venir","L'amanida és un dels plats més senzills i versàtils que hi ha, però també un dels més difícils de fer bé. I és que no n'hi ha prou amb barrejar enciam, tomàquet i ceba, sinó que cal saber triar els ingredients adequats, rentar-los correctament, tallar-los amb art i amanir-los amb equilibri."
"Pastor, professor d'IESE, o Xavier Ferrer i Cesáreo Rodríguez Aguilera, de la Universitat de Barcelona. Tot plegat, amanit amb entrevistes a Dimitris Angelis, que és filòsof i poeta grec; Irene Martin, politòloga de la Universitat Autònoma","El quart i últim pas és amanir els ingredients que hem fet servir per a la nostra amanida, tenint en compte la quantitat, el moment i el tipus d'amaniment."
"d'internet van detectar un anunci en què es demanaven nens perquè s'exhibissin sexualment en un suposat ""concurs"", amanit amb fotografies de pornografia infantil d'una menor de poca edat. Amb les dades disponibles, els experts policials de","Arguiñano recomana amanir l'amanida amb moderació, per no emmascarar el sabor dels ingredients, i amb imaginació, per donar-li un toc personal i diferent."
"Francesa i molt de la Setmana Tràgica de Barcelona, que va ser una revolució petitona però amb molt fonament"" i ho ha amanit amb notícies actuals de la premsa. Per al segon tema i el tercer ha recorregut a Jack London. Carlos Giménez (Madrid,","De la mateixa manera, aconsella amanir l'amanida just abans de servir-la, perquè no s'oxidi ni s'estovi. I amb una vinagreta casolana, que es pot fer amb oli d'oliva verge extra, vinagre, sal i pebre."
"forma de denunciar el virus sentimental que ens amenaça des de la televisió fent-los una sonora botifarra. Tot això, amanit amb unes engrunes d'ironia, un polsim de sàtira, una cullerada de paròdia i un rajolinet d'humor absurd, ho trobaran a","Per elaborar una bona amanida, amanir és fonamental. I en aquest prima l'ordre. En primer lloc, convé afegir la sal, després el vinagre i, finalment, l'oli. "
"de Barcelona el nostre bon amic Gustau Molas. Avui coneixerem el secret de 'La ""donselle"" virtuosa'. I tot plegat amanit amb bona música: 'Les corrandes a la plaça', dels Ministrils del Raval, i les sardanes 'La barca blanca' i 'Una mitja","En primer lloc, convé afegir la sal, després el vinagre i, finalment, l'oli. Cal recordar amanir l'amanida just abans de menjar-la."
". Aquesta idea estrafolària posa, segons López Bofill, Guinea Equatorial com a referència de Catalunya. I tot plegat amanit per l'absència de connexió actual entre les masses populars que s'han manifestat els Onzes de Setembre i els dirigents","Si estàs cansat d'amanir les amanides de forma tradicional, les salses poden ser una alternativa. No obstant això, la inclusió d'aquestes salses que inclouen sucres afegits, formatge, etc. acaba fent que una amanida pugui acabar sent un plat massa pesat."
"L'hem dissenyat al voltant del Llibre de la vida de Santa Teresa, n'hem escollit alguns textos autobiogràfics i els hem amanit amb peces de coetanis seus. Tenim obres dels mestres flamencs Josquin Desprez i Nicolás Gombert, i entre els espanyols","Per amanir l’amanida de col: 2 cullerades de iogurt cremós, 3 cullerades d’oli d’oliva, 1 cullerada de mostassa antiga, 2 cullerades de vinagre de poma o suc de llima, 1 cullerada de mel, un polsim de sal i pebre."
", només pensat perquè els seus aplaudeixin com babaus el líder de torn. Pur relat de la badoqueria i la mediocritat. I tot amanit amb el vell ""i tu més"" per intentar netejar la pròpia... Una rosa és una rosa No he regalat mai cap rosa a ningú, ni el dia de","Preparar una vinagreta amb oli, vinagre, sal i unes fulles de menta molt picades i amanir l’amanida. Finalment, decorar amb algunes fulles de menta petites per damunt."