Un aspecte que treballa amb brillantor Deepti Kapoor (a la imatge) és l'ambient d'excés i malbaratament que despleguen les nits boges de Nova Delhi sobre les quals presideix un Sunny Wadia que anestesia els seus conflictes filials —aquella petita reserva d'ètica que li impedeix d'heretar el tron de sang— sota una façana de playboy.,"molts anys en boca. La gran majoria de les vegades, farem l'obturació en una sola cita. En molts casos és necessari anestesiar la dent per eliminar la càries. Si la zona afectada ha arribat fins a molt aprop del nervi de la dent, s'hauran de prendre"
"Podria ser que la seva darrera interpretació del Rèquiem de Mozart o quinze anys pel món amb la companyia Trànsit Dansa l’haguessin dotat d’una habilitat imponent per a esquivar polèmiques i evidenciar el domini de la disciplina davant un públic anestesiat, però no.",criteri i els seus aparells. Aparells com ara un inhalador d'éter inventat el 1908 per Louis Ombredanne i que servia per anestesiar al pacient. O bé un enginyós sistema per efectuar transfusions de sang. Aparell per a la diftèria Un recull de tot plegat
"A Mèxic, la guerra contra el narcotràfic ha deixat un balanç de més de 250.000 assassinats i 60.000 desapareguts, i, davant d'aquestes xifres globals, no ens podem anestesiar.","histeroscòpica es realitza amb un histeroscopi quirúrgic de 10 mil·límetres que requereix de dilatació cervical, anestesiar la pacient i algunes vegades, l'ingrés hospitalari. "" Segons les conclusions del nostre estudi, l'èxit de la tècnica"
"Les xarxes i la pantalla portable ens ofereixen un entorn conversacional, un flux d’infinites ramificacions que ens manté en tensió intel·lectual permanent alhora que ens anestesia per saturació.",". Les investigacions posteriors van demostrar que, per error, s'havien creuat les preses d'oxigen i de gas anestesiant . El Comitè de Treballadors portava mesos denunciant defectes de construcció al nou hospital que, tot i no tenir ni un"
"No m’agrada imposar-me cap rutina que em porti més enllà d’alguns sofàs entre els quals corre una brisa perfecta per llegir molt, anestesiar-m’hi mitjançant el silenci i la caloreta del migdia i, això sí, menjar tot allò que a l’hivern em prohibeixo.","a dormir en cas de que ho desitji. D'aquesta manera, l'aplicació de l'anestèsia local passa desapercebuda. Un cop anestesiada la zona, no notarà cap molèstia en absolut. Fins i tot podrà aixecar-se per anar al lavabo o prendre alguna cosa si té set o"
"Quan comparem alguns dels exemples que hi apareixen ens adonem que la repressió tenia la clara vocació de “fer un escarment fort i fer-lo el més aviat possible, d’una manera expeditiva, sense entretenir-se a buscar proves”; una mesura que cercava paralitzar la societat, anestesiar-la.","amb Espanya, autonomies, temptejos federalistes) han resultat clarament infructuosos i inefectius. Només han anestesiat i han empitjorat la situació. S'ha fet evident que l'única solució és la superació d'aquesta submissió. Aconseguir"
"Anestesiats com estem per una literatura que es desconnecta de la política i que quan és política o és esquemàtica o gairebé sempre construeix marcs mentals que impugnen els consensos (i ja està bé que sigui així), a la seva novel∙la Fernando Aramburu, al contrari, ha apostat per convidar el lector i una societat a fer un autèntic exercici de civisme taumatúrgic.","experts en aquesta tècnica ho van fer moltes hores en persones que no tenien cap malaltia mental i ni tan sols estaven anestesiats . Tot i així, vull pensar que els científics que s'impliquen d'aquesta manera en aquestes causes contràries a l'ésser"
"Una ciutat anestesiada pel record d’allò que va ser, sepultada per la voluntat de l’olimpisme, silenciada per la sobreprotecció, assenyalada per la subvenció partidista.","era molt dur i que si us plau no em deixes claudicar només pel cansament. Que no volia demanar anar a l'hospital per a que m' anestesiessin només perquè estava cansada, que era capaç de fer-ho i sabia que en el fons ho estava desitjant. El pobre devia sentir una"
"Grau ha escrit una novel·la psicològica, molt treballada, però repetitiva i avorrida perquè tots els homes semblen anestesiats emocionalment, com diu Maurici, i perquè les dones són incapaces de fer-los sortir del seu cul-de-sac, com si aquest fos l'únic objectiu de les seves vides.","una laparoscòpia? Aquest és un procediment que es realitza en hospital, utilitzant anestèsia general. Un cop anestesiada la pacient es realitza la neteja de la zona i es procedeix a fer una incisió de 12 mm en el melic. S'injecta diòxid de"
"La mort, dins d'aquest dispositiu, només és una imatge brutal i llunyana alhora, evanescent i insistent, repetitiva i anestesiant . Banalitzant la mort, la nostra època la nega, la torna insignificant, gairebé inútil. Ja no té el significat d'un","perifèrics o tronculars, en què l'anestèsic s'administra al voltant dels nervis que innerven la zona que es vol anestesiar . Blocatges neuroaxials . Aquesta tècnica anestèsica és la més utilitzada en obstetrícia des de fa 20 anys. Actua"
"nostre amic Baixauli. Perquè compartim tot el que diu, sent i proclama. I des de casa nostra, al sud d'aquest Principat anestesiat , també hem d'entendre que ens cal reaccionar. MANIFEST PERSONAL Els qui em coneixen saben que deteste el carnaval de la","la placenta manualment, posant la mà a l'úter i netejant-lo amb una gasa; per dur a terme aquesta operació, caldrà anestesiar i administrar antibiòtics a la dona. Atonia uterina . Després del deslliurament, l'úter es contrau fortament i es"
"la meva droga... Després de fer esport intens, encara que sapigui que al dai següent no em podré ni mouré, em senti feliç i anestesiada , a mi no em fan falta ni els cigarrets, ni els porros, per relaxar-me, ni que em facin un massatge...(bé tampoc estaria","(UB) L'oïda és el primer òrgan sensorial que es desenvolupa i mai deixa de funcionar, encara que estiguem dormint o anestesiats . El nostre cervell és capaç de percebre i analitzar els diferents sons que ens envolten, som capaços de distingir i"
"nous, reptes que m'obliguessin a despertar la meva ment cada vegada més letàrgica. Sóc un Peter Pan i em resisteixo ser anestesiat , a caure en les xarxes del que ""és"". Ara que estic convençut que la màgia existeix, vull deixar de ser un usuari ras del",la fecundació in vitro) per a l'extracció dels òvuls la pacient se sotmetrà a sedació conscient perquè sense estar anestesiada no percebi dolor. Són tècniques ambulatòries. Quina disponibilitat horària i de descans exigeixen aquests
"frase que em va sortir fa uns mesos passejant per la muntanya: Vivim intel·lectualment segrestats, emocionalment anestesiats i físicament intoxicats. O sigui, que he vingut a Londres per alliberar-me intel·lectualment, despertar-me",es fa una punció a l'esquena a nivell lumbar amb una agulla molt fina i s'hi infiltra un anestèsic local. Quan la pell està anestesiada s'hi introdueix una agulla més gran i a través d'aquesta s'introdueix un tub fi o catèter al canal raquidi per fora de les
"i diversitat, la riquesa de fronts on treballar per causes justes, la meravella de saber que no tothom té el cervell anestesiat per la riquesa, el guany a qualsevol preu, la violència en tot i per tot, la velocitat, el futbol, els anuncis, el culte al","generalment amb anestèsia espinal o epidural , la qual cosa permet que la mare estigui desperta durant el part, però anestesiada des del pit a les cames. Aquesta anestèsia no calma al bebè, i la mare pot sentir i veure el seu bebè. L'anestèsia general"
"perquè no emprenyin ni reclamin. i això dóna vots, ja s'ha vist. si no no ho farien. desgraciada democràcia que ens anestesia a tots i ens afebleix les nostres reivindicacions. després del 10-j, han mogut alguna fitxa? creieuque els governants",es realitza sota sedació encara que depèn en moltes circumstàncies. No significa que vostè va a estar totalment anestesiat com si fos una intervenció quirúrgica sinó que l'anestesista li aplicarà un tractament de sedació per eliminar el
del tema és que ens va deixar en mans d'un mestre socialista que fa publicitat del xampany francès mentre t'intenta anestesiar . I això en una ràdio pública a la qual tots hi contribuïm! Mentrestant el Gaspar es dedica a reflexionar a altes hores de,"molèsties i per prevenir qualsevol efecte advers causat per l'anestèsia local. Les àrees donant i receptora són anestesiades localment per evitar la sensació de dolor i coïssor, i per prevenir l'edema (inflamació) postoperatori. Àrea donant ("
", ens parla una mica de les injustícies que veiem cada dia per la televisió, la ciutadania, la societat està vacunada i anestesiada contra aquestes injustícies? Lot Tortajada: Sí, aquest era l'objectiu de la lletra. Neix d'un moment d'autocrítica."," anestèsia que són increïblement efectives. A més la punxada es fa amb una agulla tan prima que gairebé ni es nota. Un cop anestesiats els teixits, la sensació de dolor és inexistent. En quant al pressupost, com he d'abonar-lo? El més habitual és anar"
"la de molts. Quan la va escriure, Benet i Jornet parlava de la més pura actualitat d'una societat –sobretot d'un jovent– anestesiada per la manca d'expectatives i bloquejada per una situació política i social sense horitzons. Avui, aquella Barcelona","desobedient. Aprofitant una ocasió que el nostre heroi va haver de sortir del laboratori per assistir a una reunió, va anestesiar un gos sa amb cloroform, li va fer un petit forat al cap, va posar en una xeringa una petita quantitat de cervell matxacat"
"atra ""cultura"" televisiva , corrosiva, manipuladora , emesa des de les grans pantalles que dominen les vides grises i anestesiades dels personatges; els ciutadans rebels i dissidents son perseguits per ""antisocials"" i els professors antisistema","una petita quantitat de cervell matxacat d'un gos que acabava de morir de ràbia, i pel forat practicat al crani del gos anestesiat va ficar l'agulla de la xeringa i lentament va injectar la mortífera substància rábica. A l'endemà, el Roux va explicar"
", acostant la informació a la propaganda o l'espectacle. Sense relat, el ciutadà perd la capacitat crítica i anestesiat , respon amb indiferència allò que veu, escolta o llegeix a través dels mitjans. Compactar la complexitat en píndoles","ha estat transformat en una patologia: ""Es medicalitza el part: programat, induït, rasurat, episiotomitzat, anestesiat i quirúrgic. Vivim al país europeu on es practiquen més cesàries. Ara s'ha impulsat una nova llei per promoure un part"
"... És com si s'hagueren proposat arrasar la cultura. Per què? Perquè és un món que pensa i que fa pensar, i això s'ha d' anestesiar com siga. També és veritat, però, que en la cultura estem acostumats a situacions difícils i que procurem reaccionar. I","involuntàriament, ...també el socialisme– és al bell mig de la ideologia liberal nord-americana. La seva funció és anestesiar i desviar l'atenció dels veritables reptes i de les lluites necessàries per respondre-hi. L'estratègia """
"willy Doncs jo penso que estar molt bé el comentari, a veure si així es sacseja una mica la consciència humana, que està anestesiada . Gràcies Joan per tots els teus comentaris i tots els valors que aportes en cada dia pas a pas... Durant el passat mes d'","̈ però a la vegada amb acidesa pel maridatge, ja estem una mica cansats de vins amb tanta extracció que et deixen la boca anestesiada . Trasvasat que no decantat. I una altra cosa important és que vàrem partir el primer plat (canelons de foie) i els"
"que amb coherència et durant a Ítaca. Siguem responsables, siguem conseqüents. El món en el que vivim es troba adormit, anestesiat , i avui ja no es tracta de ser perdonats perquè no sabem el que fem, avui no volem saber-ho i això és pitjor que no saber-ho.","anys dels que pensem que tot això eren uns desafiaments colossals. Com deuria ser, doncs, a l'època de Marc Aureli ? L' anestesiaven ? I com tallaven les varius? En què consistia l'operació? I com estroncaven l'hemorràgia? Gràcies Pere, feia temp que"
"de nom, sinó de model social. Si no volen saber res del terme País és perquè volen continuar governant una societat anestesiada , sense identitat ni consciència. Ser Comunitat no és ser res, ser País és buscar lligams comuns i a això tenen pànic Hola",", atès que cadascuna d'elles té les seves indicacions. El procediment quirúrgic bàsicament consisteix a anestesiar la zona a operar, tallar amb bisturí la geniva fent una incisió propera al coll de la dent, separar la geniva de la dent i de"
"furgo, ja que els centenars de trastos que porta són la base de la seva funció, que va despertar durant alguns minuts els anestesiats usuaris de les termes. Ens vam acomiadar del Gaston i dels seus trastos a San José, amb un somriure i moltes annècdotes,","donant regeneri totalment el teixit que ha donat. Habitualment la zona donant sol ser el paladar. El procediment és: s' anestesia la zona a operar, es prepara un jaç en la zona que rebrà l'empelt, i es col·loca la geniva extreta del paladar. Se sutura"
"trobat...no t'abandonis als egoismes del cos, ni del diner, ni del poder! Estigues VIU, no caiguem en el perill de viure anestesiats i morts en vida! Caram amb els consells d'en Gandhi, no? La troballa d'avui: un homenatge ben merescut, a una persona que",del control pre i postoperatori dels pacients quirúrgics o aquells que per qualsevol motiu han de ser sedats o anestesiats . El personal responsable de la hospitalització està familiaritzat amb tècniques tals com: Calonge és un municipi amb
que ens tornin a deixar on estem. L'Assemblea Nacional Catalana ha aconseguit que els que teníem la ràbia anestesiada per la magnitud de la desconfiança sobre la situació i els partits ens tornem a mobilitzar per ajudar a empentar.,"UAB) i les de Biologia, Medicina, Farmàcia i Psicologia de la Universitat de Barcelona (UB). Tot i que els animals estan anestesiats mentre duren les vivisseccions, i acabades aquestes se'ls aplica l'eutanàsia (asfíxia amb anhídrid carbònic), hi ha"
"del papa Francesc, que demana justícia i atenció als més pobres!! I és que el nostre Déu, no és un Déu que ens deixa anestesiats , resignats o adormits!! El Déu dels cristians és un Déu que ens demana un compromís a favor de la justícia i de la dignitat","conseqüent acte quirúrgic. L ́animal romandrà amb dejuni de 12 hores de líquids i sòlids per poder ser sedat, preparat i anestesiat posteriorment. Post-operatori L'animal que ha sigut intervingut romandrà a la clínica de 6 o 8 hores de control on serà"
"n'ocupem cap... – potser encara ens en podríem sortir! Preferim despertar-nos i fer camí? O preferim seguir dormint, anestesiats , avançant cap el no-res, morint d'èxit i amb un somriure beatífic als llavis, tot somniant que encara som aquella",", insuficients comparats amb els 148 que durava aquella tortura alimentada per un fil espès i pesat, però almenys em van anestesiar una mica, el dolor no semblava tant. Si en l'anterior érem davant de l'abisme, en aquesta hem fet un pas endavant,"
"les formes de civilit zació estantices i desfigurades que li venen arnb qué ehl arriba a substituir-se, només valen per anestesiar la seva ánima i peffer li una vida tarnbé estantiça i opaca. Els apaga per complert i esdevenen apa riencies d'home, com","el fetus al ventre de la mare amb la finalitat de desobstruir la tràquea i evitar la mort fetal. Els especialistes van anestesiar el fetus, el van col•locar en una posició adequada, i llavors van introduir un fetoscopi -endoscopi especial de"
"és el principi que han posat en pràctica les oligarquies nacionalistes,catalana i/o espanyola,per tenir a les masses anestesiades i continuar destruint les bases de l'Estat democràtic que garanteix la cohessió social que s'està perdent ràpidament","? ¿Qui podria introduir-se a la black-box del meu cervell i tocar aquella tecla crucial? ¿Què cal fer? ¿Medicació? ¿ Anestesiem el cervell? ¿Fem una intoxicació preventiva de les neurones per si de cas? Els peus, els camins, els canyars, els núvols"
"això, perduda en un munt de paraules sense sentit que em condueixen a un bogeria sense fi, una bogeria dolça, complaent, anestesiant . Una bogeria que m'allibera de tot això tan imperfecte que hi ha al meu voltant, una bogeria que trobo més real que tot","dins les seves presses i cabòries. Aquest vailet de pantalons curts i genolls pelats pren el control quan olors i sabors anestesien el dolor de la ceguesa de fer-se gran. L'estiu s'acomiada de Can Boix, les tempestes d'estiu avancen per sobre les"
de bon rotllo adequat a la teva cultura particular. El neguit que a tots ens pot generar el saber que hem de morir l' anestesien amb les seves creences i ataquen ferotgement qualsevol idea que faci trontollar les fantasies promeses per després de,"i intervencions. Concretament, tot i no tenir la titulació, Ferrer va tallar-li una pròtesi que portava posada, va anestesiar-la , li va manipular els implants que portava i, fins i tot, li va trencar el cargol d'un dels implants i el va deixar"
fan tot el contrari: desinformar enlloc d'informar i manipular enlloc de construir coneixement. Així aconsegueixen anestesiar a la població mancant-la d'esperit crític. No es casualitat que el sou mitjà dels periodistes estigui per sota dels,per tal d'elevar-la i disminuir-la. La tècnica és indolora donat que abans de dur-la a terme la zona a tractar és anestesiada amb una crema aplicada tòpicament. Existeixen diferents tipus d'aquesta substància. Donat que cada zona de la pell és
"audiències, el més rellevant de Deforme Semanal és la seva pertinència, la necessitat d'arraconar el llenguatge anestesiat per dirigir un humor incitant cap a qualsevol tema, incloent-hi el reggaeton, un estil que va rebre una arremesa tan","ràpida i més precisa. La lipoescultura es realitza introduint sota la pell una solució que ajuda a dissoldre el greix i anestesiar la zona. Després s'introduïx una cànula molt fina amb un làser en l'extrem, que va liquant els adipocits. La deixalla"
"locals juguen amb un desavantatge: han de fer un poble competitiu dins del seu radi d'acció amb una societat molt anestesiada , poc donada a les reivindicacions, als canvis radicals. Però bé, partim d'eixa situació. Benissa no ha de canviar res.","preguntes- es troba amb un reguitzell d'interpel·lacions de clàssic perfil didàctic: ""¿Per què aconsellem calmar o anestesiar els animals per a certs procediments?"" ""M'he trobat un ocell (o un altre animal salvatge) ferit. ¿Què he de fer?"" ""¿Com"
"instant, donant-te el vertigen d'allò desconegut, que infringeix les normes i les regles amb les que vius encalaixat i anestesiat . Tinc seriosos dubtes de que arribis realment a tenir una mirada nova, amable lector. Aquestes pàgines, podran, així","tot el que li han de fer al peluix per curar-lo. Pas per pas. El de la cirurgia, també. Incloent-hi la mascareta per anestesiar el peluix o la punxada al braç per posar-hi la via. ""Sabem que com més ansietat més llarg és el procés de recuperació i més"
"que prefereixen estalviar en televisió abans que tancar col·legis o hospitals. Una excusa grollera per a una societat anestesiada , cofoia d'haver-se conegut. És la metàfora perfecta per descriure la nostra societat. Res no ens fa mal. Ho permetem","del part. Uns mesos abans, havia entrat al quiròfan i, amb anestèsia general, li va ser extirpat el tumor del pit. ""Em van anestesiar i el fetus es va adormir amb mi. Fins ara, no tenim constància que l'anestèsia l'afectés"", diu la mare. Madonna es"
"a la vida. El discurs, com la democràcia, s'afebleix, les discussions es banalitzen, l'ànsia de llibertat s'adorm anestesiada per les comoditats. Ens cal sortir de l'esbalaïment que ens paralitza, donar la crisi per assumida i començar a refer","que consisteix en la introducció d'agulles molt fines en determinats punts del cos humà per a alleujar dolors, anestesiar determinades zones i curar certes malalties"". Així doncs, el que pretén aquesta cita és sanar d'alguna manera aquells"
", ni una via per tranquil•litzat consciències. Més aviat en despertarà les que encara estiguin complagudes de viure anestesiades . I ho farà amb el rigor dels seus arguments, amb l'exhaustivitat de les seves dades, i molt especialment perquè qui l'",del programa de preservació es va decidir intervindre. El procediment és l'habitual en aquests casos i requereix anestesiar la mare per a separar-la de la cria morta i atendre l'altra. Es va comprovar que la mare tenia llet i que la cria mamava amb
", ""aliada fiel de la derechona nazicatalana"" per a destruir el nostre Regne . El genocidi cultural perpetrat contra el anestesiat Poble Valencià es chicotet al costat de Hitler. El ""blaverisme"" es un atre tocomocho inventat per el nazi incult Prat de","aquests animals en l'aquari van descobrir la ""terrible anomalia"", els veterinaris van actuar ""immediatament"" per a anestesiar l'animal i retornar la bossa al seu lloc, la qual cosa va requerir quasi de microcirutgia amb lupes especials per a"
"jo anomenava ""coses gais"" i que els altres anomenaven ""ambient"". Però tenia por, un terror atroç i incontrolable que anestesiava temeràriament amb dosis escandaloses de cervesa i de tequila. I així vaig aconseguir fer les meves primeres coses gais","al qual apuntaven les imatges cerebrals era, efectivament, la clau de la consciència. Així que es va tornar a anestesiar els subjectes de l'estudi (i es va anul·lar, per tant, de manera forçada la seva consciència) i se'ls van aplicar"
"poder, la clau del nostre poder ve de la capacitat d'opció. Per tant és molt important no trobar-nos esclavitzats, anestesiats per una ment com un autòmat que ha perdut el nord i la direcció. Dins de la psicopatologia més habitual dels caminants de","explicar-la en relació amb algun objecte o causa. Aquesta angoixa no és només un trastorn que cal tractar, i ja no diguem anestesiar amb medicaments. Cal reconèixer-la, donar-li forma i convertir-la en un vehicle d'alliberament. No dic que sigui"
""". La desacceleració és la paraula que defineix Real Estate, el pop psicodèlic dels quals colinda amb el surf pop anestesiat i l'ambient, ja que els passatges instrumentals i atmosfèrics de Real Estate juguen un paper importantíssim a les","i, a finals de maig, el vam veure al seu tanc i vam detectar que li sortien les vísceres per fora. El vam capturar, el vam anestesiar i, amb una lupa, vam veure que tenia dos forats en comptes d'un. En una primera intervenció el que vam fer va ser"
"populars i combatives contra el capital baix de la caspa de la carpa i el casal privat corre el magma dels que no estem anestesiats rodant les falles, cremant rotondes orondes falleros àcrates, pagans i autogestionats [Pa Lao] no som d'anar a ofrena","en les seves visites durant diversos dies. Vam anar a tractar un toro que tenia pneumònia, a vacunar vedells, a anestesiar gats, a posar sondes a gossos. Em vaig fer una idea de la varietat de la seva feina i em van ensenyar els gestos que havia de"
", madures i la teva vida agafa un altre rumb. En aquest moment pots decidir començar una nova relació amorosa. No podem anestesiar-nos davant el dolor de la vida sense anestesiar-nos també davant del plaer de la vida (Stephen Gullo i Connie Church). Si","d'aleshores volia que fes treballs que no requerissin gran esforç intel·lectual, i em donava una medicació que m' anestesiava el cervell. Quan li mostrava les meves creacions poètiques, les infravalorava tot dient que no hi havia res meu, que tot"
"aquest moment pots decidir començar una nova relació amorosa. No podem anestesiar-nos davant el dolor de la vida sense anestesiar-nos també davant del plaer de la vida (Stephen Gullo i Connie Church). Si sents que estàs atrapat/ada en una fase, si sents",", la cirurgia de cataractes es feia sota anestèsia regional, és a dir, a través d'una injecció a prop de l'ull que l' anestesiava completament. Actualment la cirurgia la fem en la majoria de casos sota anestèsia tòpica, en forma de col·liri"
"voraç amb àmplies capacitats artístiques, entre escriure i pintar es decideix per la pintura . Fustigador de ments anestesiades , la seva actitud crítica i provocadora el convertí en un agent de la transformació. Els joves que llavors inquiets","l'embolcall llanut a Chris, nom amb què ha sigut batejada l'ovella 'gegant' de Canberra. Per a l'operació l'oví va ser anestesiat . Chris va ser trobada a prop del santuari Mulligans Flat Woodland, als afores de Canberra, per uns vianants, que temien"
"i ens atorga amplitud per tal de mirar cara a cara qualsevol emoció, i per tant, per mirar-nos a nosaltres mateixos. "" Anestesiar "" les emocions incòmodes sembla que ens ajuda, però ho fa únicament durant una estona, perquè si no els donem cabuda,","perquè arribin en estat òptim a l'operació. -¿Fins a quin punt és segur sotmetre's ara a una anestèsia? -Ser anestesiat en un hospital és tan segur com pujar a un avió. Molts pacients m'ho pregunten, i jo els dic: ¿Quin és el mitjà de locomoció"
"operadores de mòbils, els virus informàtics i els contractes laborals temporals. Aquest món d'ignorants i societat anestesiada , ¿no és aquell mateix des del qual mirem amb suficiència l'època fosca, endarrerida, en què la Inquisició cremava","la temeritat de muntar-la i la seva cara era un mapamundi. L'anestèsia en el meu peu el va fer callar. Un cop mig hospital anestesiat , la Cristina va cosir-me, set punts, set grapes, llavors em va em?benar el peu. (Al cap d'una setmana me'l desembenà amb"
"no existíx. Lo que si occurix es que el PP, seguint el fil del PSOE, en aixó son igualets, s ́ha encarregat de silenciar, anestesiar , tot lo que siga valencià, valencianisme, sentiments dels que se va aprofitar en temps passat per a pujarse a la burra","d'un exemplar jove als voltants de l'ermita de Can Roure, al municipi de Matadepera (Vallès Occidental). L'animal, anestesiat perquè no patís gens i cobert amb una manta tèrmica que el protegia del fred, va ser sotmès a una exploració veterinària,"
"de Nova York tots volen montar empreses, els de Barcelona volen ser funcionaris. Comenta que la socialdemocràcia ha anestesiat a la societat. Josep M.P. – Sóc pintor no subvencionat, i exporto les meves obres a fora . XSiM responent a les propostes","acostar-se amb la mascareta anestèsica. També han reduït la repetició de proves fallides. ""Un nen que s'adorm anestesiat sense ansietat ni agitació, no patirà alteracions del son o l'alimentació al despertar-se"", adverteix David Ribera ("
ocultar la impotència per a combatre les causes polítiques reals que embastardeixen progressivament l'idioma i que anestesien la reacció d'una població davant la difusió massiva d'un llenguatge i d'una cultura castellanitzats (,"prostrats, que no és la que em correspondria com a acabat d'operar, però és que l'altra estava, és clar, plena. Operat? Anestesiat ? No hauran aprofitat per dur a terme en la meva immaculada pell l'última performance que s'ha posat de moda? Em giro"
ocultar la impotència per a combatre les causes polítiques reals que embastardeixen progressivament l'idioma i que anestesien la reacció d'una població davant la difusió massiva d'un llenguatge i d'una cultura castellanitzats (,"de Trasplantaments rep els cirurgians de Barcelona a la porta d'Urgències, el donant és al quiròfan, cobert de iode i anestesiat . Un zelador ajuda amb el material específic que han portat mentre es canvien, a corre-cuita, al vestidor abans d'"
", que tothom foti el que li doni la gana amb el mercat. D'entrada no discrepo amb aquest principi. Amb la societat anestesiada d'avui en dia, que tothom fotés el que li donés la gana seria un revulsiu indiscutible, fins i tot a costa d'anar trobant","intervenció tradicional, els especialistes deterioren la proteïna que provoca la lesió. El pacient entra a quiròfan anestesiat completament i, mitjançant un sistema robòtic d'assistència, se li fa una incisió d'uns dos mil·límetres -com a màxim"
"i el començament de [...] Enllaços La feina o la vida Els meus pares venien d'un silenci antic i molt llarg. Els havien anestesiat la consciència política i les ganes de parlar alt i clar. No els sabia cap greu dur la boca tancada: eren ells, els altres,","seves novel·les, afirma el diari 'Mainichi Shimbun' citant fonts policials. El piròman està a l'hospital i ha sigut anestesiat per atenuar el dolor de les cremades. La policia encara no ha pogut provar la certesa d'aquest plagi i tampoc sembla que,"
més de vida als llavis de la bellesa Ens travessen els trens de la indiferència com a aterroridores girades fosques anestesiant-nos la consciència desviant del camí lacti els universos esdevenidors El degoteig de l'ànima es torna pluja domesticada,"és la novena en el que va d'any, però ""no sempre son vaques"" ha reconegut el cos. El trasllat de l'animal, que ha estat anestesiat , no ha trigat més d'una hora. ""Ha anat tot perfecte, l'hem deixada a Arans, en un prat on hi havia el vaquer"" han confirmat"
", evidentment no. No tenim veu en Madrid, ni en el Congrés, ni en el Senat. El PP s ́ha dedicat sempre a comprar, alquilar i a anestesiar el valencianisme per a que no prosperara ningun partit polític valencianista i s ́ha aprofitat dels sinverguenses,","amb dos cargols per davant de l'espatlla. Aquest és el cinturó de seguretat. Aquesta intervenció es va fer amb Márquez anestesiat , però assegut a la taula d'operacions. Alberto Puig, 'team manager' de l'equip campió Repsol Honda, va reconèixer que"
"qui m ́havien convidat m ́han aconsellat que canviara de tema, que no pertocava. No se pot dir que el PP compra, arrenda o anestesia el valencianisme. Es dir, que ni menjen, ni nos dixen menjar. Ni son valencianistes, ni nos dixen ser valencianistes.","que hi havia aquesta possibilitat i per descomptat que vaig dir que sí, que estaria amb el meu fill fins que estigués anestesiat . En un hospital, les mares ens sentim una mica inútils perquè no hi podem fer res. Però el que sí que podem fer és"
". Encara que a dia d'avui el que mes l'agradaria al President de la ""Gene"" i el seu equip de govern es adormir i anestesiar aquest sentiment rupturista, l'únic que estan aconseguint amb les seves mentides i la seva política que ja vam patir","el vídeo més vist de la plataforma durant mesos. L'any 2009 trobem un altre dels virals més mítics de la història, un nen anestesiat després d'anar al dentista. El va gravar el seu pare i avui dia té més de 100_milions de reproduccions. El vídeo musical"
"i afrontar de manera valenta les dificultats des de la coherència i la sinceritat. No som infants ni ciutadans anestesiats als que cal amagar la veritat; som empresaris responsables que hem fet una aposta per crear ocupació, arriscant-nos i","van intervenir"", ha exposat. L'objectiu de tot plegat era mantenir l'economia amb vida: ""El pacient està malalt, però anestesiat , i no li fa mal"". Gortázar, al seu torn, constatava que un 20% dels negocis segueixen tancats, percentatge que fa unes"
"APD –Alarmes Personals de Dignitat– d'una immensa majoria de la societat, fins i tot, del valencià mitjà, que semblava anestesiat irremeiablement contra la infàmia i la insídia per tants anys de cinisme institucional. Potser, el fet que els dos",". Ho vaig dir quan me'l van haver de treure, que jo ja ho havia vist. El metge em va dir: ""Si ho haguessis dit allà t'hauríem anestesiat del tot."" El cas és que després de l'operació vaig estar un mes al llit, vaig anar dos mesos amb cadira de rodes, després"
"impostos directes via IRPF i indirectes que cada cop graven els articles de més necessitat, entre ells els culturals; anestesiats i ximples! Així volen a les classes populars, encara que això comprometi el progrés de la societat. Ens haurien de","altres treballadors han aconseguit allunyar el goril·la amb fum dels extintors. Després de rescatar la companya, han anestesiat l'animal amb un dard. Un equip del Samur Protecció Civil ha atès la dona, que tenia traumatismes craneoencefàlic i"
adaptar-se a aquest mercat global. El gran drama de la bombolla financera immobiliària és que ens va mantenir anestesiats d'aquest mercat que ja ens estava colpint. Anem cap a una època de volatilitat en què el ciutadà que se'n surti millor,". Quan procreen, copulen tots amb tots, la femella emmagatzema el semen i el va dosificant. Els cetacis: no poden ser anestesiats . La seva respiració és voluntària, no reflecteix com la dels mamífers, i moririen ofegats. I taurons. ""En cas de"
"- . . Això és la cultura de l'Espanyistan. Un país governants del qual només viu enganyant i anestesiant la gent amb esports i més esports. És clar, no interessa que siguin massa llestos, altrament no els votarien, el què és","tres fills varen continuar dormint mentre els robaven rellotges, mòbils i carteres. Sospiten que podrien haver estat anestesiats amb alguna substància gasosa. L'advocat d'Iñaki Urdangarin podrà cobrar el seu salari professional El jutge José"
"corte inglés ha fet molt més patent als meus ulls tot aquest discurs, aquest clamor social que fa el ramat de la societat anestesiada a les ovelles escarriades que, un dia, també combregaren amb la ponderació i el defugir les posicions extremes. Quasi a","amb gel o aigua gelada. Les espècies aquàtiques s'han de mantenir en el seu entorn natural. Els crustacis han de ser anestesiats abans de matar-los"", segons aquestes regles, que entraran en vigor al mes de març. ""El Govern helvètic també pretén"
"confusió, per no sentir la meva angoixa, però sempre hi ha moments de silenci. Fugia de mi mateix, cremant els records, anestesiant l'ànima, submergint-me en alcohol, nits de gresca... però sempre arriba el matí. Buscava nous camins, noves sendes,",", la dels anys cinquanta- una sèrie d'entitats alienígenes arriben a la terra per adormir els humans i, mentre estan anestesiats , fer-ne còpies amb uns capolls vegetals gegants i matar-los i substituir-los un a un. És una invasió silenciosa,"
"de l'ús i la vigència del nostre idioma en l'àmbit educatiu, ja podem tocar campanes a mort. Aquest País està anestesiat per uns dirigents que es neguen que se senta la llengua pròpia i no els importa insultar la intel·ligència de la",", són més senzills que els que hi ha a les UCI i permeten insuflar aire a pressió constant (i, per tant, a pacients anestesiats ) durant tres o quatre dies. El seu cost és unes 50 vegades inferior als respiradors més sofisticats. El doctor Manuel"
"avis van fer la guerra , i la van perdre. Els seus fills, nascuts en plena postguerra, van ser una generació políticament anestesiada : van créixer sense sentir parlar de política. Durant molts anys es va imposar un silenci resignat: recordar en veu alta","SARS-CoV-2. Arran d'aquesta cessió es va identificar un nou cas d'ús en perfils de pacients aguts, intubats i anestesiats i, per tant, amb una dependència temporal. Aquest fet ha portat a ampliar l'estudi, que no només es farà en l'àmbit"
"per idioma. Eren els temps de la ""Batalla de Valencia"", aquells en que el poble valencià, el valencianisme, no estava anestesiat per el PP. Fernando Millán -¿on està la memòria històrica?- era destacat concejal de l ́Ajuntament socialiste de",", fundada fa uns dotze anys a Tel-Aviv, ha desenvolupat un sistema capaç de mesurar el dolor que senten els pacients anestesiats en un quiròfan. Ho aconsegueix col·locant un petit aparell al dit que registra dades fisiològiques que es"
"de rigor. Quan ell surt a fora és matinada. Motors de calderes. S'ha apagat la set de desert. Per Surry Hills baixa anestesiat . A casa seva, obre i es tanca. Només en un vidre hi veu moviment: arnes que s ́hi esclafen cegues de llum blava. L'Handbol","deixa l'estat de consciència i s'arriba a la inconsciència. Els metges han estudiat 21 voluntaris sans, que van ser anestesiats amb propofol i que, mentre se'ls administrava aquest fàrmac, havien de prémer cada dos segons un sensor, fet que"
"econòmica ie l centre financer de Sud-amèrica estigui situat avui a Madrid. Mentrestant, els catalans hem badat. Anestesiats per la política del ""peix al cove"" i del ""ara no toca"" de l'expresident Pujol, hem arribat a un camí sense sortida.","quiròfan durant els parts per cesària, sempre que siguin programades i no hi hagi cap complicació. Un cop la dona ja està anestesiada , l'acompanyant pot posar-se al seu costat i estar present durant tota la intervenció fins que els metges posen el nadó"
"país no és gens normal! Hi passen coses molt estranyes! I malauradament ens està afectant en molts àmbits, deixant-nos anestesiats , adormits... i com ja va dir el doctor, en estat catatònic. A vegades, em pregunto, si ja hem perdut la capacitat de","́identifiquen. Corominas precisa: ""Sobretot perquè dins del quiròfan tothom sàpiga qui és el pare"". Quan la mare està anestesiada de manera parcial, l ́acompanyant entra al quiròfan amb un vestit impermeable i estèril. El pare queda assegut, al"
"l'independentisme mori i de pas quedar davant la història com l'home que va frenar el trencament d'Espanya a base d' anestesiar els catalans amb propostes, reunions, comissions, passadissos, despatxos, trobades, festes de la rosa i apoyarés","no s'hauria tornat un mite universal"", opina el crític Gavazzeni. ""¿I si fem un Moby Dick on la balena no mor i només és anestesiada ?"", critica àcid Stefano Massini, a les pàgines del diari italià La Repubblica. ""Proposo crear un comitè de revisió de"
". Davant d'aquesta lògica, la democràcia liberal ha de controlar la por i vigilar les passions. No es tracta d' anestesiar , sinó de civilitzar. Convertir la vida política en una dialèctica d'absoluts transcendents és una regressió a","va optar per operar-la. No obstant, aquest doctor no coneixia prou l'endometriosi i es va fer enrere quan ella ja estava anestesiada i amb les incisions fetes. ""Vaig entrar amb la il·lusió de sortir sense dolor i de poder ser mare. I en vaig sortir igual"","
", una vegada se suavitza l'acalorament de la pujada, inevitablement a peu, ideal. Les condicions perfectes per anestesiar la memòria d'un lloc on encara es pot sentir el ressò d'anys de misèria, lluita i solidaritat. Primer, durant la guerra","minuts a cadascun dels seus companys perquè fessin el que trobessin convenient amb la menor, que efectivament estava anestesiada per l'alcohol. La justícia hauria de revisar de dalt a baix tota la seva conceptualització de l'alcohol i les drogues en"
"tradicional obsessionada en la seva vella lluita cultural contra l'islamisme, el preu d'aquesta coalició ha estat anestesiar el debat el públic. ""Ara mateix no hi ha oposició al Parlament. Cap partit polític és capaç d'encarnar un projecte","no és suficient. 0 Comentaris ""El dolor del meu matrimoni no el recordo, revisc les escenes, però per al dolor... estic anestesiada "", declara És curiós com sempre havia pensat que el dolor seria inoblidable. El dolor físic, vull dir. Que el record d'"
"en una bona combinació amb Lucas Vázquez, ahir lateral dret, va acabar en un remat de Benzema (m. 4). El gol servia per anestesiar la grada i per posar rumb cap a la golejada i, per descomptat, per elevar la moral del davanter francès després d'una","oïda a l'Índia. Quines nits, aquelles...! En canvi, del meu matrimoni, revisc les escenes, però per al dolor... estic anestesiada . Al dolor físic, vull dir. Perquè em posaria a plorar ara mateix només rememorant tota la resta! El fred del terra,"
local però el gol va pujar al marcador a la mitja hora de joc. Un càstig excessiu de totes totes per a un equip capaç d' anestesiar els madrilenys en els primers 30 minuts i que va saber recompondre's fins a tal punt que hauria pogut anar-se'n al,", o que mai hagi existit. Suposo que seria una biblioteca interplanetària. Una mica dorment sí que està, una mica anestesiada , com si hagués aspirat cloroform. El que passa és que es tracta d'un cloroform administrat, vull dir que no és intrínsec"
"Francesc va afirmar que els pobles indígenes han estat incompresos i exclosos de la societat i se'ls ha 'intentant anestesiar l'ànima'. En el seu missatge, el Papa ha condemnat que els indígenes hagin estat despullats de les seves terres per+","a la revista britànica The Journal of Experimental Biology. L'estudi, que es va dur a terme en rates prèviament anestesiades , va mesurar les funcions cardiovasculars dels rosegadors abans i després de ser atacats per la boa, per tal de"
"les imatges del genocidi. Ja sigui perquè, com deia Susan Sontag, la seva repetida exposició ha acabat per anestesiar la nostra mirada, o perquè són portadores d'una forta càrrega emotiva, o perquè, en definitiva, no poden resumir-se","fàcilment, li suggereixo que compti del 10 al zero. En el set ja s'ha adormit. -¿Se sap què passa en la ment de les persones anestesiades ? -En teoria estan en una situació d'hipnosi total. El monitor que traça l'electroencefalograma continu informa de l'"
"esclati una bomba diària sota els peus, la seva capacitat de no immutar-se per a res és tan contagiosa que ha aconseguit anestesiar tot un partit que ni bada boca quan els demana tranquillitat davant la corrupció, que ja es cansaran de repartir","americà. No tenia sang blava, cert, però potser tampoc el cor glaçat del Borbó, ni les seves hormones excitades (i anestesiades químicament dècades més tard). Es tractava d'un tal Allan Minor, de 13 anys, fill de l'encarregat de negocis dels EUA a"
que el seu cinema no seria còmplice d'aquesta gran fàbrica de producció d'imatges que l'únic que aconseguien era anestesiar l'espectador. La seva missió seria fer un cinema que veritablement afectés i canviés la mentalitat de les persones.,"Un cop anestesiat el ferit i col·locat damunt del suport pèlvic, hom fixa el peu al vis d'extensió i hom va progressivament augmentant aquesta, fins que la llargada del fèmur sigui igual a la de la cuixa sana, fet que comprovarem per medició des de l'espina ilíaca anterior superior fins al malèol extern, o millor amb una radioscòpia si disposem d'aparell."
"com a font de civilització, com a servei a l'ésser humà"", com digué Pilar Rahola. I és que ""el missatge cristià"", lluny d' anestesiar les consciències o de paralitzar la lluita per la justícia, és ""una poderosa eina transgressora i revolucionària"".",Fou normal i la ferida guarí per primera intenció; al cap d'un mes vam anestesiar novament el gos per tal de procedir a l'examen del camp operat.
"i la poesia per a ells era la cosa més pròxima a la llibertat. Com la llibertat no hi ha res, però un sol vers és suficient per anestesiar un segle de condemna. Ho cantava Chicho en el 'Romance del prisionero': ""Tener no me importara cárcel por fuera, si de la","Meyer, que aconsella anestesiar primerament l'animal posant-lo en una capsuleta amb una solució de 50 c."
"canvia les societats. Les protestes al carrer disminueixen perquè ja hi ha les xarxes socials que poden arribar a anestesiar ? Crec que no. He estudiat aquest fenomen a tot el món, també al Brasil i Corea. Les xarxes socials i manifestacions al","Decapitar el cargol en la forma esmentada és una cosa brutal, admissible en el laboratori però que no ha de fer-se mai en una escola on tot allò que inciti els infants a la violència ha d'ésser evitat; per tant, en la impossibilitat d'anestesiar-lo, es posa en un vas de vidre ple fins a vessar d'aigua, millor bullida o destil·lada, per tal que no hi hagi aire dissolt."
"la titularitat contra la Real Sociedad. El seu partit no va ser fluid però va ser víctima del joc de l'Espanyol. La Real va anestesiar el joc ofensiu dels blanc-i-blaus, que només van tenir una rematada a gol decisiva en la màgica acció d'Hernán Pérez. La","Les concentracions necessàries pel seu bloqueig són iguals a les necessàries per a interrompre les fibres motrius o sigui que són fàcilment anestesiades amb solucions de nicotina o de clorhidrat de nicotina al 1% i 0,5%."
"creu que la situació és diferent, ja que el Govern de Minsk no té dels recursos econòmics necessaris amb els quals va anestesiar en el passat els diaris i brots d'indignació popular. ""Estem en un moment molt diferent del que vam viure després de les","Al anestesiar zones de diferent llargària en els dos vagues, volguérem intentar de portar algun aclariment sobre la tan debatuda qüestió de la conducció de la influència nerviosa en el nervi anestesiat."
"FAES. Havia recuperat un prestigi social enfonsat quan allò de Renta Catalana"", va dir Camps en un dels seus intents d' anestesiar l'interrogatori del fiscal Emilio Sánchez Ulled. Al final, la presidenta del tribunal, la magistrada Montserrat","del gran gripau del Japó, en les quals es veu clarament que l'excitabilitat i la conductibilitat de la zona anestèsica es perden en el mateix moment sota l'acció dels anestèsics i que si en lloc d'utilitzar zones anestèsiques de 5 mm. i 10 mm. de llargada anestesien trossos de nervi que siguin més llargs que 7 mm., per exemple 10 i 20 mm., la conducció en el nervi s'interromp al mateix temps. "
"lògica. Banalització serveix a Hannah Arendt per descriure com presenten els totalitaris les seves polítiques per anestesiar i manipular les consciències dels seus servidors i ciutadans. Com Convergència i ERC amb el ""procés"". Conquerir la",Calmar l'espasme amb èters i narcòtics que anestesiïn tot l'organisme.
"la sensatesa al conjunt dels partits polítics"". Compte amb la 'síndrome del nen hiperregalat' L'excés de regals pot anestesiar la fantasia dels més petits i evitar que desenvolupin la seva creativitat, adverteixen els experts L'excés de regals",Havien d'anestesiar el reu per evitar-li el dolor durant l'aplicació de la pena capital
". I és que, solen creure que és natural i té un ús terapèutic, fet que podria explicar que ho vegin com una forma d'"" anestesiar "" i ""regular les seves emocions"". ""Els joves reclamen sentir-se recolzats, i és necessari que els oferim optimisme de",Els tres homes de Moore segrestaran Henkel i l'altre anestesiant-los amb el cloroform que Manuel demanarà al metge.
"xut de Parejo va evitar l'empat. Després, Zidane va donar entrada a Asensio i Lucas Vázquez, i els blancs van aconseguir anestesiar l'ímpetu local. En els minuts finals, dos detalls de qualitat dels jugadors madridistes van sentenciar el partit i van","La quantitat de gas que li van fer respirar era suficient per a una persona normal, però el gas es va dissoldre sobretot en el greix del pacient i en va arribar molt poc al seu sistema nerviós, que no es va anestesiar."
"he votat mai el PP. Espero que un xic beguts, tristos i contents, s'abracessin i fessin broma. Espero que begués prou per anestesiar la pena, el poder no m'interessa en absolut, però per a algú amb aquesta passió, perdre'l deu ser com perdre l'amor de la","He concertat una neteja bucal amb el dentista. L'altre dia, la meua germana no va deixar-se anestesiar del tot. I, és clar, no va haver-hi manera."
". Segons Paulo Freire: ""en la teoria de l'acció antidialògica, com també la conquesta a la qual serveix, ha d' anestesiar les masses perquè que no pensen"". El PP mai defrauda en aquest sentit. Tornen a manipular les meues paraules en el Ple de",Occident resulta ser un monstre que hem d'anestesiar amb dards —això sí— indolors.
". Al seu voltant tot és buit i gris, encara que es pretengui amagar amb ostentació de coloraines i normes estúpides o anestesiar amb un munt d ́hores davant del televisor. Com els passa a tantes altres persones d ́aquesta mena i en semblants","sense anestèsia, i en un parell d'hores podrà anar cap a casa"", explica Aguilar. Si no es pot reduir de manera tancada, s' anestesia el pacient. Poques vegades les luxacions van associades a altres lesions greus, encara que pot passar. ""La lesió no és"
"a la perfecció una centrada de Lucas Vázquez, improvisat al lateral dret. L'1-0 va despertar l'equip de Pavel Vrba i anestesiar a un Madrid el joc del qual va mancar de finalització. Bones intencions, però males execucions. El gol de Benzema va","llevat sent ja història al nord de Londres. Europa no està per a nits de bany i massatge. Al que baixa les pulsacions, se l' anestesia . I fins i tot un equip de rauxa incontenible, d'emocions desbordades com l'Ajax, va veure com li queia un escenari de sol"
". I quan veia el camí de gol Bounou, clau en el primer minut de partit, evitava els nervis en accions decisives per anestesiar el ànims de la remuntada blanc-i-blava. El porter va evitar una bona ocasió de David López que li va caure a les mans. El","permeten picar sense ser descoberts. Quan mosseguen, injecten substàncies que inhibeixen la coagulació de la sang i anestesien la regió de la picada. També s'ha estudiat la distribució dels insectes al metro de Nova York i els seus recorreguts per"
"al cinema de periodistes, el bar és la segona llar. I no acostuma a ser un lloc de celebració. És un espai per sincerar-se o anestesiar els remordiments professionals. Howard Good, veient l'abundància de reporters engatats als bars de les pel·lícules","comportament de l'estiu passat. L'operatiu es va desenvolupar a Naut Aran. Allà, els agents van disparar un dard anestesiant a l'os des de l'helicòpter. Una vegada adormit, els tècnics van poder treballar per canviar-li les bateries del collar"