"El judici al procés oferirà un combat apassionant, i les seves conseqüències són difícils de preveure. El Govern tem que es converteixi en un obús que arrasi amb el precari pont que està provant de construir amb la Generalitat.","nacional. D'altra banda, Alex Murphy és un policia de Detroit que s'esforça al màxim per acabar amb l'onada de crim que arrasa la ciutat. Després de ser críticament ferit durant el compliment del deure, OmniCorp aprofitarà l'ocasió per"
Domènech arrasa en les primàries i pacifica Podem.,"foc destacat, declarat el 19 de juny, afecta, sobretot, Talamanca i crema 839 ha. El segon, a Cardona el 8 de juliol arrasa gairebé 1.500 ha. I el tercer, el 18 de juliol, afecta especialment el municipi de Balsareny amb 868 ha cremades. Les"
"La formació d’Emmanuel Macron, La República en Marxa (LRM), rebatejada per a aquests comicis, va arrasar ahir en la primera volta de les eleccions legislatives.","i soja transgènics van a parar als estómacs dels animals que ens mengem. I, alerta d'una altra gran injustícia: estem arrasant cultius del sud per donar pinso transgènic als animals del nord. Cal que deixem de menjar tanta carn per no afavorir"
"Sánchez arrasa en tots els territoris de parla catalana, malgrat tenir el president valencià, Ximo Puig, totalment en contra, i la presidenta balear, Francina Armengol, fent campanya per López.","dret del riu, per evitar de nou aquest succés. Els anys 1584, 1788, 1790 i 1792 hi hagué riuades d'anomenada, l'Anoia arrasà els horts, i destruí fàbriques i alguns molins paperers. Important fou la riuada de Sant Bertomeu de 1842 (24 d'agost)"
Una amanida provinent de Hawaii és la nova febre gastronòmica que arriba a casa nostra després d’arrasar a diversos països del món.,"en la reconquesta, al segle XV, quan els monarques castellans lluitaven per arravatar terres als àrabs, es descriu com arrasaven les hortes i tallaven els olivars. Les múltiples cartes de poblament de les nostres terres evidencien que l'olivar i l'"
"Tot un referent de la comèdia com Community, que arrasava a les xarxes socials, amb prou feines es colava entre els cent programes més vistos de l'any a la televisió americana.","últim cas el que defineix de principi a fi La Gran Belleza , la última pel·lícula de l'italià Paolo Sorrentino, que va arrasar als passats Premis del Cine Europeu. Un film estrany, de narrativa arcaica i estil profundament personal i també"
Posa jocs infantils i arrases.,", que estrenarà TV3 a finals d'any o a principis del vinent, basada en la novel·la de Sílvia Alcántara, la qual va arrasar a les llibreries l'any 2009, arribant a superar, a Catalunya, la trilogia d'Stieg Larsson. Viure en una colònia tèxtil"
Jaume Collboni arrasa a Les Corts i guanya les primàries del PSC.,"de la música i al final s'escenifica la victòria dels cavallets cristians sobre els turcs. El cinema amb segell català arrasa a la taquilla espanyola el 2012 'Las aventuras de Tadeo Jones','Tengo ganas de ti' i 'Lo imposible' han superat el milió"
", Ferran Perdrix, ""s'ha de posar fre a les activitats massives"", a gent que va a finques de gran extensió i ""entren a arrasar amb els cargols que trobin"". La plantilla del CE Vendrell oferint la Copa del Rei i la Copa de la CERS a la Generalitat de","de los hombres , i amb Gravity deu estar com els seus protagonistes: flotant a l'espai. Coescrit amb el seu fill Jonás, ha arrasat a la taquilla a tot el món, ha obtingut diversos premis i suma deu candidatures (pel·lícula, director, guió, millor"
"en el nou rector de la Universitat de Girona amb el 70,18% dels vots El catedràtic de biologia cel·lular Sergi Bonet ha arrasat i es convertirà en el nou rector de la Universitat de Girona. Les eleccions han donat un clar vencedor i Bonet s'ha","Estàvem realment entretinguts amb els papers de Mataró, però el front de Blanes no donava treva. El nostre vídeo estava arrasant a YouTube i això estava traient de polleguera el nostre amic Conill i a la resta de directius. Tan nerviosos estaven que"
"porque escriben bien"" pot ser veritat. Tots ho sabem. Només cal resseguir els més venuts per Sant Jordi i veurem com arrasen els mediàtics. Però jo pregunto: Això és exclusiu del gènere negre o afecta tota la literatura? No és una conseqüència","Benja Villegas. El seu segon disc es diu En el útero (autoeditat, 2012) i és un homenatge als noranta Després d' arrasar a les xarxes socials amb el disc Ensayo sobre la generación perdida (autoeditat, 2012), ara portaran al directe un"
"fa no gaire que 'Pacific Rim' (2013), la pel·lícula de Guillermo del Toro amb robots gegants lluitant contra monstres , arrasés en la taquilla americana durant aquest cap de setmana passat. No obstant això, fa poc es va fer públic que les","petits queden impregnades en racons de l'inconscient. Em ve d'aquí, l'esperit de servei? O es tracta del tsunami que ha arrasat la meva vida els darrers anys? Entre altres, l'ha provocat la pèrdua dels pares, després de llargues estades"
"], l'alterego del músic barceloní Benja Villegas , presenta el seu segon disc al festival Barnasants [ web ]. Després d' arrasar a les xarxes socials amb el disc Ensayo sobre la generación perdida , Anicet interpretarà les cançons de En el útero , un","tot el nostre suport a totes les persones han treballat per combatre el foc que ha cremat a l'Alt Empordà i que ha arrasat milers d'hectàrees de terreny: Bombers de la Generalitat, ADF, Protecció Civil, voluntaris i veïns dels municipis"
"vegades, però, he aconseguit cap de les roses que regales: divendres, perquè una horda de jubilats i jubilades havien arrasat amb totes les roses que regalava l'organització; diumenge perquè la cua era tan llarga, que vaig decidir anar per feina","s'ha aturat -per ara- però el compte de morts segueix creixent a mesura que es van traient més i més cossos dels veïnatges arrasats pels bombardeigs. Una altra vegada, Israel ha demostrat que té la força i la manca de límits morals necessàries per a"
": Facebook ja té més de cent_milions d'usuaris i segueix creixent, i el Tuenti segueix els passos del Facebook i arrasa a bona part de les universitats i instituts de l'estat. El Jove.cat no ha quedat al marge d'aquest a moda i ja té un grup al",", un horreum o graner i unes termes, així com materials procedents del ritu fundacional. Esta primera ciutat va ser arrasada per Pompeu l'any 75 aC. Després de vora un segle abandonada, la ciutat va renàixer amb un doble aportament poblacional:"
"defensaria les famílies i protegiria l'aigua de les empreses mineres"" . L'aval del govern Humala al projecte Humala va arrasar a les eleccions, en bona part, gràcies a la reiterada promesa ""primer aigua i després or"". Tant un com l'altre,","com si res. El problema és que l'Averell ha tingut una sobredosi de vacuna... i s'ha convertit en un monstre que ho arrasa tot! El gran somni d'en Nobita seria poder jugar a la lliga de beisbol dels Estats Units, com en Hachiro. Avui ho podrà fer"
"i amb el símbol de la victòria a l'Auditori 1899 del Camp Nou després de dir el seu primer discurs. I és que Laporta ha arrasat perquè ha obtingut el 54,28% dels vots dels socis i sòcies del Barça. Aquestes van ser unes eleccions úniques per",futur. Fent història... Ecologistes en Acció denuncien negligències en l'operatiu d'extinció de l'incendi que ha arrasat 45.000 hectàrees a València i acusen als polítics que consideren responsables de les retallades i la falta d'un pla de
", acolliran als escapats i als 25.000 anells d'or robats..."" Tornen Els Barrufets, la comèdia familiar que va arrasar en les taquilles de tot el món en la seua primera entrega, amb noves i divertides aventures ambientades en la ciutat de","- direcció Ontinyent: 15:36 Aquest any l'itinerari escollit ens acostarà a La Valleta, per les serres que varem ser arrasades per l'incendi de setembre de l'any passat, i per on a més ara es pretén construir una línia elèctrica d'alta tensió."
llibre i dels seus origens. Una enrevista interessant que fa que coneguem més interiormen a aquest nou autor que està arrasant a les llibreries gironenques. 29 juny 2006 Podem guanyar Publicat al diari Avui el 29/juny/2006 La derrota d'Espanya.,"pobles, la majoria dels quals tenien una localització estratègica a nivell geogràfic, van ser despoblats i totalment arrasats . Aquesta expulsió sistemàtica i forçada va convertir als palestins i les palestines en refugiats, (3/4 parts de la"
"molts anys els seus components ja retenen poca cosa (algun vici, com a molt) del que eren els joves de vint-i-pocs que van arrasar als vuitanta. Però la maquinaria tampoc està tan engreixada com aleshores: els pares dels músics, alhora que",", amb tot aquell territori adquirit de forma il·legal, el futur estat jueu, i per fer-ho ocupen, massacren, expulsen i arrasen al poble palestí . S'ha de tenir en compte però, que la Naqba, no és un episodi històricament tancat i aïllat sinó que dura"
"d'adrenalina SÒNIA PARRON, CIGARRETS ELECTRÒNICS PUFF : ""La nicotina no mata"" La moda dels cigarrets electrònics que arrasa a Europa, ja ha arribat a Sabadell. Al 20 del carrer Calderón (plaça del Pipí) acaba d'obrir Puff on s'ofereixen","156) Javier Aramburu ha constatat en un sector del penyal l'existència d'un número elevat de cabanyes circulars, molt arrasades , amb abundant material arqueològic, perfectament adscrivibles a aquells segles de gran agitació (Aramburu, s/d)."
"te soluciona todo el problema del hosting, aunque si quieres también puedes comprar a ellos tu propio dominio. El Barça arrasa . Ha atropellat a tots els rivals que se li han posat pel davant a excepció d'una visita a Gran Canària: ni Madrid, ni",la desforestació dels boscos tropicals i impedeix una distribució més racional dels aliments. La pesca comercial arrasa els fons marí i contamina els mars i els rius. Tot això perjudica tant els animals com les persones de tot el món. En un
"al segell Digital Delight, de Barcelona, que va confiar fermament en el seu estil de música electrònica dels 80 per arrasar a les pistes de ball. Més informació Nascut a Bonn, Alemanya, Andre Buljat va començar a donar-se a conèixer a la","en fase terminal, persones amb SIDA i infants dels ravals de Bangkok. Va viure intensament el tràgic tsunami que arrasà el seu país l'any 2004. El temps del lotus ens ofereix un relat generós i emotiu, amb mirada oriental, per ajudar-nos a"
"definitiva. Les mirades estan especialment fixades en els resultats de Flandes on els Nacionalistes sembla que han arrasat ja que haurien obtingut més d'un 30%. D'altra banda, a Valònia, els Socialistes francòfons han tingut un pitjor","boscos, llacs i fins i tot terres de labrantío ocupant zones extenses de la ciutat. La part occidental, pràcticament arrasat íntegrament per l'aliats en l'últim intent de resistència d'Hitler en 1945, és moderna en gairebé la seva totalitat."
", que s'encarrega de classificar setmanalment els artistes més venuts des de fa gairebé 80 anys. Justin Timberlake ha arrasat , i s'ha endut premis com el de millor artista i millor artista masculí. Això sí, un triomfador absent, ja que estava dei","de un hombre digno que fue leal con la patria. El pueblo debe defenderse, pero no sacrificarse. El pueblo no debe dejarse arrasar ni acribillar, pero tampoco puede humillarse. Trabajadores de mi patria: tengo fe en Chile y su destino. Superarán"
"prendre un cafè o un esmorzar al llit; o el bagul per guardar el que vulguem. Els elements decoratius per posar fotos han arrasat i s'han esgotat online, ara estan disponibles a les botigues físiques / Lidl Primer pas perquè els paradistes del",", les heroïcitats més impensables que es van esdevenir al Pirineus pallaresos d'ençà que les tropes franquistes van arrasar amb inusitada ferocitat aquella zona durant la guerra civil i els esforços per oblidar, tergiversar o recordar"
"per estar més a prop els uns dels altres o ens aïlla? Aquestes són les preguntes que planteja un nou vídeo viral, que ha arrasat a les xarxes i ja té més de 19_milions de visites a YouTube. L'autor del curt, Gary Turk, es decanta per la segona tesi",tornat a fer estralls als camps de la Garrotxa. Algunes plantacions de blat de moro de Santa Pau han estat completament arrasades pels porcs fins al punt que ni podran entrar-hi les màquines... Más de 2.500 cazadores menorquines estrenan hoy
"és un avantatge clar quan surten de caça a la nit, perquè les seves víctimes no els sentin. El tuit de Natalie Anderson ha arrasat en Twitter amb més de 13.500 retuits, gairebé 61.000 'm'agrada' i més de 1.400 cites d'altres usuaris. Illa entra en la","que l'any 1.998 va sofrir, com la resta de la Catalunya Central, l'incendi més devastador de la seva història ja que va arrasar el 70 per cent de la superfície del terme. Informació general Habitants: 119 Superfície: 26,72 km2 Altitud de la"
"de trobar els recursos necessaris per iniciar o accelerar els seus projectes. Els consells sobre Facebook arrasen . Aquesta és la conclusió que treiem després de veure quins són els articles més vistos del mes de maig al Blog d'INITEC,","a Madrid sàpiguen que el foc existeix. No hi fa res que any rere any milers d'hectàrees de la costa mediterrània quedin arrasades pel foc. Només ha calgut un gran incendi al centre i ja tenim la gran mobilització ""nacional"" . Declaració de zona"
"Esteva. Raúl Gómez espavilava de sobte just abans de la sortida de Principiants, però després va despertar i va arrasar en la seva categoria, deixant la resta de places del podi per a Joan Antoni Pou, que va rodar molt ràpid i Miquel Riera, que","menyspreu. Aleshores, decideix prendre's la justícia en primera persona i organitza una partida d'homes armats que arrasa diferents ciutats. Esglaiats de la virulència que ha pres el cas, les autoritats -davant les quals intercedirà el"
"anat per davant en el marcador però no ha pogut guanyar fins un agonitzant 18-16. En el seguent partit, Fu Yu ha començat arrasant 11-2 i 7-2 però aquí ha canviat el partit. Feher ha començat a jugar a gran nivell i s'ha emportat el segon i tercer. Però en","comunicado en el que acusa al conseller de Medio Ambiente , Gabriel Company, de dar permiso para cortar 539 pinos y para arrasar una amplia zona forestal de pinar en una zona declarada como Área Natural de Especial Interés (ANEI). Més per Marratxí"
", un fenomen que va començar a internet. I els que repeteixen aquest any són els inclassificables Die Antwoord , que van arrasar en la seva visita al Sónar de l'any passat. El Sónar convertirà Barcelona i l'Hospitalet en les capitals mundials de la","el mateix país on jo visc ara. L'Holocaust no ens dóna dret a fer fora la població palestina, a destruir les seues cases, a arrasar els seus oliverars, amb el pretext de fer lloc per a assentaments jueus. Al contrari. El nostre futur a Israel depèn de la"
"de tercers estigui suficientment desenvolupat. Però per 35 dòlars... La col·lecció "" Els Clàssics de la Bernat Metge "" arrasa al quiosc (El Punt - 31 de gener de 2009) Els clàssics de la reputada Col·lecció Bernat Metge estan assolint un gran èxit",". DURACIÓN: 45 minuts aprox. L'antic ecosistema de dunes de primera línia que caracteritzava la platja del Saler fou arrasat a finals dels anys seixanta per a construir un passeig marítim elevat sobre el nivell de la mar, amb restaurants i dutxes"
"bo. I segueix dient que el Barça, un dels clubs amb més èxits del futbol Mundial, que ha patentat un estil de futbol que ha arrasat tot al seu pas, i que ha guanyat admiradors a tot el món, i el Camp Nou, un estadi que ha estat llargament reverenciat com un","és molt més gran. Una bomba grossa pot vaporitzar una ciutat de grans dimensions, però un grapat de bombes petites poden arrasar per complet, encara que no vaporitzar, una àrea molt més extensa. Tornem a la benzina. La nostra relació amb ella és com"
"Automotive ofereix cada any un rànquing de popularitat de colors entre els automobilistes. El 2008 , el color blanc va arrasar de nou : va ser el preferit pels nord-americans (per segon any consecutiu) i va acaparar un 26 per cent de les compres dels",exterminades. La destrucció es va instal·lar prompte en la selva amazònica. Els grans terratinents no dubtaven a arrasar grans extensions de selva verge utilitzant mètodes molt abrasius com el napalm o la gasolina. Els sòls erosionats es
"que li cobria les esquenes esquerdava la tendència tova del cantautor, donant-li el pes necessari pel directe, arrasant amb el new-funk de Nothing ever hurt like you que sonà a I Heard It Through The Grape vine de Marvin Gaye. I'm a Man, un funk",que transmetien malalties letals per a la població de la zona com la malària. Els terratinents construïen en les zones arrasades finques i explotacions de dubtosa rendibilitat posat que els sòls estaven destrossats i l'expansió agrícola allí era
"de petita. Ella és de Huelva, i diu que li van ensenyar que ""tot el que era català era quelcom negatiu"". Aquest vídeo està arrasant a la xarxa, en poc més de 72 hores ja s'acosta a les 700.000 visites (i aviat arribarà al milió de clics). Ahir vam tenir el","norteamericanos vivos desarrolla una terrible historia en la que un padre y su hijo recorren una tierra terriblemente arrasada tras una hecatombe que no se llega a explicar nunca, buscando comida bajo los escombros para no caer en terribles"
llegenda diu que el poble de Campanet va ser fundat al Pla de Tel i que una avinguda insospitada sorgida de Ses Ufanes la va arrasar i va convidar al seus habitants a cercar la protecció del turonet a on avui esta situada la població. No hem d'oblidar que,"decidit que en vol un, però de debò! Per això, el doctor Gripau acaba de crear el V-Mòbilus Magníficus, un robot capaç d' arrasar-ho tot... absolutament tot! L'únic problema que té és que no hi ha manera d'aturar-lo! En Perill Roig s'ha vist obligat a"
"de tour amb els llegendaris In Flames ? Port Noir és l'última aposta dels pares del metall melòdic, i cal dir que estan arrasant entre el públic. Només cal mirar els comentaris i reviews dels seus concerts (on surten gairebé ben parats que els","viu retirat tranquil·lament, quant uns missioners americans el contracten per que els introdueixi a Burma, país arrasat per la guerra civil, amb la finalitat de portar aliments, medicines i assistència medica. Per suposat, son segrestats"
"ha mantingut un discurs populista que no és propi d'un partit que aspira a manar a l'estat espanyol. El Partit Popular ha arrasat a Badalona on, que jo sàpiga, només ha parlat de la immigració i la inseguretat ciutadana barrejant, perillosament,",", orígen del moviment valencianista modern que només, de bell nou, la força de les armes, en els anys 36 a 39, aconseguí arrasar . El trencament tràgic que suposen les posteriors quatre dècades de la dictadura per a l'aspiració valencianista, té"
"als fans d'ambdues sèries, i que potser assoleixi aconseguir un equilibri acceptable. Però si el que pretenen és arrasar en espectadors, la porten clara. El catedràtic emèrit de la Unitat d'Antropologia Biològica a la Facultat de Ciències","de Aragón' es va realitzar la intervenció urgent en un dels incendis més importants de la comunitat d'Aragó, que va arrasar més de 6.000 Ha. AURENSIS-CATUAV va efectuar 4 vols en perfecta coordinació per ràdio amb els nombrosos mitjans aeris"
"Llibre de comptes per a l'estalvi domèstic"", aqueix el significat de la paraula Kakebo i que dóna títol a un llibre que ha arrasat a Japó, la seua facilitat d'ús i la senzillesa de la idea és el que ha fet que ajude a moltes persones a estalviar. En la via","Ajuntament (PSEO, UCAP) i al Govern (PP) amb una tramitació plena d'irregularitats. Imatge de les màquines que ja han arrasat una gran extensió de territori a Canyamel, davall del Puig Negre Una multa multimilionària perdonada, una denúncia a"
"sonat a rebentar la barrera del peatge o cremar algun cotxe. llegir més Agrupació Vocal Clarialba de Montaverner "" arrasa "" amb el seu espectacle ""Somnis"" Agrupació Vocal Clarialba de Montaverner "" arrasa "" amb el seu espectacle , "" Somnis "" un","i un lluitador de lluita lliure . Durant l'estiu , els seus destins acaben simbòlicament vinculats a una plaga que arrasa les collites de la zona , i que dóna títol a la pel·lícula . Oh benvinguts! Passeu, passeu.... ( 1 vot ) carregant"
"Vocal Clarialba de Montaverner ""arrasa"" amb el seu espectacle ""Somnis"" Agrupació Vocal Clarialba de Montaverner "" arrasa "" amb el seu espectacle , "" Somnis "" un musical cantat i interpretat . El passat 6 i 7 d'abril, van penjar el cartell de ""","persones. El projecte s'inicia en el punt àlgid del ""boom"" immobiliari. L'especulació arriba als racons més remots arrasant amb tot: paisatges idíl·lics, formes de vida inalterades durant segles i cosmovisions úniques. Amb l'esclat de la"
"a més de tres virtuals que es faran conjuntament, a la mateixa hora, a les tres illes. Menorca, amb tots els seus cracs, ha arrasat , imposant-se amb 27 punts, seguida dels foners de Son Servera, amb 24, i els de l'entitat organitzadora, el C.C.D.S.,","a la causa del poble baix, l'endermà mateix del 25 d'abril de 1707 els exèrcits castellans entraren al vell Regne, l' arrasaren , cremaren i destruïren pobles i ciutats, assassinaren al voltant d'un 8% dels valencians i valencianes, esborraren"
"Orensanz, escriptor, parlaran de mercat, literatura, periodisme i vi. Els vins de la comarca del Priorat han tornat a arrasar a la darrera llista dels Millors Vins Catalans de Robert Parker. Pel que fa als Montsant, l'Espectacle ha estat el segon","preu de la defensa aferrissada de la Llibertat que férem els valencians sent l'últim bastió republicà: i ens tornaren a arrasar les tropes de l'Espanya única: a sang i ferro. Ja ho podeu vore: els valencians mai no hem sigut ""muelles"". Tres segles"
"diumenge 21 de Juliol a les Festes de Lloreda de Badalona Redacción - 18/07/2013 06:50 El grup Chacho Muchacho seguirà arrasant en els escenaris aquest estiu. Amb la maqueta 'Hijos de la Crisis', la banda de Cornellà de Llobregat segueix","després, ací estem i ací continuem tossuts i ferms, lleials a la Pàtria, fins tornar a recuperar la nostra sobirania arrasada i el lloc que ens pertoca com un poble lliure entre els pobles lliures. I ho farem tots junts, perquè volem i perquè podem,"
"de manera exhaustiva qualsevol novetat al respecte. És raonable pensar doncs, que aquests són els jocs que havien d' arrasar a les entregues de premis, com així va ser. El que ningú esperava és que en mig de tants pressupostos estratosfèrics,","necessari per a nosaltres al seu planeta i farem tot el que faci falta per aconseguir-ho. I si podem matar, aniquilar i arrasar el paisatge del planeta amb total impunitat, doncs encara millor. Aquesta és la filosofia que es practica avui en dia en"
"d'Olot). Amb tot aquest bagatge, al 1999 es va concedir al CNO del campionat de Catalunya de duatló. Teresa Freixa arrasava en el territorial català, i formava un bon duet amb l'Anna Granatxe. A més, Teresa Freixa prenia part en el duatló","poc a poc sense catàstrofes. Així doncs, no hi ha disc que pugui decebre, i, probablement, no hi haurà disc que pugui arrasar . I, encara que això últim pugui semblar un hàndicap, no ho és pas, perquè tot plegat sembla respondre a la manca de"
"per sobre de tot, en recordarem aquell noi de la Masia que va començar com a recull pilotes, va triomfar com a jugador i va arrasar com a entrenador. I per acabar em desvio de l'esport per deixar una reflexió que aquests dies ha estat redundant al meu",", de forma que els usuaris puguin qualificar els itineraris i fer aportacions i suggeriments. L'huracà bolivarià va arrasar Anàlisi entorn la jornada electoral veneçolana i reflexions sobre els principals reptes que el reelegit govern d'"
"i Cardellach Com el meu germà Esteve , penjo el clip de Verigut d'en Miquel Mariano , un bon amic de Menorca. El clip està arrasant per internet a través del youtube i és la sorpresa musical del moment. També està bé que la música catalana tingui les","defensors i detractors de la pesca del bou. Aquests darrers consideraven que era una pràctica molt agressiva, que arrasava el medi marí. El debat sobre la pesca del bou, a casa nostra, té més de 300 anys d'història, i encara avui és vigent. Al"
"felicitar-los a tots per la seva valentia i els excel·lents resultats que estan aconseguint. En Pau Jordan Oliveras va arrasar literalment i va aconseguir quatre primers de les 4 regates disputades. Foto arxiu. Pau Jordan Oliveras, regatista",en el principal producte del comerç internacional de la pesca. Al mar es captura amb tècniques d'arrossegament que arrasen els fons marins. Un mètode tan poc sostenible com anar a caçar formigues amb tractors. La seva producció en
"a l'infinit"". Són els últims anys del franquisme i Espanya no pot tancar les seves portes al boom dels OVNIS, una moda que arrasa en el món. Però aquí, qualsevol mena d'associació és investigada com a possible focus subversiu. Juan (Jordi Vilches)","racials es van bolcar amb ell. Entre els blancs hagués guanyat McCain. Però el seu carisma està disminuint. La crisi va arrasant i no deixa canya dreta. XL. I Rajoy? C.C La valoració de Rajoy està pujant. Està aglutinant a la dreta i al centre. De fet,"
"més comuns. Entre inversors, aquestes són anomenades ""inversions d'impacte"". Les inversions d'impacte estan arrasant El mercat d'aquestes anomenades empreses és difícilment quantificable des que no hi ha un criteri comú per definir una",", en atacar la ciutat ibèrica de Sagunt, aliada de Roma, els romans van exigir-los la retirada. L'exèrcit cartaginès va arrasar la ciutat de totes maneres i, conscient que això desencadenaria la guerra, va dirigir-se cap a Itàlia. Si debilitava"
de l'estandart enemig. Territoris especials Als territoris especials no es pot construir cap estructura ni es poden arrasar . En cap cas es considerarà que estiguin fortificats exceptuant que les pròpies regles del territori així ho indiquin.,"per traslladar la lluita al territori italià. El general cartaginès sabia que l'enemic, després que haguessin arrasat Sagunt, estaria preparat per contraatacar. Però intuïa que voldria fer-ho al nord d'Àfrica i que no s'esperaria que el"
"Els hi agraden totes? Un altre factor de seducció passa, evidentment, per la imatge i la vestimenta. Els looks femenins arrasen prop del 50% dels entrevistats, que són extremadament sensibles a les faldilles, als talons i a les joies, una","a molts altres acostar-se algun dia al nivell del que vam sentir a l'Apolo -el tòpic ""Si fos americà i es digués (...) arrasaria !"", en el seu cas és més que adequat-. Només per això, val la pena arreconar el personatge; almenys una estona. Repassant"
"del moment, però conserva construccions antigues com el celler típic del temps en què la vinya que abans de ser arrasada per la fil·loxera , era la principal riquesa de la Segarra . També conserva parets de pedra, sostres de bigues de fusta","Insectosaure. Malgrat tot això, el seu confinament s'acaba quan un misteriós robot alienígena aterra i comença a arrasar-ho tot. En un moment de desesperació, convencen el President (Stephen Colbert)per que recluti al bigarrat grup de"
"consum i fins i tot a els nostres electrodomèstics. Linux es manté fort als servidors, als ordinadors d'escriptori no arrasa però creix. Ja duc unes quantes migracions d'ordinadors infectats amb windows a Ubuntu. Hi ha hagut forks importants","més que els partidaris de l'estat català cada cop tenen més força i presència. Aquest tsunami independentista ha arrasat amb tot el que s'ha trobat al davant en l'últim any. El pacte fiscal ha quedat mort i enterrat, i ara l'eix central és la"
"els qui troben a faltar alguna funcionalitat o volen millorar el seu funcionament. Els smartphones amb Android estar arrasant , tindrà els seus defectes però es programari lliure com la majoria de les seves aplicacions. Nokia segueix amb Symbian","tenir lloc l'any 1689 al Baix Llobregat. Després d'aquestes agitacions el propietari va ser assassinat i la casa va ser arrasada . Més tard, el 1692 es va reedificar la masia i se li va donar l'aparença actual. Blocs recomanats Hotel Sixtytwo"
"com la majoria de les seves aplicacions. Nokia segueix amb Symbian i estar perdent mercat a marxes forçades. L'iPhone arrasa , això si estàs fermat a la tenda de Apple per instal·lar qualsevol programa. Els tablets, també n'hi molts amb Android o",", a l'any 79 dC, però, quan arriben a Pompeia descobreixen que uns poders psíquics i unes bèsties de pedra estan a punt d' arrasar-ho tot. Els dos viatgers del temps es troben davant d'un gran repte: es pot canviar el que ja ha passat a la història? O han de"
"o altres versions de Linux modificades. El tablet per excel·lència l'iPad o iPhone de Bilbao com el seu germà petit arrasa també i pateix dels mateixos problemes, estàs fermat a la tenda d'Apple i al seu maquinari tancat. Ha sigut també un any",", pero llatina, i practiven la seua religió católica, ab el seu peuliar rite el mossàrab, encara viu. Els àrabs no els arrasaren , ni els mataren, ni els abren fer desapareixer, per la sencilla raó de que aquells àrabs no eren un poble extranger, ni"
"van arribar les forces dels vallencs. A partir de la tercera ronda, el concurs va ser un festival vilafranquí, que van arrasar . La Vella va tirar un quatre de nou amb folre i agulla que es va mostrar tendre, i la Joves ja no va plantejar cap altre",descobert sis estances d ́una vil•la datable entre els s. I-II dC. amb paviments romans i restes de murs. Tot i estar molt arrasada la construcció mostrava clarament una planta rectangular que no està excavada en la seva totalitat. Al trobar-se en la
"a Barcelona, vuit activistes varen accedir i col·locar diverses pancartes reivindicatives, amb els textos ""La Caixa arrasa el planeta"", Justicia social i ambiental"" i ""Allibera't de la banca"". A l'exterior varen comptar amb el suport d'unes","que aquets fan al llarg de la seva legislatura. Decisions impopulars com donar el vist i plau al fet de desballestar i arrasar valls i muntanyes en contra de l'opinió del poble per instal•lar les enormes torres de la MAT, amb l'excusa de que és"
"voleu venir a visitar, serem al Palau Firal, de les 10h del matí a les 8h del vespre. Us hi esperem!!! Ramaderia Pirinat, arrasa a la Fira de Bestiar de Ribes de Freser 18/10/2012 El passat dissabte 6 d'octubre, va tenir lloc la XXVIII Fira de Bestiar","escenes infernals del Bosch, ens situen enmig d'un món singular, a vegades apocalíptic, en què allò humà ha estat arrasat o s'està metamorfosant convulsament. Aquesta última etapa del seu treball es mou entre una certa tecnofília i la"
"l'agricultura i la ramaderia del Ripollès i d'altres comarques veïnes. Ramaderia Pirinat dels germans Camprubí, va arrasar ja que va acaparar sis premis entre els qual el de la Gran Campiona de la fira. Va guanyar en totes les categories excepte",". I així successivament. Un exemple clar d'això és el Japó. Ja fa gairebé 9 mesos del terratrèmol i el tsunami que van arrasar amb la vida de 28.000 persones i amb 443 km 2 del territori japonès, sense oblidar els més de 5.000 ferits i 350.000"
"ginebra meitat suc de llima Rose's i res més. Li dóna mil voltes al Martini"". Després d'aquesta màxima, la beguda va arrasar als Estats Units. Black Russian Aquest còctel és tot un clàssic de la guerra freda, aparegut per primera vegada l'any",trituración previa de la documentación . Reciclant una tona de paper salvem aproximadament catorze arbres i evitem arrasar dos metres cúbics de massa silvícola. Aquest procés salva milers d'hectàrees de bosc cada any. El paper reciclat
"tarda) es projectarà "" Azur i Asmar "", una pel·lícula infantil delicada i creativa que reviu un Magrib medieval i que va arrasar a les taquilles de França. Totes les sessions són gratuïtes i es faran al Teatre Cal Bolet . ""Nous catalans, nous cinemes","i oca. Quan va arribar a Rubí, el cabal de la riera va augmentar fins al punt de provocar-ne el desbordament i l'aiguat va arrasar les cases humils que s'havien aixecat en les zones de l'Escardivol i de la Font de la Via. Els dies següents van"
". Seguim a l'espera que a l'abril comenci de nou amb moltes novetats la segona temporada de Joc de Trons, que segurament arrasi tal com va fer amb la primera. Una altra que comença i amb bon peu és Madmen, seguint el tema de la publicitat viral ha","Tianguatón dels segles XVIII i XVX, diu la llegenda que la patrona de la illa va ser portada davant del mar de lava que arrasava amb tot al seu pas i en ambdues ocasions la lava es va aturar davant la seva presència. L'ermita de Taca Blanca i una creu"
"sabates de luxe dins la 'trama Gürtel', ha acabat amb la seva carrera política. Sorprèn que un polític que fa dos mesos va arrasar amb una majoria absolutissima al país Valencià dimiteixi, tot i que veure un president exercint i imputat per","no són ""deserts"" sense vida, sinó que alberguen comunitats d'animals i plantes d'elevat interès que són totalment arrasades en les operacions de dragat. Algunes espècies de peixos, que hi viuen i s'hi reprodueixen (com per exemple el raor)"
"es presentaven abans d'estiu. I ja està. Apple tenia any rera any un únic model de telèfon nou, el seu buc insígnia, que arrasava en ventes a preus poc populars. D'altra banda la competència anava traient desenes de models també any rere any tot",flames de gran alçada mentre els camions policíacs disparaven raigs d'aigua contra els manifestants. La policia ha arrasat bona part de l'acampada dels manifestants i nombroses tendes de campanya han estat incendiades. Els opositors a
"de 60 músics 'Botifarra' presentarà per primera vegada a València l'espectacle 'Botifarra a banda' amb el qual està arrasant a la Comunitat Valenciana. Ovidi Twins La cançó d'autor, el reggae, el punk, la música clàssica o el cabaret formen part","un cop més el Inverness Courier . A la vora del llac, el magnífic castell de Urquart, que en els seus temps va ser saquejat, arrasat i reconstruït de nou, és en l'actualitat un centre de visitants i de observadors de Nessie. A la costa occidental,"
"ha estat Emilio Murillo del Club Marítim Cubelles, que ha dominat amb autoritat tot el campionat. Un cop mes el Garraf arrasa en competicions de vela. Hipertensió arterial i risc vascular A més de controlar la hipertensió arterial i la seva","Catalunya, la seva identitat, la seva llengua i la seva cultura van ésser esclafats. Una gran part de la ciutat va quedar arrasada . Catalunya no es va unir voluntàriament a Espanya: va ésser brutalment conquerida.' I també apunta el tracte que va"
"i una càmera. El documental dels productors Oriol Maymó, Adrià Cuatrecases i Victor Correal [...] ""La plaga"" ha arrasat als premis Gaudí d'enguany. La pel·lícula de Neus Ballús ha aconseguit les estatuetes corresponents al millor film,","camins que travessen les vinyes del PenedÃ ̈s. PerÃ2 cal recordar que, al final del segle XIX, aquests paisatges van ser arrasats per la filÂ·loxera, un insecte que afectava els... Et recomanem visitar el Centre d'InterpretaciÃ3 de les Viles"
Sardanista. Més d'una trentena d'infants de la ciutat i les rodalies participen en el projecte. Ondrej Fojtik arrasa a les dues proves especials d'avui i ja trepitja els talons del seu germà Jan a la classificació general. Ben poc han,"els peixcadors tingueren aigua i aliment que, durant el temps, han segut de profit, pero la majoria de les paleres foren arrasades per a eliminar les serps i les tormentes s'encarregaren tambe d'acabar en la majoria d'elles. Hui en dia, la palera es"
"persona, el que m'irrita és l'estupidesa. Sóc al·lèrgic. - L'esquerra -i l'incloc a vostè -encara no li ha perdonat que arrasés durant 23 anys. Encara es creuen que això de Pujol va ser un accident de la història? Accident? No. Va ser un prolongat","alçada, deixant preparades diverses tendes muntades, amb sacs, màrfegues, pioletsi demès material. El vent però ha arrasat amb tot el camp i això posa entre les cordes l'ascenció d'Edurne Pasabán al Shisha. El diumenge dia 11, l'Alex, el Ferran"
"pila d'anys que la multimèdia ha superat clarament la tele i cada vegada hi ha menys gent ""analògica"", el que és digital arrasa i sobretot si és gratis. 2. Hi ha 2 necessitats bàsiques dels éssers humans: la de crear i la de copiar. La pirateria és un","es va annexar a Barcelona, passant a anomenar-se barri de la Ribera. La seva expansió se'n va anar en orris quan Felip V va arrasar la zona per construir-hi, a partir de 1716, la fortalesa militar de la Ciutadella. La Llotja i el seu entorn L'origen d'"
"La primera reacció quan hi ha crisi és continuar consumint, però fer-ho amb productes més barats. Aquí, els xinesos han arrasat . Venen foteses barates [...] VHS, Spectrum, Atari, MoviLine, miniDisc. Paraules que van marcar una època per a la gent","primer dic del port. En un principi, la Barceloneta havia d'acollir els desnonats de la Ribera, el barri que Felip V va arrasar per construir la Ciutadella militar, però el projecte es va posar en marxa una generació més tard, l'any 1753, amb cases"
"de Felipe González el 1982. A simple vista, i si ens deixem guiar pels titulars de la premsa, podem afirmar que el PP va arrasar . Va triturar el PSOE. I va deixar clar que el país ha votat a favor del "" cambio "" que en teoria representa Rajoy i la seva",de Hitler mutant amb el seu fill Holocaust i extermina la població no mutant a camps de concentració mentre una Europa arrasada es postula com a últim bastió de la humanitat. Un monstruós crossover de 32 capítols en vuit col·leccions mensuals
"tradicions catalanes. Com que sempre cantàvem l'himne de Bages-Berguedà al final fins i tots ells s'hi van unir! Vam arrasar amb el nostre moment d'energia de l'esplai, però el més tens va ser quan vam acabar l'últim espectacle per",", són de gran ajuda (no es pot dir el mateix del mal que fan al fons, sobretot les cadenes de les boies que durant tot l'estiu arrasen amb tot el que tenen al voltant). De fet si seguim les cadenes del fons, ens portaran gairebé fins a la punta de la llosa, on"
abans que el club destituís Raül Agné. Fins i tot la victòria en el primer partit de l'any es va resistir al Girona que va arrasar a Segona B i va acabar assolint l'ascens a la LFP. El 2008 es va obrir a Alcoi i allà els blanc-i-vermells hi van caure,", no només la parcel·la ja havia estat adquirida, sinó que les obres ja estaven en marxa des de feia setmanes, havent arrasat per complet la vegetació natural de la parcel·la (uns 4.000 metres quadrats), i el projecte de lobra decidit fins al"
"compta amb 186 diputats al Congrés, tres d'ells procedents d'una circumscripció burgalesa en la qual els populars van arrasar en les generals de 2011 amb un 55 per cent dels sufragis. S'insisteix que la dreta va guanyar les últimes municipals al","com a seu del centre de visitants del Parc, els ecologistes fan un exercici de realisme i, vist que el Ministeri ja ha arrasat per complet la parcel·la on se construeix ledifici del projecte actual, se mostren oberts a considerar com a"
"que també va aconseguir un gran seguiment: 609.000 persones (20,7%), Això sí, sempre per darrere de 'Salvados', que va arrasar amb una mitjana de 878.000 persones (22,9%), la seva segona millor dada des de començament de temporada. Només quan","i defensa el seu poder Imperis que taquen de sang, sempre han volgut destruir identitats, reconstruïm allò que han arrasat , decidim què volem per demà Track Name: Al Servei d'una Nació Desesperants estafadors, ajudant-se de l'engany, amb"
", però el primer dia d'obertura al públic al populós i muticultural barri de Cuatro Caminos, al districte de Tetuan, van arrasar els Toblerones gegants. ""Se'n van vendre més de 5.000"", explica Villamizar, mentre ens convida a multiplicar pel preu",", Cortina, Baldric o Rius. A La vostra sang (Angle Editorial) trobem totes les històries del repoblament de pobles arrasats pels musulmans, com Vic, Manresa, Solsona, tots els pobles de les comarques centrals o els de la riba del Congost, a com"
"a Catalunya, ""en un referèndum ni en una consulta, per més que sigui lleial i pactada"". El candidat madrileny va arrasar a Andalusia, on va obtenir un terç dels seus suports, i només se li van resistir sis comunitats, entre elles Catalunya,",", fins que deixo enrera aquesta baralla sorda. Narració curta, descobriment d'un asteroide i el seu contingut que arrasarà la Terra. Inspirat en ""The Colour of Out Space"" de H. P. Lovecraft.  El 26 de Setembre de 2009, va"
"per l'automobilisme, amb el GP d'Àustria, que va sumar 3.412.000 teleespectadors a Antena 3 (30,6%). A Catalunya, va arrasar la F-1. L'audiència del GP d'Àustria es va dividir entre TV-3 (on va ser el més vist del dia amb 510.000 teleespectadors i",", a Espanya coneguda com Los Monegros. L'impacte, calculat com l'explosió de dotze_milions de tones de dinamita, va arrasar tot el desert i amb ell va desaparèixer l'enorme complex hoteler i d'oci destinat a emular Las Vegas. Bé, també va"
"de les barres on triaven les seves tapes. La zona de cuina d'autor va estar concorreguda, amb altres platets que ja van arrasar des del minut u, com ara el tremebund brioix del Tickets, que estava fet a base de cansalada, formatge, maionesa i","periodista planeja escriure un llibre on s'expliqui el que feien una sèrie de personatges el dia que la bomba atòmica va arrasar Hiroshima . Mentre busca els descendents del Dr. Hoenikker , un dels reconeguts pares de la bomba, l'atzar el condueix"
"zenit de la seva carrera, quan ja havia triomfat internacionalment. Va aconseguir l'èxit amb dues exposicions que van arrasar entre el públic: a París, el 1906, a les galeries George Petit, i a la mateixa Hispanic Society, el 1909. Paisatges,","La fil·loxera va suposar un punt d'inflexió per l'agricultura catalana. Un petit insecte americà d'1mm de longitud va arrasar amb les vinyes catalanes, com duia dècades fent-ho a la resta d'Europa. El que havia estat el producte estrella de l'"
"Sanabras. La versió cinematogràfica de la primera part de la trilogia de Tolkien, 'La Fraternitat de l'Anell', va arrasar a l'edició dels premis Oscar de 2002. Entre molts altres aspectes, el film va ser premiat per la banda sonora, que és obra","importats dels països del Sud Infografia de Núria Gómez Gabriel Que el món s'acaba és una evidència. Meteorits que arrasen la Terra, Papes que dimiteixen, canibalisme sistèmic i desconcert general; empobriment galopant, desnonaments"
"a actor revelació dels Goya per Magical Girl). L'obra, per la qual Lennie va obtenir el premi de la Unión de Actores, va arrasar als Max (set pomes es van menjar, encara que a ella l'hi va prendre Vicky Peña). Un any després la madrilenya es va","va ser prohibida a Anglaterra. A Turquia, segons algunes fonts, se la considerava responsable dels incendis que van arrasar Istanbul a l'època otomana. Es diu que en la temporada de les albergínies, en ple estiu, els habitants de la ciutat"
"a millor pel·lícula de parla no anglesa. S'ha convertit en la pel·lícula argentina més vista de la història, va arrasar en els premis del cine nacional, i encara els Goya amb 9 candidatures. El següent repte són els Oscars. Entre les grans","tota la mainada del poble, i no tant mainada em diguessin Tobi. La colla era com una mena de grup de bèsties salvatges que arrasava per on passava. D'aquell temps recordo les guerres de panotxes que fotiem al mig dels camps i els pagesos"
"esto pasará de Milena Busquets (Anagrama), que surt publicada amb l'aurèola del seu èxit prenatal. Fa tres mesos va arrasar a la Fira del Llibre de Frankfurt. Vint-i-set editorials d'arreu del món n'han comprat els drets i ja l'estan traduint a",més o menys densos de Stipa tenacissima. A Xàtiva es troba en un procés dinàmic de restauració després d'haver estat arrasada per l'incendi del 2005. El cos en el pensament contemporani: filosofia i psicoanàlisi en diàleg Coordinació: Begonya
". A Letònia, en canvi, la plataforma de dretes no va reeixir, i el que va pilotar el procés va ser el Front Popular, que va arrasar en les eleccions del març del 1990. Un any després van fer una consulta d'acord amb la legalitat soviètica, i la","Santos a Madrid. Amnistia Internacional havia recordat: ""És el moment d'alertar que el conflicte armat segueix viu, arrasant les vides d'activistes socials, defensors i defensores dels drets humans, sindicalistes, líders camperols,"
"Cid, entrevistarà a les els components d'Els Catarres amb motiu del seu nou treball, 'Big Band'. Els d'Aiguafreda van arrasar l'any passat als Enderrock, on van aconseguir cinc premis, i enguany tornen a la gala per interpretar un tema d'aquest","permetre veure de forma clara com s'empeltava una varietat qualsevol al peu americà amb què es van replantar les vinyes arrasades pel diminut insecte. Cap al final de l'acte, es va poder degustar un copa de vi blanc que va servir per explicar com és el"
", Milena Busquets (Barcelona, 1972) ha aconseguit un fenomen molt rar en un escriptor pràcticament debutant: arrasar en la Fira de Frankfurt i que les editorials més prestigioses del món comprin els drets del llibre. Malgrat això, la","Nacional, volem mostrar la nostra consternació després del tràgic pas del tifó Haiyan per les Filipines, que ha arrasat el centre del país. Desgraciadament com sol ser habitual, les catàstrofes naturals recauen a les zones més empobrides"
"amo i senyor de la nit fins ben entrada la matinada. En el conjunt d'Espanya no hi va haver color. El conegut 'reality' va arrasar amb una mitjana de 4.138.000 seguidors i un estratosfèric 30,7% de quota, la seva segona millor dada de la temporada. La",un moment que l'onada independentista generada per l'èxit de la manifestació de l'11 de setembre seria un tsunami que arrasaria amb tota la política autonomista que hi havia hagut fins ara al Principat i que aquesta ona també s'emportaria el màxim
"València per a presentar a candidata de C'S a la Generalitat, Carolina Punset, qui ha estat proclamat després d'"" arrasar "" en aconseguir 700 avals per a concórrer a les primàries, set vegades més dels exigits. Els altres dos candidats,","i civils. Per les fotos que han arribat, sembla que no va ser realment una allau sinó un despreniment de roca i gel que van arrasar tota la vall (+info). A Wikipedia hi ha un complert reportatge del que va passar:"
"sentit comú"". Pot caminar un imam pels carrers de Milà? Graven un vídeo per denunciar que no El passat mes d'octubre va arrasar a internet el vídeo d'una dona caminant per Nova York i escoltant tota mena de comentaris de connotació sexual. El vídeo","Informació: Marc Janer 05-3-2012 / La força de les allaus Una allau de fusió de fons, lenta, arriba a una estació d'esquí arrasant tot allò que troba 28-2-2012 / Un fallecido por un alud en el monte Petrechema 2.371 (Huesca) El alud fue observado desde"
") del 1973. La tornada del tema, ""Triqui, triqui, triqui, triqui triqui, mon amour, triqui, triqui triqui, tri"", va arrasar a les sales de ball, ràdios, televisió, festes privades i als autos de xoc. A Catalunya hi va parar força vegades. I no","per la Revolta d'Aissó, ocorreguda entre el 826 i 827, a la Plana de Vic. Un cop controlada la revolta, la zona queda arrasada i deshabitada. Ja com a comte de Barcelona - Girona, Guifré s'encarrega de la repoblació del Ripollès, la Plana de Vic,"
d'esperar el 'hashtag' #zebragate va ser 'trending topic' durant tota la tarda. Les imatges i els vídeos del succés van arrasar a les xarxes socials i diferents mems van córrer per internet. Les ràdios locals van fer una crida als conductors,"que cobria l'arbre era el més gran que mai havien vist. Aquesta història va començar fa molt temps, quan un poble va ser arrasat pel sultà de torn. Gairebé tots els adults van ser morts i els infants van ser agafats com a esclaus. Un cop més grans"
"viure amb Corinna"" El diari El País confirma que un bufet d'advocats estava encarregat del divorci La sèrie The Crown ha arrasat als Globus d'Or amb quatre premis principals. Sempre que es parla d'aquesta ficció s'arriba a la mateixa pregunta: es",pot estar caient a molts quilòmetres però en la capçalera d'aquestes lleres. Per tant l'arribada de l' ona que ho arrasa tot pot trigar segons. La potència amb la qual arrossega l'aigua els objectes de gran grandària que troba al seu pas s'ha