"No serveixen polítiques de l'any de la Maria Castanya, sinó unes destinades a evitar que les pimes tanquin ofegades per la pujada del lloguer (recordeu Vinçon?) i a blindar drets laborals tot i la flexibilitat horària.",". Destaca en la producció de components per avions de combat. Actualment, l'empresa pretén fabricar 300 unitats del vehicle blindat 8x8 VBR, associant-se amb la francesa Nexter Systems en la creació de l'empresa Ibersystems de Defensa, i treballa en"
Parlem d’un canvi estructural que permeti de blindar i desenvolupar l’autogovern català i protegir com cal la llengua catalana a tot l’estat i a la UE.," Una llista amb molta xapa tots els vehicles blindats i la unica partida on m'enfronte a un tiguer, com no hi ha prou amb els panther Com ella tria despleguem tot , veent des del"
"El que no acabo d'entendre és que tal conjuntura blindi una ministra per cometre tantes i tantes malapteses, encara que imagino que al PSOE el beneficien a fi de tornar a un bipartidisme, que un troba a faltar en vista del que suposa “la nova política”.","darrers mesos. 19/01/2009 El teu veí potser encara no, però molts polítics, empresaris i fins i tot cantants es mouen en vehicles blindats . Sabies que des de l'11-M la venda d'aquests vehicles s'ha multiplicat per 10 i encara continua creixent? Encara que al"
"Va ser una coincidència, i sí, molt feliç però sobretot perquè va significar que em vaig trobar en una mena de retir que em permetia dedicar-me al cent per cent al llibre, blindat contra qualsevol distracció.","d'un vehicle Ni els carrossers ni les marques automobilístiques donen –òbviament– gaires dades de com elaboren els vehicles blindats , per no donar pistes precisament a aquells que volen fer-los vulnerables. Cuirassar un vehicle vol dir, pràcticament"
"La posidònia ens aporta aigües clares, sorra per a les platges, esculls que aixeca al llarg de segles, és l'hàbitat per a centenars d'espècies. Si som intel·ligents hem de blindar la seva protecció.","lloc del 23 al 25 de novembre juntament amb Lleidantic i la Trobada del Disc, exhibirà per primer cop a Lleida camions i vehicles blindats americans de la II Guerra Mundial Van formar part del paisatge bèl·lic als desembarcament aliats de ... + info 17"
L’Oli es troba atrapada entre el ressentiment envers Popeye i una necessitat malaltissa de complaure’l o justificar-lo per blindar la seva felicitat de parella [...].,confirmat ja la presència de més de 50 vehicles clàssics ... + info 21 Abril 2007 Exposició 2012 Exposició de camions i vehicles blindats de la II Guerra Mundial El Club de Vehicles Històrics de Lleida organitza en el marc de Lleidaretro una gran exposició de
"L'acció es pot eternitzar, perquè la defensa continuarà amb la seva particular estratègia i protecció del seu negoci, emparant-se probablement amb el dret de la llibertat d'expressió per blindar l'emissió de la segona part del testimoni de Carrasco.",Mundial El Club de Vehicles Històrics de Lleida organitza en el marc de Lleidaretro una gran exposició de camions i vehicles blindats americans de la II Guerra Mundial. Els vehicles són els següents: DuckW Pronunciat popularment pels soldats duck (
"""El traspàs no és una crítica als empleats de Renfe, al contrari; és un problema de model, no de persones"", va precisar el secretari de Vicepresidència, que es va comprometre a blindar els aspectes abans esmentats.",de la guerra van ser utilitzats amb èxit en missions de muntanya en medis difícils per als vehicles de rodes. M3 Scout Car Vehicle blindat de comandament i vigilància desenvolupat per la companyia White Motor Company i utilitzat –amb molt èxit– per l'
"La seva zona es regeix per unes ordenances que els protegeixen, però si aquestes mateixes lleis no van blindar pobles molt més nombrosos què evitarà reescriure una altra vegada aquí el final de David contra Goliat?",", i Ramon [...] Dos militars espanyols han mort i altres tres han resultat ferits a l'explotar un artefacte al pas del vehicle blindat en què viatjaven a la localitat afganesa de Qala-i-Naw, segons ha informat el Ministeri de Defensa. Els morts són el"
"Ho va fer per intentar blindar-se davant decisions com la que la justícia belga va prendre al gener, quan va denegar l'extradició de l'exconseller Lluís Puig precisament perquè segons la seva opinió l'alt tribunal espanyol no havia de ser qui el processés, sinó que ho havia de fer un tribunal català.","per al sacrifici. Va reunint a tots els presents per un militar i passa l'examen, amb Wehrmacht cavalleria i diversos vehicles blindats . Aquesta nit Hitler oferix altre discurs de baix rang als funcionaris per part de torxes, que commemora el primer any"
El Consell de Ministres blinda avui els inquilins i Podem se'n vanta.,del vehicle tot terreny blindat 6 x 6 BMR. Fabriquem centrals hidràuliques pel comandament de sistemes mòbils per a vehicles blindats de transport Robòtica Vigilància i seguretat: Fabricació i muntatge de peces en cicle complert per a la familia
"Hem vist amb il·lusió el naixement d'una nova iniciativa que ens apropa més a aquest model d'Universitat, una ILP que busca blindar, per llei, la baixada de preus públics per garantir l'accés a totes les persones i invertir la tendència de pèrdua d'estudiants. Però la ILP ha de ser el primer pas cap a un model universitari més just i accessible, per arribar a allò que és el que sempre hem defensat: una Universitat pública, catalana, feminista i de qualitat.",". Ho analitza i comenta Xavier Rius Sant. La nit del 23 de febrer del 1981, un esquadró de tancs M-41, un esquadró de vehicles blindats M-113 i una secció de tancs M-47 del regiment de cavalleria Numancia van estar a punt de prendre els carrers de Barcelona"
"El Congrés estava blindat per la policia arran de l'eventualitat que hi apareguessin Puigdemont i Comín, contra els quals pesa una ordre de detenció espanyola que el jutge Pablo Llarena va rebutjar retirar.","Hizbullah a conseqüència d'una batalla militar en la que ells estaven d'uniforme, armats i en una missió militar en un vehicle blindat , està regulat per la Tercera Convenció de Ginebra sobre Presoners de Guerra. L'article 21 d'aquesta convenció"
I el vostre entorn no us intenta treure informació? Com us blindeu de tot això?,"atemptat produït a Afganistan. Segons fonts del Ministeri de Defensa, una mina de gran potencia va esclatar al pas del vehicle blindat en el que anava el militar,... Ahir, dijous tretze d'agost es va donar per començada, de manera oficial, la Festa Major"
"Estava rígida, ni tan sols respirava d'una manera orgànica, i tenia les emocions totalment blindades.","del TBO. Camions de la Segona Guerra Mundial També per primera vegada, Lleida Retro acull una exposició de 7 camions i vehicles blindats de la II Guerra Mundial pertanyents a la 45a Divisió nord-americana, que va combatre a Europa durant aquell conflicte."
L'atemptat de la Rambla va obligar a l'Ajuntament a blindar el pas de vehicles als punts de la ciutat més freqüentats pels vianants.,"de 6 tones Ward LaFrance ; el vehicle de reconeixement i comandament per operar sobre la neu Studebaker M29c Weasel ; un vehicle blindat de comandament i vigilància M3 Scout Car ; una ambulància de campanya Dodge WC 54 ; i el popular tot terreny Jeep Willis ,"
Una comunitat mira de blindar els replans per evitar que arribin més traficants.,"formar part del paisatge bèl·lic als desembarcament aliats de Sicília, Salerno, Anzio, el sud de França... Camions i vehicles blindats pertanyents a la 45a Divisió nordamericana que varen protagonitzar alguns dels episodis més sagnants de la II Guerra"
"Però una vegada que han pres possessió de l’Elisi, el nou president de la República i la primera dama han cregut que la seva vida privada ja ha estat prou airejada, i a partir d’ara han decidit blindar-la.","part de la presa de Pina d'Ebre, on va morir el seu company. Ella es va incorporar al servei de tancs i va conduir diversos vehicles blindats sorgits dels tallers de la metal·lúrgia de Barcelona. Va prendre part a la presa de Perdiguera, els Montes de Villafría"
Però aquesta no va ser l’única amenaça amb Sants en el punt de mira que va obligar a blindar l’estació.,"per a avions de combat. Actualment, pretén fabricar –juntament amb la francesa Nexter Systems– 300 unitats del vehicle blindat de rodes 8x8. A la seva pàgina web, l'empresa emfatitza ""els bons resultats"" que està donant per a l'exèrcit francès el"
N’existia un altre blindat per les classes que controlaven el sistema.,"al cop d'estat feixista. Ben aviat s'organitzà la Centúria Vilafranca que marxà cap al front d'Aragó amb el suport d'un camió blindat i una ambulància. La Centúria comptava amb 150 voluntaris, entre els quals hi havia l'Eusebi Pérez, amb setze anys, i"
"Navas, obligat pel desig de Messi i Suárez de blindar la sortida per Íñigo Martínez, va haver d'assumir el pes en la sortida.","fos suficient, ja es parla de la possibilitat d'afegir un nom comercial al Camp Nou. Si es concreta, veurem desfilar els camions blindats Diagonal amunt, perquè es parla d'una autèntica milionada per aquest patrocini de l'estadi. En molts països, hi ha"
"càrregues de desallotjament dels indignats de Plaça Catalunya del passat estiu. De fet, la Fira ha quedat blindada a la intromissió del món real per un convenient anell de seguretat. Com a molt, alguns dels visitants han pogut treure","l'asfixiant ciutat de Manila. Óscar es considera afortunat quan li ofereixen una ocupació estable en una companyia de camions blindats , però es tracta d'un treball perillós amb un alt índex de mortalitat. Premis Festival de Sundance 2013: Premi del"
"alumnes el coneixen familiarment com a Rocket Man, l'home coet. Comentaris Afegeix comentari Sidebar El Parlament blinda el model català de comerç El Govern presenta al ple els beneficiaris dels programes d'ocupació del SOC El ple","feien molt d'efecte, però hi havia una manera eficaç d'aturar-los: escampant balins per l'asfalt. En canvi els camions blindats , coneguts popularment com a ' botijos ', no relliscaven ni tenien por, i amb els seus canons llançaven tinta vermella"
"de resolució a la Comissió d'Ensenyament que instava a demanar la retirada de l'avantprojecte de llei de la LOMCE i a blindar el model inclusiu d'escola catalana. És, al meu entendre, un fet històric i una molt bona notícia. Per primera vegada,",Models: Portes EI-60 amb frontisses de 1 y 2 fulles Homologades i certificades per laboratori. La nova generació de portes blindades tallafocs és el resultat del nostre treball per oferir al mercat un producte d'acord amb la resta de països de la UE. La
"amb els vots de CiU, ERC, ICV-EUiA i el PSC la llei d'horaris comercials. Un text legislatiu que, segons aquests grups, "" blinda "" el model català de comerç de proximitat davant ""l'atac"" competencial del govern espanyol. L'únic canvi","claus, canvieu els panys. Procureu que els accessos a casa vostra compleixin unes mínimes condicions de seguretat ( portes blindades , reixes, sistemes dalarma...). És recomanable posar reixes a les finestres que donen a patis interiors. No obriu la"
afavorir als que més tenen i escanyar econòmicament a les classes populars de la nostra vila. Destaca que es continuen blindant [...] Demana eliminar l'increment en les retribucions als membres de la Corporació i destinar la quantitat,"una terrassa de 90 metres quadrats. Finestres d'alumini amb climalit. Terres de gres i aire acondicionat. Disposa de porta blindada . No ho dubtis, si busques una llar a vila-seca, demanen's cita per veure sense compormís aquest pis. Característiques"
"( millor dit, a malviure ) a Figueres o a Girona . Què sàpiguen els nostres responsables polítics ( amb una mobilitat blindada ) que la gent d'aquest territori també som ciutadans europeus . Assabenta't de tot En la pell d'un mort, Xevi Sala És una","en la llar EL SEU DOMICILI Procure que els accessos a sa casa reunisquen unes mínimes condicions de seguretat ( portes blindades , reixes, sistemes d'alarma...). Si les finestres donen a patis interiors, tinga present que poden quedar ocultes a la"
"infantil. També ens fixem en la nova llei d'horaris comercials, aprovada amb una còmoda majoria parlamentària, i que blinda el model comercial català, que ampliarà fins a 10 els dies festius que podran obrir les botigues. D'altra banda,",", mentre iniciava les maniobres de descens malgrat trobar-se en plens Alps. El pilot donava cops amb força a la porta blindada de la cabina, sense obtenir resposta del copilot, i la respiració d'aquest indicava que va estar conscient fins al"
"espanyola. "" ""La cimera entre els partits i la comunitat educativa presidida per Mas va reflectir el consens que blinda la immersió lingüística. Rigau negociarà amb Wert el mandat d'exigir la retirada de l'atac al català"" ""Les ONG","aquest de Quintana, amb molts problemes de desocupació, és clar. La nit passada han entrat al bar de l'hotel trencant la porta blindada amb uns grans rocs, i han massacrat les màquines pixa-pela. Ho han deixat tot fet un desastre. D'aquests es veu que n'hi"
" limitada"", i permetria realitzar reformes que ""facin un reconeixement de la singularitat nacional de Catalunya, blindin competències en matèria lingüística i cultural, i facin un pas més en l'augment de l'autonomia financera aplicant el",dels seus negocis. Aquests són alguns dels seus consells: - Revisar els accessos a la botiga. No serveix de res una porta blindada si les parets són febles. - Tancar la caixa amb clau i eviar que els objectes de valor siguin accessibles. - Instal·lar un
"de competir amb garanties d'èxit en l'economia global? Com ja he dit, hem convertit la recerca en una prioritat, blindada políticament i socialment amb el Pacte Nacional per la Recerca i la Innovació. Hem fet de la formació una altra qüestió","els diners al banc ni es vendrien més caixes fortes; els manyans i els fabricants de persianes metàl·liques i de portes blindades haurien de canviar d'ofici; tota la gent que es guanya la vida amb aquests programes de successos, tan de moda ara i que"
"locals. Es tracta de dissenyar un nou sistema per evitar que l'Estat espanyol prengui represàlies jurídiques i blindar els contribuents. I, finalment, com enfrontar-se des dels municipis a la suspensió del sistema autonòmic català per","dolent és assegurar-lo per sota del valor real com per un valor superior, que cap pèrit et donarà. Seguretat Alarmes, portes blindades , reixes, detectors de fum o de gas poden suposar descomptes en l'assegurança. 03 A LA SALUT Pòlissa completa Si l'has de"
posar-se en contacte mitjançant els conductes reglamentaris amb el CERN sense resultat. Sembla ser que el CERN sha blindat a qualsevol comentari i els governs del món han captat i al mateix temps investigat el que està succeint en el centre de la,"obra. Els tancaments de les cases de fusta, poden ser de fusta, o bé d'alumini, pvc... i si s'escau, és possible posar-hi portes blindades o cuirassades. (Leer el artículo en castellano) Sóc conscient que aquest post d'avui no és un text recent, però, vista"
", la Sra. Cambell, preveient el que farien els governs un cop posat en marxa el seu pla, dóna les ordres pertinents per blindar el recinte i activa la defensa intelligent del mateix. Sensors de moviment i càmeres, rastregen pam a pam lentramat de","); ens anem al Consolat Rus de Barcelona de l'avinguda Piercing (Pearson, 34) i desprès de travessar individualment 2 portes blindades mentre saludes al càmera, entrem a una sala d'espera. Allà estava l'amable treballador del consolat que al veure els"
"portes corredisses, hi ha portes automàtiques, hi ha portes giratòries, hi ha portes santes, de caoba, de seguretat, blindades ... però només hi ha una porta que sigui... la porta dels somnis! I a la propera entrada... alguns altres textos esparsos","seva reparació. Equips situats en locals que han d'estar protegits com a mínim amb extintors i proteccions físiques de porta blindada o porta metàl.lica amb tanca de seguretat, així com protecció a tots els espais accessibles amb un porticó de seguretat"
"incomplert totes les promeses que va fer durant la campanya electoral. Ara més que mai, ens hem de posar a treballar per blindar el català a l'escola, per fer una societat més cohesionada i més justa. I sobretot, ens hem de posar a treballar per","podria destruir involuntàriament les proves del delicte. PROTECCIÓ DE L¿HABITATGE Instal·le en el seu habitatge una porta blindada . Si la seua porta no és blindada, procure que tinga, almenys, dos punts de tancament i que no hi haja buit entre la porta i"
"sàpiga, el PP encara no ha condemnat la violència franquista. El PP i el PSOE ho tenen clar. Tenen una constitució que els blinda el seu concepte d'Espanya i d'aquí no es mouran. Mai acceptaran que Navarra s'integri a Euskadi, ni el País Basc francés","i també quan sou fora de casa. Una balda interior a les portes d'accés és molt útil. Accessos exteriors Protegiu-vos amb portes blindades , reixes a les finestres, panys de seguretat, etc. Si fan obres a l'exterior del vostre edifici, assegureu-vos que no es"
", comptant amb una estructura departamental que ens permet assignar equips de treball a cada client, de cara a blindar la persona o l'empresa client en cadascuna de les seves necessitats jurídiques. El nostre prestigi es fonamenta en una","marques que ofereixen models blindats directament de sèrie. Destaca Mercedes , la pionera, que va presentar el primer cotxe blindat de la història el 1928. Vuitanta anys després, la companyia tot just ha posat a la venda la nova limusina S600 Pullman"
"al nostre país només aguantaran quatre. Quins quatre? Doncs precisament aquells que ja tenen les condicions laborals blindades gràcies a la llei del funcionari públic . Per bé que necessari, comprensible i fins i tot il·luminador aquest no pretén","d'armes i municions dels països Àrabs, inclòs Egipte."" D'acord amb aquest diari israelià, Fatah demanà a Israel per "" cotxes blindats , centenars de coets RPG antiblindatge, milers de granades de mà i milions de recanvis de munció per a armes lleugeres"","
"molt marge per millorar les coses de Catalunya, amb el pressupostos mes alts de tota Espanya i amb les competencies mes blindades d'Espanya. Es pot fer molt mes de el que es fa ara com ara. -3 . . Amb Espanya tens Europa Sense Espanya no tens Europa.","per l'estima que li té i perquè no volia que es prenguera les coses tan seriosament com ho fa. Mora explica per què va en cotxes blindats , perquè és objectiu d'ETA, que no són cotxes oficials. Que és diferent que qualsevol altre polític. Mora diu que el PSPV"
"d'aquest divendres una regulació de la institució a la llei de la Carta Municipal de Barcelona, amb l'objectiu de blindar-la de cara al futur i per assegurar als ciutadans ""el dret a defensa i revisió objectiva i independent dels seus problemes""","? carregada de pistolots, fusells, granades, bales... i amb qui va marxar? amb els senyors de la guerra i els seus tancs i cotxes blindats i coets i canons i mísils.. on es pensaven que anava!?? al Carnaval de Sitges!?? Aquests són els descomptes que et donem"
"CONFAVC, dijous 13 de juny de 2013 Davant dels pronunciaments de la Unió Europea d'aturar els abusos de les hipoteques, blindats actualment per la legislació, i de la situació d'indefensió de molts veïns i veïnes davant de les estafes financeres,",per traslladar-se a l'asfixiant Manila . L'Oscar creu que tot li va de cara quan aconsegueix una feina a una companyia de cotxes blindats . Aviat descobreix que és un treball molt perillós . I dues produccions dels Estats Units. 'Los Juegos del Hambre. En
"de les escoles confessionals. Els Liberals, per la seva part, mantenen que la llei és 'un nyap' i que vol servir per ' blindar els interessos' de les asseguradores i les noves contractacions. A més, han indicat que cal fer un 'estudi global de les","es veurà atrapada. No solament pel present de la seva familia si no pel seu propi passat..... Félix treballa conduint un cotxe blindat . Viu a Los Angeles i té dona i dos fills. Félix sobreviu a un atac molt violent liderat per Adell Baldwin, un criminal"
"Costa, ha insistit que la llei és 'un nyap' i que presenta indicis d'inconstitucionalitat. A més, ha considerat que ' blinda ' els interessos de les asseguradores i les noves contractacions. Els Liberals estan treballant en l'elaboració del","i d'altres no per el que mengem alguna coseta i marxem ràpidament cap a casa. El 24 d'agost de 1944, cap a les 21h20, els cotxes blindats dels espanyols* de la segona companyia, dita ""la nueve"", columna avançada de la 2a DB de Leclerc, sota el comandament"
"perillosos (estris de neteja, medicaments o eines de bricolatge) s'han de guardar fora de la seva vista, en llocs blindats o alts. Quant als objectes de decoració, com menys hi hagi i més grans siguin, millor. L'habitació infantil ha de","difícil per entrar a casa seva, a certes hores, les carreteres es paraven momentàniament perquè passessin rues de cotxes blindats . Qui paga aquest augment exponencial d'efectius policials? Quant ha costat aquest desplegament? Entenc que la"
"les empreses transnacionals és tan gran que moltes organitzacions internacionals i governs actuen al seu servei i en blinden les inversions. En el cas espanyol, l'Estat compta amb una agència de suport a l'exportació, Cesce, dotada amb","i per la pèrdua de l'element sorpresa. [29] El 2 de setembre , la situació continuà deteriorant-se per a l'Eix. Els cotxes blindats del 4/8t d'Hússars (de la 4a Brigada Blindada) van irrompre enmig de la cadena de subministraments de l'Eix, atacant un"
". De fet, els governs locals del tres municipis han fet esment de la necessitat que se segelli per escrit un acord que blindi definitivament aquests habitatges. Sòl cedit de franc Cal recordar que en la majoria dels casos, l'Incasòl havia","la marxa encara no havia completat el seu recorregut, els agents antiavalots van carregar, almenys dues vegades (amb cotxes blindats llançats a 70 km/h, colps de porra, gasos lacrimògens...). La manifestació no pogué retrocedir i alguns dels"
"una plaça lliure al joc exterior). El seu prestigi no és el que era i la seva permanència a la disciplina blaugrana, blindada amb 3_milions d'euros de clàusula de rescissió, és dubtosa. I a Badalona, on van fer créixer Ricky Rubio, ara pensen a","tu també et conec. Ets l'únic de qui la policia va repartir fotos. El col·laborador imprescindible per poder accedir al furgó blindat . Qui millor que algú que hi ha a l'interior per accedir-hi? Ho teníeu ben planejat, redéu! Tu ets l'únic de la banda que ha"
. Comparteix El CNJC demana al govern de la Generalitat la modificació de la Llei de política lingüística per garantir i blindar el model actual. El CNJC lamenta que les sentències dictades pel Tribunal Suprem responguin més a dictàmens polítics,"a guanyar un campionat de street dance. La barreja dels dos mons començarà sent poc afortunada. Un guarda novell d'un furgó blindat , forçat pels seus problemes econòmics i familiars, decideix acceptar l'oferiment -gairebé obligat- dels seus"
"el PSC, en cas de governar, la diversitat religiosa del nostre país. Benvinguts! dia a dia Portabella aconsegueix blindar la titularitat i gestió públiques del Dofinari del Zoo 28/02/2014 ShareThis Portabella ha explicat queel Dofinari fa","bancària que s'acaba de fusionar amb una altra i després de veure amenaçat el seu lloc de treball decideix atracar un furgó blindat . Un volum molt recomanable, que a més demostra que hi ha novel·la negra – i de la bona- més enllà de Suècia. L'Ajuntament"
"el procés de diàleg tot i que sabíem que res ens seria fàcil. Finalment, el resultat de la negociació ha permès... - Blindar el sistema públic de repartiment com a model únic de pensions, en contra de qui pretenia substituir-lo per un ""mixt"" amb","testimonis, és l'ac tuació dels Mossos d'Esquadra durant una nit a l'espai de la Copa, quan van disposar diversos furgons blindats amb els llums encesos enfocant a les barraques, sense que prèviament hi hagués cap situació conflictiva o"
"la majoria de la població votés afirmativament al referèndum sobre la Constitució espanyola del 6 de desembre de 1978, blinda l'estat actual actual de les coses a l'Estat Espanyol: la monarquia, la integritat territorial, el paper de les forces","Pretòria. Calia emmanillar-los? Calia que tots els mitjans de comunicació mostressin com sortien, cap a Madrid, en un furgó blindat i envoltats de guàrdies civils? Voleu dir que no és perquè el superjutge Garzón volia demostrar qui mana? Volia"
"s'estan veient progressivament empobrides. En aquest sentit, és necessari que Roses mantingui la despesa social i blindi algunes àrees de serveis a les persones amb l'objectiu de minimitzar els impactes de la crisi i garantir la cohesió",", entrepans ràpids al Rala no sigui que fem tard. Arribem al Camp Nou i sorprèn la quantitat de controls a cada porta, els furgons blindats , les porres i les cares dures que et recorden que allò, tot i l'ambient festiu, és un joc molt seriós. Escales amunt,"
"l'oposició i justifiquem la del nostre, ho diem tot. Quan exercim els nostres ""drets"" dins del marc d'una Constitució blindada per exèrcits d'advocats que protegeixen els lladres, ho fem tot. Ara que el 99% ens hem cregut que ser és tenir, ens hem",pacíficament i càrregues de la policia que es poden sintetitzar amb els avionets de paper que s'estavellen contra els furgons blindats en una pel·lícula que deixa volar els sentiments. Les reflexions les ha d'aportar l'espectador.. Libre te quiero serà
"una esmena a la totalitat"" de la llei declarant-se ""insubmís en la seva aplicació, per antisocial i elitista, per blindar els privilegis de les ordres religioses i imposar un espanyolisme caspós"". Des de la CUP, el diputat David Fernández ha","de 10 pesos per contemplar el seu cadàver. El Dioni: El 1989, es va fugar amb 298_milions de pessetes al volant del furgó blindat que custodiava com a vigilant d'una empresa de seguretat. La gesta el va convertir en un autèntic heroi popular. Trobem"
"està a hores d'ara totalment descartat. Segons ha apuntat, l'acord assolit entre els dues formacions va servir per "" blindar-se davant de qualsevol tipus de trampa o provocació que alguns partits ens posen"", com va ser la moció d'UPyD de la setmana","AMB ABD-EL-KRIM Tatuan, 3u. – Els generala Primo de Rivera, Aizpuru i Rodriguez Pa-ré anaren a Zinat, tornat en un tren blindat , mansa novetat. Procedents de Ceuta han arribat ala generala Muslera i Bazán. També ha arribas el comandant general de"
"[...] Aquest dimarts, 12 de febrer, tindrà lloc al Congrés dels Diputats de Madrid la votació sobre la ILP que pretén blindar els toros a nivell nacional. Des de les xarxes socials s'està fent una crida a tots els aficionats que es puguin apropar","escla-tes. Entre els 70 rebels capturats prop de Tung Chow figura Tuan Chun Chih. el qual comandava lee, .110PeS del tren blindat . Aue obriren. foe contra la capital. Probablement serà condemnat a rnort. Les autoritats de Pequin ole-reixen una"
"de Catalunya per a que els parlamentaris aprovin la proposició de llei ""Defensem l'Escola en Català"" que pretén blindar el català com a única llengua vehicular de l'ensenyament a Catalunya, fem una crida a presentar mocions als","un cotxe normal, ja que cal modificar-ne tots els paràmetres dinàmics i d'equipament. Els carrossers que es dediquen a blindar els vehicles desmunten completament el cotxe i deixen el xassís nu. Després fan les modificacions que calguin: s'adapten els marcs"
"amb tota la propaganda un codi ètic farcit de bones intencions, a la pràctica es bloquegen les propostes de millora i es blinda la separació entre polítics i ciutadans. No fos cas que algun dia tinguem una societat activa, informada i compromesa;",", que enviava a la França ocupada wolframi, un cobejat i escàs mineral extret de les mines espanyoles i utilitzat per blindar els carros de combat nazis. Bernhardt es va enriquir i va obrir aquesta ruta de fugida de criminals a Dénia abans de"
"assenyalant el nom de persones notables implicades en diligències judicials que n'han sortit alegrement airoses, blindades i amb immunitat, per omissió judicial o per la nul·la col·laboració dels partits polítics a l'hora d'aportar","Si féssim una llista amb algunes de les moltes coses que creiem, ens adonaríem que les nostres creences poden ser molt diverses: potser creiem que l'economia millorarà, que l'educació que vam rebre de petits era molt tancada, que el nostre equip guanyarà la competició, que existeix una realitat exterior a nosaltres, que si haguéssim aprofitat aquella oportunitat ara seríem rics, que hi ha vida després de la mort, que si no blindem la porta ens tornaran a robar, que és millor donar que rebre, o que hi ha extraterrestres vivint amb nosaltres; podem creure aquestes coses o també les contràries, ho podem creure del tot o només a mitges, i segurament en combinació amb moltes altres coses."
"que té Catalunya davant d'aquesta LOAPA econòmica i comercial, presentant un recurs d'inconstitucionalitat i blindant les competències que l'Estatut d'autonomia ens atorga, a través de l'acord del Parlament de Catalunya. Per la CCC,","També entrà en tractes amb l'empresa d'automòbils Hispano Suïssa per a la fabricació d'unes tanquetes destinades a la policia, però el projecte no anà endavant per motius econòmics, i el conseller s'hagué de conformar a blindar un vell camió."
que la Carta Magna espanyola tan sols és una mala excusa per frenar les aspiracions nacionals dels Països Catalans i per blindar un sistema capitalista de mercat. Com a presó dels pobles i instrument de les classes benestants que és lEstat espanyol,S'usa per fer projectils d'alta penetració i per blindar vehicles.
"immigració, especialment els considerats les portes d'entrada a les regions riques del planeta, que cada dia es blindaven més amb els últims avenços tecnològics. Ja no calia alçar quilòmetres de tanques electrificades i farcides de","Poc abans de les sis del matí, la plaça de davant del TAV estava fortament blindada per antiavalots dels Mossos i la Policia Nacional."
"un Estat propi, tindrien el pes polític (i no solament el finançament) que necessiten. Veuen que l ́Espanya actual està blindada per la Constitució i constaten, un dia sí i un altre també, que no hi ha voluntat política de fer cap pas endavant. I front","contínuament durant els tres dies tornant cada nit a la capital, Bagdad. Es desplaçarà en avió, helicòpter i cotxe blindat . Francesc havia rebutjat sempre aquesta última possibilitat, però després dels recents atemptats suïcides de gener"
"els polítics, la nostra feina, i la resta de vallencs i vallenques. Vam dir-los que calia sortir d'aquesta democràcia blindada i bloquejada pels partits. Avui, la situació de distanciament entre Ajuntament i ciutadania s'ha fet més gran. Tenim","gener i febrer a Bagdad i nord de l'Iraq per part d'un EI que intenta ressuscitar, el Govern de Bagdad ha imposat el cotxe blindat . No hi haurà actes multitudinaris, com sol ser habitual. Únicament a Erbil, el Papa celebrarà una missa -per primera"
", urgeix un desenvolupament de la legislació d'avaluació d'impacte mediambiental i de protecció del sòl agrari que blindin el país del #fracking . La Comissió Europea ha donat via lliure als estats per regular les extraccions d'hidrocarburs","el nombre de fidels que el podien rebre. En comptes d'utilitzar el papamòbil, es traslladarà en un cotxe cobert i blindat , després dels últims atacs de milícies proiranianes i d'Estat Islàmic. Convidat pel govern iraquià, en aquesta"
", en tindrien prou amb un pacte ('un pacte ben fet', que diria Màrius Carol) que millorés el finançament (pacte fiscal) i blindés les competències de llengua, educació i cultura. De fet, a la tertúlia del programa de '8 al dia', que comentava l'","que es van convertir en el crit de guerra del moviment Black Lives Matter. Els jutjats del comtat de Hannepin s'han blindat amb tanques, filats i murs de formigó, i des de dissabte s'han reprès les protestes i les vigílies a Minneapolis per"
"Aquest és el principal punt fort d'aquests vehicles: passen inadvertits. Fins i tot hi ha marques que ofereixen models blindats directament de sèrie. Destaca Mercedes , la pionera, que va presentar el primer cotxe blindat de la història el 1928.","una guerra que perdia i una inestabilitat política derivada d'un règim que s'enfonsava, va traslladar Lenin en un tren blindat , des de Zurich, on estava refugiat, a Sant Petersburg. Aquest fet va catalitzar la Revolució Russa l'octubre de 1917."
"la lluita contra la pobresa domèstica i fora de les nostres fronteres."" Així mateix, assenyala que ""és imprescindible blindar les polítiques socials i la cooperació per al desenvolupament davant els constants ajustos fiscals que es realitzen.","planxes, entre molts altres objectes. Ell vol retirar tots aquests objectes emmagatzemant-los en aquest contenidor blindat temporalment, per poder netejar l'espai i posteriorment tornar-ho a col·locar tot tal com ho té ara. Afirma que ja ha"
"i James Robinson, en el llibre Why Nations Fail? The Origin of Power, Prosperity (...) El Parlament de Catalunya blindat pels quatre costats aquest 4 de desembre. És la imatge que s'ha donat abans, després i durant les mobilitzacions contra",Un veí de Germans Sàbat i l'Ajuntament de Girona han iniciat un estira-i-arronsa per la ubicació d'un contenidor blindat a la via pública. Ell ha sol·licitat col·locar-lo just a davant del seu local i l'Ajuntament li diu que allà no pot ser
i el seu nivell de representació? És més: ¿no s'estaria fomentant d'aquesta manera una mena de democràcia popular que blindaria els rectors més incòmodes per a la jerarquia? És en aquest sentit que s'acaba de manifestar la FEERI (Federació,". S'havien repartit invitacions només per a 10.000 persones, però va aparèixer amb el papamòbil, sense el cotxe blindat dels altres dies, l'eufòria es desbordà al crit d'""Aquí, no hi ha covid!"" i l'afluència es doblà. Al final del seu viatge"
". Aquest fenomen preocupa a les empreses, que veuen com els seus clients actuals o potencials semblen inaccessibles, blindats , i cada vegada [...] Arxiu de la categoria: Política Cada dia sóc més fan dels Talking About de Ricard Espelt i Gemma","a lluitar-hi en contra; també va fer dimitir el primer ministre Adil Abdu-Mahdi l'octubre del 2019. En sortir del cotxe blindat , va haver de caminar per un carrer atrotinat fins a la humil casa d'Al-Sistani. Rebut pel seu fill, el papa es descalçà en"
", mar o aire. És obsoleta perquè no es pot pretendre que en un món globalitzat i amb fronteres que es dilueixen cada dia, blindem les nostres i condemnem continents sencers a la no esperança, al no futur. Les polítiques neoliberals obren les","a l'establiment, però també sense èxit. Les altes mesures de seguretat de la joieria UniónSuiza, que tenien la porta blindada activada, han evitat que els lladres, especialistes en encastaments, entressin a l'interior i es poguessin emportar"
"- moratòria és fugida endavant: mentre el Parlament discuteix a comissió, el Gobierno de España tindrà temps per a blindar el fracking, rebaixar les exigències mediambientals i fer passar el corró per les voluntats del Parlament català, que","planxes. La setmana passada van destapar la seu central a l'avinguda Jaume I, però l'oficina del carrer Nou continua blindada . Això, malgrat que els desperfectes en oficines bancàries es van concentrar en les primeres nits d'aldarulls -16, 17 i"
"Española done com a forma preferent en el seu diccionari 'espanyol' i no 'castellà'. Tercera manipulació: l'estatut ' blinda ' el nom valencià per a la llengua i no en permet cap altre . CJC: 'En estos termes l'Estatut d'Autonomia blinda, com a","poguessin afectar -incloses les manifestacions d'ahir. Tenen la previsió de retirar avui els panells. També seguia blindada ahir una altra oficina d'aquest banc al carrer de Santa Clara, que va ser saquejada tres vegades pels actes vandàlics"
"( millor dit, a malviure ) a Figueres o a Girona . Què sàpiguen els nostres responsables polítics ( amb una mobilitat blindada ) que la gent d'aquest territori també som ciutadans europeus . Assabenta't de tot En la pell d'un mort, Xevi Sala És una","nou metres cúbics de residus d'alta activitat a l'any; una cosa que es pot emmagatzemar de forma segura en contenidors blindats "", diu. Actualment, les centrals nuclears espanyoles emmagatzemen els residus radioactius a les seves pròpies"
", la investigació, el desenvolupament i l'educació es dilueixen en l'assalt final per quadrar els números. Es blinden les partides d'ajudes agrícoles i ajudes regionals (PAC i cohesió) i es retallen les altres. És el que li passarà a la","absència de vehicles aptes per repel·lir els atacs duts a terme pels manifestants, com ara camions d'aigua o vehicles blindats i fins i tot, impedir l'accés dels vehicles sanitaris per a l'evacuació dels ferits"". Per tot això, s'ha querellat"
"sobre la continuïtat de moltes ajudes que es prolonguen en períodes plurianuals. El xec britànic no es toca Està blindat . Aquest retorn de 2/3 del dèficit fiscal del Regne Unit amb la UE, arrencat per Margaret Thatcher el 1984, és permanent.","i especial"", ha indicat, abans d'afegir que durant les maniobres es desplegaran helicòpters, carros de combat i blindats . Les maniobres, encapçalades pel major general Andrei Sujovetski, s'estendran fins el 19 de març i comptaran amb la"
"interès cultural (BIC), gràcies als vots dels parlamentaris del PP, UPN i UPyD. Entre d'altres aspectes, la ILP pretén blindar aquesta activitat, malgrat que els pocs estudis disponibles demostren que és un negoci autènticament ruïnós i","El projecte forma part del pla de recuperació d'espais de memòria històrica de la ciutat. Els dos nius de metralladores blindats es troben ubicats un a la sortida de la ciutat, concretament damunt d'un vial, de l'anomenat Camí de les Tosses que es"
"que l'executiu català ha fet arribar a l'Ajuntament, que el març passat va demanar la implicació de la Generalitat per blindar la protecció de Torre Negra. El consistori va demanar quina figura urbanística havia d'adoptar el PAU presentat al","què vol dir. Però això passa perquè la cultura se'ls en refot i no crec que mai arribin a saber, des dels seus despatxos blindats , que la majoria dels nostres artistes passen gana. Els treballs i els dies d&#8217;un aspirant a professor d&#8217;"
"anys perquè les diputacions de Barcelona i Girona, definissin el parc natural tal i com el coneixem avui. No es tracta de blindar el parc perquè sigui inaccessible per al públic en general, sinó al contrari, vetllar per la seva bona utilització, i",. Bona part de la ruta dels manifestants es va trobar lliure de contenidors i amb les seus bancàries i les botigues blindades . Els Mossos d'Esquadra van evitar amb cordons policials que s'acostessin a la seu d'Endesa i la comissaria de la
"un sistema de partits que afavoreix l'immibilisme al conjunt de la societat. Ens trobem en una democràcia bloquejada i blindada pels partits i per l'electoralisme, i això ha de començar a canviar si no volem seguir lamentant-nos de que la gent no va a","a buscar el film que volen, ...es trencarán el cap a base de buscar, Ells creuràn que la cinta está amagada a la caixa forta blindada ! Però en comptes d'això, estarà oculta en una barraca de pescadors de la platja d'Ichinomiya. Podria algú"
"la plena observança de les normes vigents en matèria de seguretat de la informació (i de les dades personals) no sembla blindar les organitzacions contra aquests atacs. Davant aquesta situació la reacció, tant del legislador com dels",. Veniu el més aviat possible. Hem de tractar d'aconseguir que el goril·la vagi cap al Wanchai. Heu d'enviar més cotxes blindats i esperar les meves ordres! Poseu més retens a tot arreu. L'hem d'aturar! - Un Gran Goril·la s'ha escapat. - Convoqui a
"la represió i el control de la població i dels pobles, a desgrat de les llibertats i els drets de les persones i els pobles; blindar el seu instrument polític principal, l'Estat espanyol, hui en forma de monarquia directament hereva de la dictadura","amb forats de bala, em va fer rastrejar fletxes negres, i cercar una companyia involucrada en assalts a furgonetes blindades . Puc ser cega, però no tant. Sí, l'Oliver no és gaire bo buscant excuses. Ni tu tampoc. Vosaltres dos, amb tot allò d'una"
"de Catalunya El Govern ha iniciat la tramitació de la llei marc de la protecció social de Catalunya amb lobjectiu de blindar el model català destat del benestar. Amb la futura norma, el Govern pretén prioritzar el manteniment de la cohesió",el fuselatge. Amb aquelles ales? És on hi ha els tancs de combustible. Un impacte i bum. A més per treure pes ni tan sols hem blindat els tancs. El primer bombarder japonès modern. A la marina estan pletòrics. Ha de volar 3_mil quilòmetres portant
LAB apostem per la mobilització en defensa dels convenis; i existeix per part de la patronal una certa disposició a blindar els convenis per por a la conflictivitat. Però el futur és incert i estem encara en lluita. Al País Basc s'han convocat un,"Be, crec que ha topat amb, o m'ha fet topar amb alguna cosa il·legal. Defineix il·legal. Ja sap. Atracar una furgoneta blindada amb llançagranades i gas lacrimogen. - Què? - Algú de Blackhawk ha utilitzat el seu sistema per guardar rutes i horaris"
"dels carrers als centres de treball. La feina honesta, el sindicalisme de classe i les formes organitzatives que blinden els objectius d'alliberament de gènere, nacional i social són les claus que expliquen per què la central manté la seua","aquest cop, eh? Ens hem lliurat d'una investigació federal per un pèl de cuca i el primer que fem és assaltar un furgó blindat ? Deixa de plorar i fes saltar aquestes portes. Gira aquesta puta! Vinga, nena. D'acord, som-hi. - L'hora. - D'acord,"
"el govern català qui fa polítiques educatives, no els tribunals"", Somescola ha demanat a la Generalitat que continuï blindant el model d'immersió lingüística, d'acord amb l'aplicació de la normativa vigent, rebutjant frontalment una","quatre marines assassinats, transportaven diners? No, no movem els diners en camions. Per això contractem vehicles blindats . Eren principalment armes automàtiques confiscades. AK i M4 que s'enviaven a la Reserva Federal per ser destruïdes."
"la Unió el que fa és ratificar les seves lleis internes. Fa quatre anys Zapatero deia que el tractat constitucional blindava a l'Estat espanyol de qualsevol procés de secessió; en termes estrictes no era cert, el tractat no deia res d'això, però","vegada que ho sento això. - Reviseu el vaixell de càrrega. - Vaig. Espera, espera, espera... Si tanquem les portes blindades en aquest corredor, Podríem atrapar a les dues bandes. Tancar les portes blindades des d'aquí? Al restablir els"
"no era cert, el tractat no deia res d'això, però a l'atorgar primacia a les lleis dels Estats, objectivament ho blindava . Si dintre de l'Estat hi ha una comunitat política i existeixen raons solvents per a concloure que una part molt",", espera... Si tanquem les portes blindades en aquest corredor, Podríem atrapar a les dues bandes. Tancar les portes blindades des d'aquí? Al restablir els fusibles podria aconseguir-ho. Vaja, tinc un mal pressentiment. Ai no! ""No"", què?"
"ha fet de cop que qualsevol intent d'engany ja no tingui una viabilitat assegurada. És per això que, per poder blindar el nostre avanç cap a la independència i la llibertat, ara és el moment de reivindicar de manera clara i contundent –",". Amo Poe, ¡naus enemigues! Nois, tenim molta companyia! Utilitzarem les càrregues per volar a aquesta porta blindada . Vaig a entrar i atreure el foc, però necessitaré que em cobreixis. ¿Segur que estàs preparat per això? Dimonis, no."
constància del xoc brutal entre la necessitat imperiossa d'accedir a un tractament mèdic i el mur de formigó armat que blinda el laberint burocràtic de l'Estat i dels departaments de salut. I també del dogmatisme religiós. [A Internet] A l',"cívics"" per ""reclamar el que hagi de reclamar"", però lluny dels partits. Aparatós accident d'un vehicle militar blindat Un vehicle militar blindat ha patit avui un aparatós accident de trànsit a l'avinguda Monasterio de Silos de Madrid, on"
"telefòniques relacionades amb el cas. El portaveu del Grup Parlamentari de C' s ha advertit que ""CiU i ERC intenten blindar el procés sobiranista perquè els ciutadans no sàpiguen sobre la corrupció sistemàtica que hi ha a Catalunya"" i s'ha",fins i tot quan va lliurar el juny del 2008 les dos armes que usava en el club de xut olímpic. Crema la cabina d'un furgó blindat al carrer Colón de València a causa d'un incendi fortuït Un incendi fortuït en el motor d'un furgó blindat ha causat la
"la lluita contra la pobresa domèstica i fora de les nostres fronteres."" Així mateix, assenyala que ""és imprescindible blindar les polítiques socials i la cooperació per al desenvolupament davant els constants ajustos fiscals que es realitzen.","les flames, la Policia ha acordonat la zona i, amb els bombers, s'han quedat esperant l'arribada d'un altre furgó blindat per a traslladar els diners que transportava el vehicle de seguretat incendiat. Així ho ha informat la portaveu del"
"que CIU i ERC hagin rebutjat derrogar les taxes universitàries i a la Formació Professional o que hagin rebutjat blindar l'entrada de fórmules precaritzadores de la gent jove com els minijobs a Catalunya"", ha afegit Rovira. Fa uns dies us","el que hagi de reclamar"", però lluny dels partits. Aparatós accident d'un vehicle militar blindat Un vehicle militar blindat ha patit avui un aparatós accident de trànsit a l'avinguda Monasterio de Silos de Madrid, on ha sortit de la via, ha"
"davant l'Ajuntament del municipi. L'objectiu que es persegueix és aturar la sentencia del Tribunal Suprem i blindar el català com a llengua vehicular. A l'acte hi assistiren autoritats locals, membres de l'AMPA i veïns i veïnes a títol","a l'atac a Al-Qaim, va explicar que es van efectuar ""dos atacs aeris divendres a la tarda que van destruir un vehicle blindat de l'EI i dos punts de control"". ""Però no tenim constància de cap altra reunió de líders de l'EI a Al- Qaim"", va afegir"
i el seu nivell de representació? És més: ¿no s'estaria fomentant d'aquesta manera una mena de democràcia popular que blindaria els rectors més incòmodes per a la jerarquia? És en aquest sentit que s'acaba de manifestar la FEERI (Federació,"matí al poble de Witney, al comtat d'Oxford, una de les zones més riques d'Anglaterra. Ha arribat i ha marxat en un cotxe blindat envoltat de guàrdies de seguretat. El cap de l'oposició laborista, Ed Miliband, aspirant a dirigir el nou govern, i la"
". Aquest fenomen preocupa a les empreses, que veuen com els seus clients actuals o potencials semblen inaccessibles, blindats , i cada vegada [...] Arxiu de la categoria: Política Cada dia sóc més fan dels Talking About de Ricard Espelt i Gemma","una velocitat mitjana màxima d'aire de 0,19 metres per segon. Un grup d'homes armats intenta assaltar un furgó blindat a Barcelona Els assaltants han fugit sense poder aconseguir el botí després que els vigilants de seguretat del furgó"
", mar o aire. És obsoleta perquè no es pot pretendre que en un món globalitzat i amb fronteres que es dilueixen cada dia, blindem les nostres i condemnem continents sencers a la no esperança, al no futur. Les polítiques neoliberals obren les",ells Uns vigilants de seguretat han disparat aquest dimarts al migdia uns homes que intentaven assaltar un furgó blindat al districte de Sant Martí a Barcelona. Els assaltants han fugit sense poder aconseguir el botí. Els vigilants del
": A aprendre dels errors. 2. Small is big: A que fins i tot el problema més gran, sempre té un punt feble. 3: Be yourself: A blindar l'autoestima i estar orgullòs de ser un mateix. 4. My manifestó: A no olvidar mai els teus propis principis. 5: A new",l'intent de robatori. Uns vigilants de seguretat disparen contra uns lladres que volien assaltar un furgó blindat a Barcelona Uns vigilants de seguretat han disparat aquest migdia contra un grup de lladres que volien assaltar un