"Amb la seva fórmula de música aquàtica i transversal, el terrassenc es capbussa en una nova tanda de cançons ―inclosa la hiperexitosa Supermercat ―cuinades amb sis productors diferents.","m'agrada!!! De petita mai n'havia fet de calçotades, a casa no en fèiem i normalment les trobades eren a casa perquè qui cuinava era la meva mare i ho feia prou bé. De fet ho feia tant bé, que molts diumenges teníem gent a dinar, però no recordo"
"Forest em va explicar bé com havia cuinat el llibre Opération Ogro, des de la confiança i amistat amb Argala, a qui havia desembarcat a Madrid, amagat i ajudat a fugir.","calçotada va anar acompanyada de carn a la brasa que vam acompanyar de salse almadroc, una salsa medieval que he après a cuinar a l' Espai Boisà , un altre dia us en penjo la recepta. No teniem alls per fer l'all i oli i vaig improvitzar aquesta salsa"
"«Cyclamen» (Primavera Labels, 2023) és un disc que la vigatana Núria Graham ha cuinat a foc lent.","què vol dir que no feu servir la cuina? Sempre dines i sopes fora? Sí. Aquí és més barat sortir a dinar que comprar menjar i cuinar-lo . Una llauna de mongetes, per exemple, costa, com a mínim, un euro. Amb aquest euro, anar a un restaurant i demanar un plat"
"En aquest sentit, emfatitza que està cuinant un disc molt diferent de les cançons que ha tret fins ara, com ""Cupido"" i ""13 de febrer"" (amb Lau Gibert).","és una dieta lleugera com la mediterrània. El dinar, a les 12; el sopar, a les 6. Asseure's i menjar junts és com un ritual: cuinar junts és quelcom normal per després sopar tots plegats. Els xinesos s'organitzen d'una forma diferent. Són molt"
"""Vull fer un disc cuinat a foc lent, que sigui molt meu. Quan vegi que he trobat el meu so ja pensaré a treure un disc"", assegura la jove artista.","va acudir fer una lasanya. Teníem carbassa, patata, ceba, porro, ...podíem fer una lasanya ben bona de ben segur. La vam cuinar a 4 mans la Laura i jo. A vegades fins i tot erem 6 i 8 mans. Mentres la meva neboda preparava un deliciós Brownie. Ja ha fet el"
"""Cosa del temps"" ha estat un disc cuinat a foc lent? El títol resumeix no només el que explico a les lletres sinó també el procès de creació.","i formatge. Abans de tenir la parada, una de les meves primeres feines, va ser treballar a la parada de llegums i plats cuinats dels Germans Serradell. Jo era molt joveneta, vaig estar 10 anys, i la veritat que sempre van ser, són i seran una família"
Així ha cuinat el seu nou i cinquè àlbum.,"i vam anar a la botiga de queviures de Palau-Savardera a buscar pollastres per dinar, els fan boníssims, també cuinen molt bé les galtes de porc. La gana aquests dies ja és més aviat escassa i ens en va sobrar força. Calia aprofitar-los i"
"El Londres del futur s'està cuinant ja a foc lent, però encara no és possible imaginar què és el que en sortirà, de la cassola.",aquelles que tenen uns ingressos de la unitat familiar que no superen el barem que trobareu a continuació. Cuina. Has de cuinar i no saps què fer? Aquesta és la secció de les receptes de cuina. Des de les més fàcils a les més elaborades. Receptes de
"Cuinat a foc lent amb una desena de col·laboradors, inclou 17 impactes que són rimes amb sentiments i compromís polític.","de rebentar el pantalons, bé, bé, exceptuant, aquells que esbandeixen el plat amb pa, que per ganes, tots ho faríem. El cuinarem al forn, i tapat amb paper d'alumini, de tal forma que tots els sucs i els aromes quedin concentrats. Ingredients: 1 peça"
"Feliç de cuinar sempre diverses històries alhora, ara filma la segona entrega de 30 monedas i el 22 d'abril estrena Veneciafrenia, el seu primer slasher.","que no requereix més de 10 minuts de preparació. Quan tenia 20 anys a casa el meu pare hi va viure una noia marroquina que cuinava de meravella, els aromes de la cuina de la Rajma encara els recordo. Suposo que des d'aleshores l'olor de les espècies em"
"Pensió a Cambridge Street reforça la meva teoria de la superioritat de les versions menys cuinades: el final del conte original, Claudina de Llanterna màgica (l'amant despitat agafa la noia i li omple el sexe de pebre), és infinitament superior i més sorprenent que el de les versions posteriors.","Albero Avui el Bruno ha fet 6 anys!!!! Calia fer un superpastís per celebrar-ho. Jo no sóc de fer pastissos, m'agrada més cuinar , però de tant en tant ho provo perquè als nens els agrada molt fer de pastissers. En vaig aprenent... No he volgut"
"La mitologia, els robots, el posthumanisme, el fantàstic transgressor, la fantasia èpica, el terror, la narrativa juvenil, les narracions orals, l'humor, els jocs i videojocs la Barcelona del futur o l'auge del gènere han estat alguns dels temes a l'escudella màgica d'aquest festival cuinada per la mà tenaç de l'escriptor i experiodista cultural Ricard Ruiz i organitzat per l'Institut de Cultura de l'Ajuntament de Barcelona.","és Can Batlle, un restaurant de tota la vida, amb una gent d'aquí de tota la vida, i amb un producte extraordinari i ben cuinat . Un servei amable i familiar i un cambrer que sembla sortit de la Riera. Pobre, tothom li ho diu!!! Fora bromes, si voleu"
"En temps de pandèmia, en què han tancat tants establiments, l'obertura, entre el 2020 i el 2021, d'una quinzena de noves llibreries a Catalunya ha estat un fenomen sorprenent. ""Eren projectes cuinats d'abans que la covid va obligar a ajornar"", afirma Marín, i avança que encara en queden quatre per arribar.","a la Romana, el piquillos farcits o el carpaccio de ceps. Les carns són totes de qualitat suprema, també ho és el peix, ben cuinat i de bona font. I entresetmana el menú són 12 €, però quin menú senyors!!! Acabat el dinar no deixeu de passejar pel poble,"
"És a dir, l'enquesta no està cuinada, i això, opinen, no la fa vàlida.","de proximitat que ens serveixen pagesos i ramaders de la Plana de Vic (Osona). Productes de la màxima qualitat que cuinem amb respecte, sempre procurant potenciar el seu gust natural. També cuinem delicadament per a celíacs i vegetarians."
"En paral·lel a l’aventura andalusa, a Barcelona es cuinava a foc lent un altre projecte.",. Les parades de Carn i Embotits venen productes càrnics que són presents a la dieta humana des que va ser possible cuinar-los amb la descoberta del foc pels nostres ancestres. Tradicionalment les peces de carns han estat treballades per a
El programa s’ha cuinat junt amb més d’un centenar d’entitats i ofereix una mirada àmplia sobre el coneixement científic i l’aplicació directa sobre la ciutadania.,". Mentrestant, sense vergonya, preguntem, parlem, conversem, sumem coneixements, demanem la millor manera de cuinar o expliquem a la senyora que tenim al costat que la carbassa laminada i al forn és increïblement bona i molt fàcil de fer."
Lee cuina la tensió de Burning a foc lent al llarg de dues hores i mitja que passen volant gràcies a la finesa amb què el coreà observa un Jeonsu commovedor en la seva confusió perpetua.,"gratuïta; i el dissabte 19, de 10 a 13h, Compro i cuino , la marca estrella de l'Aula, amb David Mura ensenyant a comprar i cuinar tonyina; preu 30€. D'activitats, del Fòrum gastronòmic, n'hi ha per dar i per vendre i de bons aliments al Mercat del"
i puntuades amb textos de Girona Bons Fogons; els comerços de la ciutat participen a un Concurs d'aparadors; hi ha films cuinats al Cinema Truffaut; hi ha tastos per qui ramblegi; un munt d'iniciatives lectores a la Biblioteques; tast de vins al,"que hi acudiran per aportar idees, trucs i receptes, de forma gratuïta; i el dissabte 19, de 10 a 13h, Compro i cuino , la marca estrella de l'Aula, amb David Mura ensenyant a comprar i cuinar tonyina; preu 30€. D'activitats, del Fòrum"
i puntuades amb textos de Girona Bons Fogons; els comerços de la ciutat participen a un Concurs d'aparadors; hi ha films cuinats al Cinema Truffaut; hi ha tastos per qui ramblegi; un munt d'iniciatives lectores a la Biblioteques; tast de vins al,"de relleu els productes de la terra. Parlem del Bull de tonyina, un plat típic mariner que amb els anys s'ha deixat de cuinar . A Vilanova i la Geltrú un col·lectiu de persones organitza una trobada anual entre cuiners de diferents generacions"
"de la cançó en català. El mateix any sortia el single Hi ha gent/Em dius que el nostre amor, a nom de Jordi Soler, mentre es cuinava el primer disc propi d'OM. Tinc gravada a la memòria una imatge dels OM, amb el Juli Llorens en primer terme tocant el","plats. Aquí les teniu, els plats acabats de sortir de la cuina, encara desprenen olor.... No cal dir que tot és fresc i ben cuinat i l'enciam cruixent, com cal. El passat 26 de març la Unió Europea, com a conseqüència de l'accident nuclear de"
". Els ingredients didàctica, metodologia i tecnologia, per part nostra i el knowhow dels docents, a punt de ser cuinats . Impartir la formació inicial per docents en educació física en el sistema educatiu, amb especial atenció sobre l'","d'una ajudant Comenius, una mestra de Noruega pagada per la Unió Europea. L'Anne era dolça i vital, li agradava molt cuinar i abans de marxar va convidar-nos a fer el típic sopar nadalenc de Noruega. Mai, mai, havia tastat un porc tan tendre i ben"
"que formi ciutadanes. Quant semblava que ja no podíem tenir més retrocessos, apareix la LOMCE, una maquinada i cuinada a la FAES i la conferència episcopal, una llei que ens retorna a èpoques que pensàvem haver deixat endarrere... Religió","i abans de marxar va convidar-nos a fer el típic sopar nadalenc de Noruega. Mai, mai, havia tastat un porc tan tendre i ben cuinat . I la crosta....mmmm una delícia cruixent i saborosa. L'acompanyament és un altre capítol a part. De seguida que me n'"
"la Gisela al local d'assaig, que els va preguntar pel lloc. En David, generosament, es va explicar: -Doncs aquí és on cuinem les cançons , fem reunions, parlem sobre els projectes que hem de fer... És una mica la seu d'operacions. També els va demanar pel","1 fulla de llorer uns brins de safrà (si en tenim) sal oli - Agafem una cassola ampla que tingui tapa, (a mi m'agrada molt cuinar amb la de ferro colat) hi posem un bon raig d'oli i un parell d'alls amb pell i tot i enrossim a foc viu els talls de pollastre"
"de la cançó en català. El mateix any sortia el single Hi ha gent/Em dius que el nostre amor, a nom de Jordi Soler, mentre es cuinava el primer disc propi d'OM. Tinc gravada a la memòria una imatge dels OM, amb el Juli Llorens en primer terme tocant el curiós saxo","que hi acudiran per aportar idees, trucs i receptes, de forma gratuïta; i el dissabte 19, de 10 a 13h, Compro i cuino , la marca estrella de l'Aula, amb David Mura ensenyant a comprar i cuinar tonyina; preu 30€. D'activitats, del Fòrum"
"tots els matisos del gris, insinuant camins per on avança, amb pas ferm i valent, el carisma del saxo soprano. Junts han cuinat a foc lent aquest ""Rutes"", un disc de presentació íntim i personal que està ple d'emocions i sentiments. Noticies relacionades: msymphony ha enviat la","pel mòbil, a l'altre, un avi veu un programa de cuina, mentre l'espera el seu petit got de vi negre. Avui ensenyen a cuinar cargols amb botifarra. He trucat. Lídia, posava a la Blackberry del meu marit, perdó, ex, a partir d'ara sempre serà l'"
"El modelo Watson y Crick . Gravació en directe d'un disc de Jazz. Desde els plats i els tambors l'Ivo Sans es proposa cuinar un disc amb, com a únic secret, l'utilització de pocs ingredients, bons i frescos. Per una banda l'indiscutible talent pel","per una part i per altra talla la ceba en juliana . Passeu per un paella casdascuna de les verdures, sense arribar a cuinar del tot. Munteu la lasanya en una cassola de fang, alternant capes de carabasseta, carlota, carabasseta, albergina,"
"bomba de 12 megatones, un encreuament emocional de dues vies amples amb vents laterals de 180 km/h. Un d'aquells grups cuinats a foc lent, dic a disc acumulant fans i deixant via lliure per que el boca orella faci la seva feina. Difícil que no hagis vist víedoclips com ""","fogons... i són molts. El blog Decuina.net , per exemple, va tenir la iniciativa de fer un senzill homenatge: que tothom cuinés , ahir dissabte, un plat amb una recepta del xef de Sant Celoni i, qui tingués un blog de cuina, que la pengés. S'hi van"
"del dret a decidir, des de les CUP fins a CiU, i només tres partits unionistes (PSC, PP i Ciudadanos). Els vots no es poden cuinar ni manipular amb enquestes. Per tant, i si hi ha una gran majoria de partits que volen el referèndum, a què esperen per fer","a després. i posem vi blanc al forat que ens hi quedarà. (el vi blanc ""Terra"" no està gens malament pel preu que val, i per cuinar va de perles) Tornem a posar la ""tapa"" del Camembert,i encara que ens vessi una mica, no passa res perquè ja ens va bé que"
"- un descens en el nombre d'avortaments. Aquesta evidència matemàtica no serà obstacle d'entitat per al PP, que pot cuinar les dades sanitàries pels mateixos procediments que ha seguit per falsificar la seva comptabilitat segons dictamina","basats en els aliments de temporada per tal que sempre que ho desitgeu pugueu gaudir d'un àpat deliciciós i saludable, cuinat amb les tècniques de la nostra terra: les de sempre i les més innovadores. Vosaltres escolliu els plats que més us"
"es trobava l'olla a pressió del socialisme català: patates, bledes, cigrons, botifarra... Allà el manifest que es va cuinar parlava de ""la lluita per l'alliberament de tots els treballadors de Catalunya, la lluita pel dret dels catalans a la","pels vents que bufen a l'Empordà. El grup de La Bisbal mostrarà a Strenes, per primer cop, aquest nou repertori, que ha cuinat al llarg d'un pausat procés de cocció. A ""Festival', Sanjosex porta més lluny la seva noció de cançó tot reflectint una"
"o passen de llarg"". Pragmatisme. En canvi ERC, ICV, Ciutadans i la CUP s'hi han mostrat, d'entrada, reticents. Caldrà cuinar especialment un acord entre CiU i ERC (govern i oposició) per aconseguir tirar endavant -si així es creu convenient-",", esqueixada, conill amb bolets i oli de l'Empordà ha estat la proposta que el col·lectiu Girona Bons Fogons ha cuinat aquest dimarts a la nit al centre de Roma per convèncer Itàlia que Catalunya és un bon lloc per anar de vacances. Al"
"a la presó Ignacio Baquer Miró, un dels germans fundadors de Renta Catalana, i Eduardo Guillén Ulloa. L'estafa es va "" cuinar "" a partir del 1978, quan davant les dificultats econòmiques de la inversora i la impossibilitat de fer front al",", els aliments proteics que no poden ser consumits pels afectats d'aquest trastorn metabòlic, i també per ensenyar a cuinar a través de les receptes especialment dissenyades per la Fundació Alícia, que permetran, dins d'una alimentació molt"
"el seu orgull ferit, tampoc valen mitges tintes. Els partits es lluiten des del principi fins al final. I això va cuinar un partit calent, amb alguna picabaralla a la pista, i tres faltes tècniques per als serbis per les seves protestes. L'","i animar a la cerca de solucions comunes als possibles problemes o projectes de l'empresa. 1/4/13 Sabeu que m'encanta cuinar , sobretot postres: pastissos, tartes, bescuits, coques i galetes!!! Fins ara en feia per la familia i els amics, però"
"que siguin producte d'aquells que manen i han de manar en una organització: les seves bases. No té cap sentit avui en dia cuinar els lideratges en un despatx ni pactar-los a porta tancada. S'ha d'optar per vies més democràtiques, àmplies i obertes","cítriques i no cítriques, i un tros de pa. Incloure-hi setmanalment dos o tres plats de llegums i de pastes o arrossos. Cuinar amb poca sal i no substituir-la per pastilles del caldo concentrat, que en porten molta. Prendre llaminadures, dolços"
"dies (i que, per qüestió de calendari, no estaran recollits en el treball de camp d'aquest sondeig). Els experts a ' cuinar ' aquesta mena de macroenquestes s'han trobat amb un ""problema tècnic important"", segons sostenen, per poder","i presentació dels aliments és un aspecte primordial, ja que, en gran mesura, ""es menja amb els ulls"". Es recomana : Cuinar els aliments a la planxa, rostits o bullits al vapor. Els aliments fregits, empanats i guisats amb greixos han de ser l'"
", va emfasitzar Forcadell. Els partits sobiranistes i Elena van remarcar que la normativa, que ja es va començar a cuinar la passada legislatura, és una eina perquè Catalunya pugui millorar la qualitat democràtica"" i que tant servirà per",". També s'ocupen de tasques específiques que s'ajusten a les seves possibilitats, com ara cuidar el ramat, l'hort, cuinar i ser els dipositaris de les tradicions i els que organitzen els rituals. En les societats industrials es dóna el que l'"
"I van caure la dinastia Hohenzollern a Alemanya, els Habsburg a Àustria i els Romanov a Rússia. Cimera sobre el clima per cuinar l'acord de París fins al 2050 La conferència de l'ONU sobre el canvi climàtic (COP20), inaugurada ahir a Lima, no serà","amb bonys, tal com ho és la taronja agra. De fet, el gran gurmet Platina, al Renaixement, atribueix als catalans l ́art de cuinar l'aviram amb taronja. Els espanyols varen dur la taronja agra o ""de Sevilla"" a Amèrica. És molt popular en la cuina"
"de pel·lícules com 'De qué se ríen las mujeres' i 'Inconscientes', entre altres pel·lícules. En aquesta ocasió, va cuinar juntament amb Yolanda García Serrano, la seva guionista habitual, aquest divertit triangle amorós: Olivia Molina és",mal moment per escriure't el plat que més hem gaudit en aquesta casa centenars de diumenges a la mateixa hora. El plat el cuinava la meva àvia i no sé si el va heretar d'algú o el va inventar ella (ho preguntaré). Les meves tietes segueixen fent-lo i jo
"i la seva derivada, el cas Bárcenas. En el debat parlamentari, PSOE, IU i UPD van carregar contra l'Executiu i el CGPJ per cuinar una fórmula que, en la seva opinió, només busca ""estendre una liquidació i posar data de caducitat"" al magistrat per",al carnisser que et lligui la carn o lligar-la tu amb cordill abans de prepara-la. És una carn amb molt nervi però es cuina amb molt de temps i acaba sent melosa perquè els nervis es desfan i la barreja de carn i nervi queda molt melosa. S'han de
"electrònico-hip hop de Rudebox (2006), que The Guardian va descriure en el seu moment com a ""ple d'idees a mig cuinar , acudits dolents, música que qualsevol altra estrella de l'estatura de Williams estaria terroritzat que escoltés el","al barranc de l'Infern, descobrirem en què consisteix l'Escola de Pastors, pujarem en bici per la vall d'Àssua, cuinarem pollastre de corral a Casa Bellera i coneixerem una pastora poc convencional que ens portarà al Triador, la baixada de"
"davantera, els blaugrana es van mostrar molt superiors als de Lucas Alcaraz en un partit que van jugar a mig gas i que van cuinar a foc lent, amb paciència, per superar la poblada defensa del Llevant i la superioritat física d'uns quants valencians",": TALLER DE PASTA AMB DINAR/SOPAR: La durada de la festa és de 2.5 hores aproximadament: 1 hora és de taller, l'altra de cuinar i després es menjaran la pasta cuinada que ells mateixos han fet! Preu: 22,50€ per nen. TALLER DE PASTA SENZILL: Si no"
"des de la majoria absoluta. Si no es dóna, s'anticipa un més que possible pacte 'anti-Albiol', que es podria començar a cuinar ja durant la campanya. CiU tornarà a ser clau en la negociació amb les forces d'esquerres, que hauran de fer front a l'","La durada de la festa és de 2.5 hores aproximadament: 1 hora és de taller, l'altra de cuinar i després es menjaran la pasta cuinada que ells mateixos han fet! Preu: 22,50€ per nen. TALLER DE PASTA SENZILL: Si no voleu menjar en la festa, us podreu endur"
per ara el soroll i els escarafalls dels uns i els altres pesen molt més que la substància. Prova que tot està encara per cuinar va ser la manca de controvèrsia: tots van dir estar d'acord a aplicar mesures contra la pobresa. Caldrà veure si es manté,"està malalta d'alzheimer. La meva iaia era un excel.lent cuinera com ja vaig comentar un dia ...i ara com que ella no pot cuinar , vam voler portar aquest pastís tan bo per agraïr a les cuidadores les seves atencions. El destí va fer que aquell dia la"
"crítica"". Així mateix, Cesc Niubó, de Procés Constituent, ha defensat que ""la nova Constitució catalana s'ha de cuinar en els carrers, en els centres cívics"". En tot cas, ha subratllat que ""no hi ha cap possibilitat de reforma profunda de la","Vilar Rural d'Arnes - Excursió a les fonts daigua - Al Vilar Rural de Sant Hilari Apreneu, tant els nens com els adults, a cuinar diferents plats i postres segons l'època de l'any, us convertireu en uns autèntics xefs: - Taller de crêpes (de mel,"
"president o algun membre de Castella-la Manxa va ser a l'Eurobàsquet femení amb la selecció espanyola i que allà es van cuinar tots aquests temes"", va denunciar. ""És incomprensible, totalment incoherent. No hi ha paraules. Veus impotència,","tots ells han demostrat les seves habilitats com a cuiners ensenyant diferents plats a la resta de companys. No només es cuinava un menjar, sinó que es podien veure fins a 5 plats diferents el mateix dia. Paral·lelament, mentre els pares i mares"
"en el laboratori del món Diuen de Silicon Valley que és la Roma o la Londres moderna, el lloc triat el tercer mil·lenni per cuinar i testar els canvis que modificaran la humanitat les pròximes dècades, els segles que han d'arribar. I que aquí el futur","En el primer cas han cuinat un rostit de vedella i en el segon cas una espatlla de xai. Dues receptes que amb un bon producte i unes bones cuineres,"
"Sociològiques (CIS). L'enquesta oficial situa els populars amb el 30,7% d'intenció de vot directe -és a dir, sense cuinar - en aquestes petites poblacions, molt per sobre del PSOE (19,9%), Podemos (11,4%) i Ciutadans (5,7%). Per contra, a","aquestes varietats es troba la Desirée, que és una patata petita, de pell vermella, d'aparença delicada, adequada per cuinar o per fregir, o també la Red Pontiac. Versàtil. És sensible als cops, és una de les millors per coure, ja que no es desfan i"
anar de corcoll la defensa blue i l'entrada de Bolasie va doblar l'aposta de l'equip d'Alan Pardew. Els dos africans van cuinar els gols d'un triomf històric del Palace. El congolès va assistir al malià en el primer i entre tots dos van propiciar el,"al País Basc. Generalment de forma ovalada (com els bascos), de polpa no farinosa, són ideals per a rostir, bullir o cuinar . La patata Bufet és una patata blanca molt cultivada a la zona del Prepirineu i Osona, és una varietat que sembla que va"
"per al grup"". També ho ha sigut anar a gravar Don't look back als Fame Studios, de Muscle Shoals (Alabama), on es van cuinar àlbums històrics. ""És el lloc d'on ve molta música amb la qual vaig créixer. Els nostres herois, gent com Wilson Pickett","de l'entrega de claus va ser molt atent. 9.6 Tot molt bé, potser dir que el sofà és una mica incomoda i que al haver cuinat bastant a l'apartament he trobat a faltar algun estri més de cuina: cullarot, tapadores, ... però segur que tornem ens"
"de reflectir la nova realitat de CDC i UDC separades. Per això, el CEO ha decidit de presentar les dades 'pures' i no ' cuinar ' l'enquesta. Podem seria tercer en intenció directa amb el 10,8%, seguit del PSC (9,2%), CUP (7,6%), Ciutadans (6,6%)","i tots els permisos sanitaris en regla. Una mena de gran cuina amb tota la tecnologia de fred i calent per preparar, cuinar i envasar aliments per a ser servits o venuts a col·lectius, botigues i empreses de tot el món. Parlem d'economia: al"
"divisió i de la barrera per a anar endavant. Si n'ha de ser, de clara, la realitat demoscòpica, que ningú no s'atrevesca a cuinar les enquestes per dir que els del sí perdrem... Els arguments nous són: primer, que el país és dividit; i segon, que hi ha","desenvolupa la ""nouvelle music"", un plat musical amb un só diferent, amb cançons que van del pop al swing amb lletres cuinades i crues a gust de tothom. Editado en formato CD y libroCD, grabado en Mallorca, producido por Jordi Tugores y con diseño a"
"no haja publicat una enquesta des que es va formar Junts pel Sí resulta ben cridaner i significatiu. No saben com han de cuinar les dades que tenen. Però això no impedeix que uns quants sectors ja 'filtren' enquestes inventades que ni tenen autor,","darrer segon de partit ha donat la victòria al Madrid i el títol de Copa. Gran Chef Cooking wine El costum d'ajudar-nos a cuinar amb vi l'hem heretat de les antigues cultures grega i romana. Al Penedès, comarca de gran tradició vinícola, la família"
"de l'islam, juntament amb la ""shahada"" (professió de fe), l'almoina, l'oració, i el dejuni en el mes de Ramadà. El CIS va cuinar la seva enquesta per rebaixar en més de 4 punts el vot independentista, segons 'Público' El Centre d'Investigacions",. Ja deia Honoré que practicar l' slow food no era només qüestió de sibarites sinó que també era slow food dedicar temps a cuinar i menjar amb calma i conrear les pròpies verdures. L'organització slow food ara té al voltant de 100.000 membres
"Matthew E. White. Ells van ajudar Prass a sortir d'un cert tedi -ja eren massa anys lluitant en l'escena de Nashville- i cuinar i llançar el seu primer disc, celebrat amb just entusiasme per la premsa: cinc estrelles a The Guardian, ""debut sublim""","i evocar la innocència perduda és un càlid refugi per als temps que corren. A més, jo també tinc la meva part Maleni. No cuino rebosteria (només, molt de tant en tant, la famosa coca del iogur) tot i que m'agrada menjar-la. Odio cosir (a La Yaya"
"Divisió contra el Vilafranca el curs passat quan encara era juvenil. Dotze minuts més tard, el veloç lateral Quimo es va cuinar la jugada i després d ́una paret amb Del Campo va batre Bayona. El capità del Figueres i jugador del club amb més partits a",", roses, calèndules i moltes més joies de la naturalesa. CUINAR AMB FLORS Flors silvestres A l'hora de triar flors per cuinar , s'han de seguir unes passes tant importants com quan anem a buscar bolets, doncs n'hi han d'aparença molt bonica i en"
"el restaurant. I així ha sigut. -Amb una sommelier al costat -la seva parella, Assum Roigé- el tàndem és perfecte. Cuinar una relació les 24 hores, ¿què tal és? -Compartir objectiu personal i professional ens uneix més. Sabem separar l'","ajuden a refrescar el nostre cos i compensar la calorassa que apreta. Les flors de carbassó són un dels tresors que podem cuinar a l'estiu, unes floretes abans menyspreades i que un bon dia algú va decidir que podrien menjar-se i així aprofitar-ne"
"per al sobiranisme. Tot i això, vol evitar que C's guanyi a Catalunya: ""Seria un petit drama"". Quatre experts per cuinar l'oferta de govern coral Última setmana d'octubre. Faltaven pocs dies per a la constitució del nou Parlament, en què","amb Discomòbil a partir de les 12 de la nit. Experts arrossaires Arròs Carnaroli Cremós i consistent, ideal per cuinar risottos Ideal per cuinar risottos, la varietat Carnaroli és la més famosa d'Itàlia i la més utilitzada pels cuiners a"
"nacionalment desacomplexat, que encarna Ciutadans. De fet, segons la intenció directa de vot del CIS -les dades sense cuinar i sense assignar vot als indecisos-, entre els més joves de 65 anys Rajoy tindria un 12,4% de paperetes espontànies i","una mica més aquesta varietat d'albergínia, dins del marc de la producció local, on es pot comprar i com la podem cuinar . La presentació finalitzarà amb un tastet de diversos plats fets amb l'albergínia blanca i maridats amb un vi de la DO"
"precisament al candidat socialista, que ja ha maniobrat per allunyar l'horitzó de les urnes -ha demanat un mes per cuinar la investidura- i buscarà reforçar el perfil d'alternativa en la ronda de contactes i la votació posterior. Si no,",en una vivència integral i inoblidable. La seva cuina tradicional i abundant té el gust especial de la cura detall cuinat a foc de llenya en un vell forn autòcton i original que quedarà gravat en el teu paladar i en la teva memòria. Una trilogia
"de decidir si es presentaria a unes eventuals eleccions catalanes. Tancat aquest escenari, han guanyat temps per cuinar un projecte més sòlid i estable. Colau, doncs, assumeix un nou repte després d'un any de suma d'èxits. Flanquejada pel",". El sacrifici el fem al nostre escorxador i els distribuïm a particulars, carnisseries, restaurants, a més de cuinar-los al nostre restaurant. En tot el procés cumplim les normatives sanitàries corresponents. L'ànec mut És una varietat"
"diferència"", deia Eliot Cohen, un dels fundadors del Projecte per a un Nou Segle Americà, el laboratori d'idees on es va cuinar la guerra de l'Iraq. L'exsecretària d'Estat és un falcó, més intervencionista que Trump o Barack Obama, com demostra","i els alimentem amb cereals, blat i blat de moro. Un cop sacrificats els distribuïm a carnisseries i particulars o els cuinem al nostre restaurant. El pollastre ros ecològic A CAL PADRÍ també comercialitzem el pollastre ros ecològic,"
", quan al conjunt unionista li costava més sortir del seu camp pel vent, Casanova i Brugué, que acabaven d'entrar, van cuinar el 2-0, anotat amb insistència pel jove davanter de Bàscara. El PSOE afirma que el ""bloqueig"" de Podem serveix perquè","les 4 de la tarda al Teatre Auditori de Sant Cugat. Amant de les coses senzilles, capa d'emocionar-se compartint un àpat cuinat amb cura; o llegint i revisitant els seus poetes preferits. Aquells que van marcar la seva adolescència i als que torna"
"per Clara Segura, en un monòleg original de Marta Galán Sala. Plaer i política, aquests són els dos ingredients que vol cuinar Marc Martínez, en l'adaptació del text de Galán. Un ""one person-show"" fet a mida de Clara Segura que es representa","a mi m'agrada el dolç, a ella el salat... Fa temps em va parlar d'un Parmentier amb confit d'ànec i des de les hores, ja l'he cuinat més d'un cop. És fàcil, és vistós i el millor de tot, és bo! Ingredients per 4 persones: 2 confits d'ànec (jo el compro ja"
"aquest sector s'estigui consolidant"", diu Sanfeliu. Per a aquest gestor d'inversions, les claus que han permès cuinar l'èxit que les empreses biotecnològiques comencen a viure ara són una recerca universitària potent, un teixit de","PÚDING D'ENSAÏMADA Una micona més és un programa de plató de caire divulgatiu i d'entreteniment, en el qual aprendrem a cuinar els plats tradicionals de tota Espanya i coneixem les curiositats, els trucs i les novetats que presenten els plats que"
"que sense el so Madchester, aquella mescla de pop, psicodèlia, cultura de ball i prepotència que van aconseguir cuinar en el seu primer disc homònim del 1989, ni Oasis, ni Blur ni Primal Scream haurien sonat com ho van fer, ni els U2 haurien","als més elaborats i amb una variant cada dia de la setmana, un valor afegit. Així, i a banda del plat principal que cuinarem cada dia, farem aperitius, cremes o postres. El llenguatge àgil, fàcil i demostratiu faran que aprenguem a cuinar un"
". A última hora, però, els republicans van llançar un ultimàtum a Colau perquè triés entre formar govern amb el PSC o cuinar un nou pacte amb els republicans. BComú va deixar clar que aquesta opció implicava el suport extern de CiU i no ho veia","cuinarem cada dia, farem aperitius, cremes o postres. El llenguatge àgil, fàcil i demostratiu faran que aprenguem a cuinar un plat en un tres i no res. Al programa d'avui n'Óscar i en Fabián cuinaran un pastís cruixent de bacallà i sobrassada."
fins que va aparèixer Gerard Moreno per culminar un contraatac llançat per Baptistao. L'exjugador del Vila-real es va cuinar el gol i va batre a Kameni amb un xutàs amb l'esquerra que va tocar en Llorente (m. 27). L'àrbitre la va encertar a l',"àgil, fàcil i demostratiu faran que aprenguem a cuinar un plat en un tres i no res. Al programa d'avui n'Óscar i en Fabián cuinaran un pastís cruixent de bacallà i sobrassada. Per als postres utilitzaran el producte estrella de les illes per fer un"
". El Barça fa un pas enrere El que un central va construir, un altre ho va dinamitar. Entre Mathieu i Mascherano van cuinar l'ensopegada inesperada del campió que l'ha col·locat un pas per darrere del Madrid tot just començar. Mascherano va","fa a les seccions fixes: al Rebost, na Maria Montero rebrà el Dijous Llarder així com toca i donarà el sus als Darrers Dies cuinant una tradicional greixonera de peus de porc amb una antiga i bona amiga del programa; i als Oficis, en Felip Munar ens"
"en una casa que es va comprar als terrenys on hi havia el llegendari Bökelbergstadion. Ara la té llogada. Més enllà de cuinar , la gran passió de Ter Stegen és la seva professió. La mateixa que el porta de nou al Borussia Park, situat al número 1 de la",". 8. Tenir paciència per arribar fins al final del procés amb motivació positiva! Hi ha persones que es prenen el cuinar com una teràpia o una sessió de relaxació. 9. Sentir amor pel que fas, els ingredients i les persones que rebran el pastís"
"disfresses on cadascú va vestit segons dicta la seva creença i explica allò que ha viscut, però on encara estem lluny de cuinar , a foc lent, la complicitat essencial. Per això Buber apel·la a la responsabilitat del vincle amb l'altre i atendre","Els petits pagesos', perquè els nens aprenguin conceptes sobre agricultura i facin tallers per saber com tractar i cuinar els espàrrecs. Enguany, el recinte que acull la Fira d'Espàrrecs s'ha redistribuït i el carrer Sant Pere -amb diverses"
"o passen de llarg"". Pragmatisme. En canvi ERC, ICV, Ciutadans i la CUP s'hi han mostrat, d'entrada, reticents. Caldrà cuinar especialment un acord entre CiU i ERC (govern i oposició) per aconseguir tirar endavant -si així es creu convenient-","de be o iac barrejada amb sang. En segon lloc tenim la troma , un petit tubercle que es compra sec, es deixa un remull i es cuina finalment afegint-lo a l'arròs; sens dubte recorda la nostra xufla. Els tibetans el consideren com un dels menjars més"
", d'ínfima qualitat, per especuladors privats però amb l'empenta del sector públic, en una unió on es van començar a cuinar els tripijocs immobiliaris; la prehistòria del cop de totxo. Aquells mastodonts de formigó es van aixecar en el buit.",a idea. Altres vegades les hi he fet i hi diuen molt bé. Avui havia de dinar amb molt bona companyia i pensant el que havia de cuinar m'he decidit per fer peix. A la parada del mercat on habitualment vaig tenien un calamar preciós i bé de preu i unes
de les últimes dècades està portant el món a un passat de banderes i salvadors de la pàtria. Part del triomf de Trump es va cuinar als bressols demòcrates i desindustrialitzats de l'Oest Mitjà. La revolta dels perdedors s'ha consumat. Barcelona,"amb la natura estan al nostre abast. No podem oblidar-nos de la seva gastronomia, on els productes de la terra cuinats amb l'oli que s'extreu de les seves terres i acompanyats de vins de gran qualitat i variada rebosteria, faran les"
"(sí que molts hi actuen dins d'altres formacions) amb teatre per a adults. La peça té la garantia de Joan Ollé, que sap cuinar veritables cabarets literaris similars a Paraules d'amor (La Seca, 2016) o A la ville de... Barcelona (Grec, 2012).","Palamós) ""L'olla"", ""la cassola"" o ""el suquet"" són alguns dels molts noms que fan referència als plats més típics que es cuinaven a bord d'una barca de pesca i que fan referència a la tècnica emprada, limitada sempre per les condicions. Avui dia,"
" s'estrena aquest dimecres a la Sala Muntaner i compta amb cinc músics i actors sobre l'escenari que han ajudat Ollé a "" cuinar a foc lent"" aquesta peça, que ""es podria considerar un cabaret literari"". Marcel Proust, Miguel de Unamuno, Narcís","fer pensant en una cuina de rebost que es podria trobar en el rebost d'un vaixell. En aquesta ocasió, en Joan Sala no només cuinarà un exquisit plat de mar, sinó que demostrarà que el gran sabor pot ser, a més, molt saludable. Data: 15 de desembre Tema:"
"part. Va desbordar en carrera Carlos Martínez, que al final va recórrer a la duresa per frenar-lo, i en una escapada va cuinar el gol de Messi. Un miratge en l'agònica travessia pel verd desert en què es va convertir el verd tapet d'Anoeta per al","Norai del Museu Marítim de Barcelona) Intensitat aromàtica, tipus d'aroma, sabors, textures, quantitat del plat cuinat ... I després cal pensar en el vi, tenint presents paràmetres similars: paleta aromàtica, textura a la boca, acidesa,"
"després d'un balanç d'un llançament errat i una pilota perduda. Timothey N'Guessan va entrar a pista per mirar de cuinar una mica més les accions. Davant els dubtes, el Granollers es feia fort. Només el gal i el seu compatriota Dika Mem li van","llaminadures. És millor utilitzar aliments naturals, frescos o congelats, que aliments preparats o conserves. Cal cuinar els aliments a la planxa, al vapor, al forn o cuits. És necessari acostumar el nen a moderar la ingesta de sal. Els nens i"
"Borja Lancina i els tres jugadors de l'Handbol Bordils Eduard Nonó, Josep Reixach i Marc Canyigueral han apostant per cuinar les accions, fixant la part central del sistema defensiu i donant la pilota. Quan s'han de desplaçar, els blancs",". S'han d'evitar els arrebossats i els empanats. És útil retirar el greix visible de la carn abans de cuinar-la. S'ha de cuinar amb poc oli, evitant els fregits i les salses. No s'ha de cuinar amb mantega o margarina. L'oli d'oliva cru en quantitat"
"que s'havia fixat en mi perquè les meves comèdies tenien vida"". Paco Ramos, productor de Zeta Cinema que en sap molt de cuinar èxits de taquilla (3 metros sobre el cielo, Tengo ganas de ti, Zipi y Zape), repeteix fins a embafar l'expressió ""focus""","el greix visible de la carn abans de cuinar-la. S'ha de cuinar amb poc oli, evitant els fregits i les salses. No s'ha de cuinar amb mantega o margarina. L'oli d'oliva cru en quantitat moderada a l'hora d'amanir és molt saludable. S'aconsella"
"amb ella en una cançó del disc col·lectiu De Benidorm a Benicàssim, l'obra conceptual al voltant de l'indie que va cuinar Luis Troquel, i abans que Bunbury adaptés Cara a cara. ""Llavors encara estava mal vist reivindicar Jeanette"", recorda","deixar que bulli) en la mantega fins adquireixi un color rosa (SIL) o bé fet. Si prefereix menjar la Kitfo gairebé cru, cuinar a foc lent la carn a la mantega durant molt poc temps (leblet). Kitfo S'acompanya de mató, pols de mitmitta, i també amb"
"en contra d'una voluntat legitimada a les urnes, i la societat espanyola o bé va riure o bé va callar. La indignació es va cuinar sola -sense polítics pel mig- i va esclatar l'11 de setembre del 2012. El procés ha trastocat l'statu quo i ha rebentat",tot l'any!!! Hola amics. Açi per les comarques del sud no tenim molta tradició sobre com conservar bolets. Alguns els cuinen i després els guarden al bany de maria. El que passa es que la majoria de gent sols recull esclatassangs (rovellons) i
"musical, però cada compositor elabora les melodies i els ritmes a la seua manera, creant la seua pròpia recepta per a ' cuinar ' les seues músiques"". Així és el complement didàctic elaborat per La Caixa, que té la seua continuació amb les obres",". Ofereix productes elaborats a partir d'ingredients ecològics i de proximitat (conserves, embotits, patés, plats cuinats , sopes...); servei de càtering; consultoria i cursos de cuina, sempre amb la mateixa filosofia slow food i km 0. Oriol"
"les normes de cultiu, un registre de control i distribució, i mesures de control higiènic i sanitari. Miró recomana cuinar una llei ""realista"" perquè no passi el mateix que amb el text aprovat per les Corts de Navarra el desembre del 2014. El","de Catalunya. Estem endegant un taller per els més joves: viure sol té les seves dificultats en especial aprendre a cuinar . Estem dissenyant un taller on aprendre cóm anar a comprar, cóm organitzar la nevera i el rebost, cóm realitzar menús"
"arranjaments tropicals, Por el señal de la cruz, o de rescats d'altres temps: Así fue, del primer disc que van cuinar junts, Desde Andalucía (1988). Mencions a una altra obra clàssica, Se me enamora el alma (1989), amb peces de José Luis","una mica de voluntat de reivindicar la seua existència i de fer explicar que els valencians, a banda de paelles, també cuinem l'arròs de maneres ben diverses. Al mateix temps, una hortalissa com la pebrera, amb els grans d'arròs i els petits"
"al despatx d'un advocat afí al PP. En aquesta trobada, el comissari li va assegurar que Fernández Díaz havia ordenat de ' cuinar informació' per a atacar els Pujol 'pel tema independentista'. Josep Pujol va fer aquestes revelacions a la fiscal","els divendres de setembre , la terrasa de Can Partegàs s'obrirà al públic per oferir una variada oferta de productes cuinats al moment a les graelles de l'Ariel , perfectament acompanyats per les cerveses que rajaran de les nostres 5 aixetes . En"
"Eusebio Unzué (germà de Juan Carlos, segon entrenador del FC Barcelona), que li va fer de mentor, el va aconsellar, i va cuinar el seu talent a foc lent, sense presses per fer el cim, i tocant el fre en els moments que s'embravia. I ara comença a","toca amb instruments d'època. Cors de Cabdell (Caixa 6 u.) Els Cors de Cabdell es poden menjar crus en amanides o es poden cuinar com a verdura. Els minerals dels Cabdells enforteixen els ossos, les articulacions i les artèries. Les fulles més"
"Aquesta vegada, el trident, encara incomplet, no es va quedar sec. El propietari del club, Messi, va marcar dos gols i va cuinar el tercer perquè Alcácer compensés l'absència de Neymar. El Barça va aconseguir el mateix resultat que el Madrid, i l'","embarcació petita amb coberta i d'un sol pal. I balandra també és la salsa amb què els pescadors enriquien els plats que cuinaven , sovint a bord, per acompanyar els peixos malmesos o descartats per a la comercialització. Xavier Veciana té"
"com passatger. Per dir-ho clar, res d'autoajuda: literatura de la duradora, de la macerada, de la que ha costat de cuinar i es pot trigar a pair, però que alimenta de veritat, el cos i l'esperit. Perquè aquí està el miracle: des de la A d''","i simpatitzants de la formació ecosocialista provinents de tota la comarca, amb el rerefons d'una paella que es cuina amb dedicació i cada vegada més... El consell d'alcaldes del Baix Llobregat ha signat una declaració a la seu del"
"i nosaltres votàvem sobre com havíem de gestionar el reciclatge de les nostres deixalles"". ""Tenim els ingredients per cuinar una tempesta perfecta. Mesures d'austeritat, privatitzacions, terrorisme, crisi migratòria, atur: tot són","filet de bou amb salsa de ceps i trompetes de la mort o bé amb un civet de senglar macerat amb vi negre i herbes balsàmiques, cuinat amb xocolata Notícies Quan vam pensar en portar el concepte del Piknic Electronik a Barcelona, no sabíem si realment us"
"reunió postcrisi prometent que refaran el cartipàs amb rapidesa El govern de CDC i ERC postcrisi es va començar a cuinar , ahir a la tarda, al despatx d'alcaldia, on es van reunir, per Convergència, l'alcalde Valentí Junyent i Àuria Caus,","ambiental, econòmica i el greuje social que comporta el malbaratament alimentari. Proposta de maridatge: per cuinar receptes de carns blanques. Exquisit amb una torrada amb foie. Envasos de 168 grs. Durant el mes de maig de 2008 vam"
"llavors. Finalment, aquest any les aigües han tornat a mare, tot i que han fet falta mesos per restaurar la confiança i cuinar un acord satisfactori per a les dues parts. El regust que deixa a Atenes és, però, amarg. El nou tram d'ajuda, com tots els","Som pagesos ecològics, productors de verdures de proximitat a La Rierola i al Guiu, les servim fresques o us les cuinem al restaurant. Conreem plantes aromàtiques i medicinals a Mas Vinyoles, de conreu ecològic, per produir infusions"
que compensin la falta de majoria parlamentària del Partit Popular. En les pròximes setmanes i mesos el Govern ha de cuinar successius pactes polítics amb les comunitats autònomes (per al repartiment dels objectius de dèficit) i amb els,"Catalunya i al món Ingredients i atuells de la cuina del peix Al final de la visita es degusten diferents tastets de peix, cuinats de forma tradicional o innovadora tot usant amb espècies pròpies dels nostres mars, econòmiques i saludables."
"d'aixecar el peu, Espanya ha pressionat en defensa fins a sotmetre i desequilibrar França. En atac, la paciència per cuinar cada acció, la claredat d'idees i l'encert en el tir li han donat el comandament del xoc a les jugadores espanyoles que s'","capes planes , cobertures o també madeixes que donen volum i serveixen de presentació d'un plat . La pasta kataifi es pot cuinar al forn o es pot fregir en oli . En el primer cas és convenient untar o banyar la pasta amb mantega per hidratar i donar-li un"
"com Pedro J. Ramírez, aleshores també a El Mundo, van fer conxorxa amb el comissari José Manuel Villarejo per ' cuinar informació' que perjudiqués els Pujol si l'ex-president no feia marxa enrere i abandonava el posicionament a favor de","permís per dur a terme una calçotada popular (organitzada juntament amb el Casal Manuel de Pedrolo), no ens va permetre cuinar els calçots a la Plaça Frederic Soler. Sabent que altres entitats del districte ho havien fet i que aquest fet no és"
"sortida, en la frenada d'aquell primer revolt del Circuit de les Amèriques ple de riscos. Va esperar quatre voltes per cuinar un avançament sobre l'alemany, de la mateixa manera que forneja el seu quart títol mundial en el millor moment de la seva","que cal tenir presents a lhora de comprar-la. També ha comentat com treballa la tòfona a la cuina de Can Jubany i ha cuinat algunes receptes amb aquest producte tant valorat en lalta gastronomia. Gírgoles de castanyer amb angules i tòfones,"
"de país, segons nomenclatura de la Generalitat-, tampoc. Us ho vaig explicar aquí mateix: necessitaven temps per cuinar les gravacions. Per editar-les. Per tallar-les. I oferir un relat enllaunat i manipulat als Telediaris. Però aquesta","a l'Hotel Castel aquest Dine & Wine durant la primera setmana de novembre. Cada any hi participen famosos xefs que cuinen per a cent apassionats gourmets. Els participants en aquests sopars arriben d'Alemanya, Suïssa, Àustria, Bèlgica i"
"remuntada) i Max Verstappen en una jornada en què s'esperava més dels Red Bull. I a continuació dels cotxes blaus es va cuinar una altra gran batalla des de la sortida entre Alonso i Massa en la penúltima carrera en la F-1 del brasiler, que es va","la nit abans de cuinar-los. Pots posar-los a l'escudella, o fer un potatge a la manera tradicional. També els pots cuinar tots sols i combinar-los després amb verdures, cous-cous, o convertir-los en humus... Fonoll: aromàtic,"
"les regnes, però, ja s'entreveu ara: un nucli dur de dirigents al voltant del president, Carles Puigdemont, que ja va cuinar la candidatura des de Brussel·les i al qual s'han sumat independents que han esdevingut peces clau de JxCat durant la","cuinar a casa. Aquestes galletes em recorden a les pel·lícules americanes. A les d'altres països no és comú veure com en cuinen o en treuen del forn. I em resulta curiós, amb la fama que tenen de menjar tants precuinats. Les d'avui no tenen"
"això. I és conscient de la processualitat de les coses, de considerar la construcció d'un muntatge com un procés que cal cuinar a foc lent. Amb el pas dels mesos, ha anat apuntalant l'obra, ha anat creixent a partir d'una base ferma. Al Kursaal la","festes de Nadal ens vénen de perles per fer receptes de dolços: bombons, galletes o torró sempre són una bona opció per cuinar a casa. Aquestes galletes em recorden a les pel·lícules americanes. A les d'altres països no és comú veure com en cuinen"
connexions en directe. Al Telediario de les 15.00 hores s'han referit al tema. A aquella hora ja havien tingut temps de cuinar les gravacions. Una de les primeres imatges seleccionades va ser la de dos o tres ancians intentant aixecar amb penes i,"les plantes aromàtiques, fa que aquest oli aporti un ventall de matisos que permet utilitzar-ho tant per amanir com per cuinar . Sal Per a quedar bé Picual 250ml La sal marina y un ramillete de las plantas aromáticas típicas de la mediterránea son la"