"Deia Joan Fuster que els dietaristes ""prenen nota de la vida, en retallen instants amb el ganivet de la memòria, evoquen el seu temps, desgranen raons i arguments en apunts de calendari"".","Jo conec moltes herbes més o menys comestibles. Però no veig fonolls ni cosconilles ni lletsons. No hi ha vinya ací. Hi ha garberes enmig del rostoll que esperen l'era o la màquina de batre. Desgranem espigues i masteguem el blat. Masteguem i riem, però això asseca la gola i la set ens abrusa. "
"Com que el cervell funciona per contrast, no sap distingir de manera innata la realitat de la fantasia, ho desgranem segons l’experiència.","N'hi ha que són com lliris d'aigua d'una sola fulla, i n'hi ha que són com magranes o com panotxes a punt de desgranar."
Eren conscients que la ciutat instantània s'havia convertit en una manifestació artística que representava el paper alliberador de la cultura. Era subversiva perquè d'aquell experiment se'n desgranava una nova manera de viure.,També ajudava la seva mare a cabdellar una troca de fil o a desgranar una menja de pèsols.
"Això allunya el malalt de la possibilitat de trobar-se amb altres suposats malalts com ell, compartir teràpia de grup, on es desgranen les dificultats individuals i s'exposen les trampes amb què amenaça aquest món tan competitiu.","El dimoni mira que ningú no passi de la ratlla. Homes cremats del sol, dones amb criatures, velles embolcallades amb draps negres, al·lotes amb pantalons i una cigarreta de ros displicentment penjada als llavis... tothom contempla les filigranes dels cossiers, desgranades amb parsimònia, metòdicament, si fa o no fa igual ara que dos-cents anys enrera."
"Es va demostrar ahir a la nit al Guíxols Arena, que presentava un excel·lent aspecte i que va començar a vibrar així que va fer la seva aparició disposat a desgranar alguns dels seus clàssics davant d'uns espectadors que el van aplaudir i van cantar (tot i que menys de l'esperat) els seus temes des de les cadires.","amb tòfona i porto, la perdiu amb cols o amb farcellets, la perdiu en escabetx o a la vinagreta. També es fa amb mongetes de desgranar , amb llenties, amb pèsols, embolicada amb fulles de parra, amb pebrot, farcides amb bolets o foie gras o, estofades, o"
"A favor de la recentralització: aquest baròmetre, com que és especial, no conté les dades desgranades per comunitats autònomes.","la rotllana ""De què ens disfressem?"" i safates d'experimentació, a les 17.30h al Centre Cívic La Fonteta. Elaboració Desgraneu les magranes eliminant les pells blanques. Talleu el bacó a daus ben petits, renteu, assequeu i talleu lescarola a"
"A més, també escoltareu com el vell pirata desgrana llegendes antigues de pirates i sirenes que vivien al monestir.","sembrar - Planta llavors que thauràs demportar i fes-les créixer a casa teva! - A l'hivern collim olives i espellofem i desgranem el blat de moro 3.- Excursions dirigides pels volts del Vilar Coneix els pobles i la natura, molt a prop del Vilar: - Anem a"
Estem molt contents de poder desgranar totes aquestes històries amb ells.,"de vinya d'Hondarrabi Zuri amb les millors condicions de maduració i recollida en caixes de capacitat petita. Desgranat i trepitjat, seguit d'un premsat suau. Desfangament estàtic en fred de 8 oC a 10 oC. Fermentació a temperatura"
"Amenaçats per fanatismes de tot tipus, costa desgranar qui és realment fanàtic, on s'amaga la llavor que, sobtadament, germina.","de verema en una parcel·la de vinya pròpia d'Hondarrabi Beltza. Recollida i transport en caixes de capacitat petita. Desgranat i trepitjat. Maceració en dipòsit de 4 a 6 hores a baixa temperatura de 8 oC a 10 oC, seguit d'una escorreguda o"
No són poques les activitats que es fan avui: us les anirem desgranant en el que queda de programa.,"2848 botelles de 0.75 cl. Fitxa Tècnica Varietats 100% Xarel·lo Anyada 2012 Vinificació Selecció manual del raïm, desgranat del raïm i premsat suau a 0,2kg/cm2 en premsa pneumàtica obtenint un rendiment aproximat del 50%. rnDesfangat estàtic"
"Davant d'un auditori de menys d'un centenar de persones, acompanyat del primer ministre japonès, Shinzo Abe, i envoltat d'un silenci absolut, Obama va desgranar un breu i emotiu discurs.","de provar-lo! Fitxa Tècnica Varietats 100% Incrocio Manzoni Anyada 2011 Vinificació Selecció manual del raïm, desgranat del raïm i premsat suau a 0,2kg/cm2 en premsa pneumàtica obtenint un rendiment aproximat del 50%. rnDesfangat estàtic"
Albert Rivera va fer esforços per temperar el debat i desgranar el pacte amb el PSOE.,"d'excel•lent combustible per a les estufes. L'aparició de nous ""dragants"" de ""cosetxadora"" adequats per segar i desgranar el panís i dels herbicides va suposar un enorme abaratiment de temps i recursos per al conreu d'aquesta planta, fins al"
"Ho faran, expliquen, buscant ""un ampli consens"" al voltant del referèndum -el primer pas podria ser afegir-se a una eventual comissió d'estudi sobre el procés constituent al Parlament- i fent valer el pes de Podem a Espanya, però també desgranant pas a pas com s'hauria d'articular aquesta votació tant des del punt de vista jurídic com formal.","canyissos, sostre d'uralita i parets de filat de ferro obertes als quatre vents; dins s'emmagatzemaven les pinyes. De desgranar (""esgrunar"", segons el dialecte local) el panís a mà, es passà a ferho amb unes màquies mogudes primer a manubri i"
Vuit d'aquestes iniciatives van desgranar-se en la sisena sessió de reflexió preparatòria.,"el gust. A aquests productes de dones, especialment al "" mostillo "", se'ls atribuïen virtuts afrodisíaques. Masovera desgranant panís per a les gallines. Sembla que d'aquesta manera es posaven lloques més aviat. Molt raïm, però, es collia per"
"En el documental “Ciutat Morta”, es desgranen amb detalls els fets i alguns dels protagonistes i creadors són part d’aquesta convocatòria i d’aquest acte, que compartirem amb altres casos.",i organitza periòdicament activitats relacionades amb aquesta temàtica. Selecció manual del raïm.rnUn cop hem desgranat el raïm refredem aquesta pasta a 8oC i el disposem en un dipòsit dacer inoxidable mantenint-lo a aquesta temperatura
Rovira desgrana al Congrés les raons que han portat molts catalans a voler la independència.,"més. A continuació ja ho podem posar al forn uns 15 minuts. Mentrestant podem preparar el plat posant la ruca com a base. Desgranem la magrana i en guardem la meitat per guarnir el plat; amb la resta en fem suc. Quan el magret estigui, en fem talls molt"
"filosòfiques de l'obra que va deixar escrita el figuerenc. Editat per Deu i onze edicions, el llibre de Gordillo desgrana el pensament filosòfic que es desprèn de l'immens llegat literari de l'artista de Figueres, i que ha quedat sepultat","i augmenten les defenses davant les infeccions. Es creu que la vitamina C actua com un ... Ingredients 2,5 kg. de faves desgranades i molt tendres 6 talls de botifarra negra 6 talls de cansalada 4 cebes tendres 3 alls tendres 1 tomàquet gros sal"
"en un gran aparador del cinema que es produeix i es fa a Catalunya. La cosa, però, pren un altre caire quan la xifra es desgrana : es manté, és cert, el nombre de llargmetratges, tant rodats en català com en castellà (13 i 20, respectivament); i","enrossir. Quan la carn tingui color, afegirem les dues copes de licor i tot seguit, hi afegirem les faves que haurem desgranat (podem afegir alguna tavella tendreta ) i tindrem en aigua fresca per netejar-les. No cal escorrer-les , de fet es"
"han votat a favor. Les tensions entre Maragall i el PSC de Montilla Al marge d'aquesta dissertació més genèrica, Nadal desgrana tota la seva trajectòria, des que va ser diputat i candidat a la Presidència de la Generalitat fins que ser conseller del","tendres, fritures i tota mena de tapes i aperitius. En una cassola amb oli daureu els pernilets salpebrats, mentre desgraneu les magranes i trituraeu-les (reservar una part per a decorar), quan els pernilets estiguin daurats afegiu la copa de"
"que treballa a Londres i viu a Holanda acaba de publicar El dilema de España (Ediciones Península), un llibre en el qual desgrana en només 199 pàgines els reptes més immediats als quals s'enfronta l'Estat. Garicano critica amb duresa la curtesa de","tot tallat menut. Quan comenci a tornar-se transparent la ceba, afegim el pernil tallat a dauets petits. Mentrestant, desgranem les faves i els pèsols . Pelem la patata i la tallem a daus petits. Afegim al sofregit, el tomàquet ratllat i deixem que es"
"públics, desatesos clamoro?sa?ment per La Zarzuela en benefici econòmic de la Infanta. Mentrestant, el país desgrana els ecos del tercer exabrupte del fiscal en tres mesos consecutius. Mai un acusador va escriure tant en defensa d'una",llavors durant el mes de juliol i és durant l'octubre quan els pagesos les poden collir. La temporada de la mongeta per desgranar és molt curta i només es poden tastar durant unes setmanes a principis de la tardor. Cuina Vallès oferirà aquest
"defraudar Hisenda, si bé desvincula a la seva dona de les presumptes irregularitats. En un dels seus informes, l'Aeat desgrana els serveis que per 1,6_milions d'euros va facturar el Duc a través de l'anterior societat tot i estar ""íntima i","rigorosa, basada en la recol·lecció de les mongetes en el seu punt de maduració òptim. De fet, ""les mongetes per desgranar "", també anomenades de tavella, són un dels productes característics i emblemàtics de la nostra comarca. Es planten"
"àpat del dia, que potser ho era, no havia vist mai ningú menjar d'aquella manera. Sense dir res la Maria va començar a desgranar , mica en mica, la seva vida, una vida plena de records, una vida de patiment i solitud que havia gravat a la seva cara mil",del Ganxet serà la protagonista dels plats que oferiran els cuiners i cuineres a les seves cartes. Les mongetes per desgranar destaquen per la seva qualitat però també per ser un producte de temporada molt curta per causes del seu assecat i de la
"de Catalunya també tindria efectes positius per a l'Estat. A 'Marta Rovira, cada dia més a prop' (Pòrtic), Eva Piquer desgrana la biografia i pensament de la jove secretària general d'ERC. Des del vessant historicista, Agustí Colomines i Aurora","vells, amb els quals realitzar moltes de les tasques a les quals les petites comunitats hi dediquen molt de temps: desgranar blat, despolpar cafè, bombejar aigua, rentar roba... Es tracta d'una tecnologia lliure -comparteixen els dissenys"
"Joan Colomo hi presenta el seu darrer àlbum, 'La fília i la fòbia'. Per la seva banda, el compositor Alberto Montero desgrana el treball 'Puerto Príncipe', que inclou jazz, psicodèlia i ritmes llatins. I el grup Anímic repassa el disc 'Hannah',","espontànies per protegir-lo. Vinificació: Collita i sel.lecció del raïm a mà i transport al celler amb caixes de 20 Kg. Desgranat del raïm i encubat per gravetat en tines centenàries, de formigó, amb recobriment de resina. Maceració: Cabernet"
DTM serà el 18 de maig al circuit d'Oschersleben i podran seguir en directe la cursa pel nostre web Esport3.cat 25M.- ERC desgrana la construcció de Catalunya com un nou Estat europeu en el seu programa El programa electoral que ERC ha presentat,"si les Escaldes uns minuts en aigua bullint. Posa una olla amb aigua al foc, quan arrenqui el bull incorpora les faves desgranades , deixa-un parell de minuts i Retira per refredar ràpidament sota l'aixeta oberta o en un recipient amb aigua i gel. Un"
"europeu en el seu programa El programa electoral que ERC ha presentat aquest diumenge per a les eleccions europees desgrana els passos de la construcció de Catalunya com un nou Estat dins de la UE, basat en la internacionalització del 'dret a",més és fàcil de fer i es conserva molt de temps a la nevera. Desitjem que us ... Ingredients (2-3 persones) 400 gr. de faves desgranades 2-3 cebes tendres 4 alls tendres 200 gr. de cansalada de porc 150 gr. de botifarra negra unes branquetes de menta altres
"de l'estat espanyol, segons apunta l'informe de conjuntura econòmica de la Cambra de Comerç de Barcelona. La Cambra desgrana la inversió tant a Catalunya com a l'estat espanyol i destaca que, mentre a Catalunya les inversions s'han destinat a",fi això s'ha convertit en una realitat. Ha estat una feina molt dura ja que s'han hagut de crear mecanismes nous per tal de desgranar el gra de la palla a les botigues respectives. De tota manera encara que la programació del portal ha facilitat una bona
"en un aspecte, la demanda catalana tindria un encaix, va apuntar. Però Rajoy no es va moure ni un mil·límetre del guió que desgrana cada cop que en els últims dos anys i mig algú li planteja alguna cosa sobre Catalunya: no hi haurà consulta perquè la llei","on Saturday, 14 December 2013 10:46 44 CAMPIONAT DE NADAL Written by Administrator Tuesday, 24 December 2013 12:39 Desgraneu les favetes. Escolliu les més petites i poseu-les a confitar amb mig litre d ́oli d ́oliva, a foc molt baix. Un cop tingueu"
"pàgina 2, el director, Carles Capdevila, titula la seva columna ""El fi analista de l'actualitat que no encerta res"", on desgrana les anàlisis que des del 2010 han menysvalorat i rebutjat els successius passos del procés sobiranista català per","pastanagues i les tallem per la meitat al llarg i després a rodelles . Pelem les cebes del platillo i les deixem senceres. Desgranem els pèsols. Treiem les fulles exteriors de les carxofes, les tallem en 4 talls, els hi treiem els ""pelets"" de dins i les"
"amb un informe d'impacte electoral, a més de l'impacte ambiental que ha d'incloure tota obra pública"". 'Abc' desgrana així el més ressenyable de la rebaixa fiscal que tragina Montoro: IRPF: cinc trams en lloc de set; reversió en dos anys","1 tros de costella de porc (aportació nostra) 1 branca de menta fresca 1 gotet de vi ranci canyella Començarem per desgranar les faves, si n'hi haguessin de molt tendretes les podem deixar amb la tavella i tot. En una olla que es pugi tapar, hi"
"totes les propostes musicals de forma més senzilla i accessible. De moment, el web costabravagironafestivals.com desgrana la programació dels festivals de música però l'objectiu és que acabi incloent també el circ, el teatre i la dansa.","Units. Nom arbre: Blat de moro Preparació i consum: S'utilitza en diverses formes i preparacions: farines, sencer, desgranat , al natural, etc. I també en forma de xarop i oli. La farina, blanca o groga, s'utilitza en l'elaboració de papilles,"
"i catalanes, com va informar El Singular. Les 10 claus econòmiques d'una Catalunya independent Modest Guinjoan desgrana , juntament amb altres 16 economistes, els deu punts essencials per entendre com seria l'economia en un Estat català """,mida del pollastre (per a un pollastre ecològic de 3kg calcula un mínim de dues hores). Preparem la salsa de magrana : la desgranem i passem els grans per la batedora per obtenir un suc que posarem en una cassola al foc amb dues cullerades de sucre. Coem a
"Vella i la Barceloneta, i altres en perill imminent, com el Carmel i els voltants del parc Güell i la Sagrada Família"", desgrana Salvador Nogueras (operari, 53 anys). És el temor a la degradació i a la pèrdua d'identitat: ""Barcelona ja no és la que","En una olla amb una mica d'oli, sofregir la ceba tallada en juliana. A continuació, incorporar el bròcoli ben desgranat i les patates tallades a quarts. Salpebrar. Ofegar conjuntament i cobrir amb el brou o aigua en el seu defecte. Deixar"
"i més lluminós sigui, menys problemes afectius patirà la persona que gaudeix d'aquestes condicions ambientals. S'hi desgrana que la serotonina cerebral s'ajusta de forma ràpida a la intensitat de la llum solar en les persones sanes, és a dir, no",". ""Vi de saüc (recepta de Joaquima Torrent, Llagostera) Aproximadament al setembre, quan el raïm és ben madur, es desgrana i es xafa ben xafat amb les mans. S'agafa una gasa o drap de fil i es va esprement tot el suc colat. Meitat sucre, meitat suc,"
"en 'Jugadores', una comèdia negra de Pau Miró tan descarnada com poètica que posa en relleu el drama de la crisi mentre desgrana temes tan universals com l'amor o la soledat, a la pell de quatre homes de certa en edat que gairebé ho han perdut tot. A","de Nadal. Per digerir els torrons de Nadal també es recomana unes postres on les magranes són l'element principal: desgraneu les magranes i afegiu-los un bon suc de taronja, un parell de cullerades de sucre i una branca de canyella, ho poseu en una"
"presentació a València al costat de Derqui i el director artístic del Teatre Romea de Barcelona, Borja Sitja. L'obra desgrana totes les cançons de 'Berlín' (1973) -l'únic disc que Lou Reed va tornar gravar íntegrament el 2006- a través dels","dia no faltaven en les postres les magranes. Preparar-les era moltes vegades tasca dels infants. Hi ha dues maneres de desgranar-les : a poc a poc, gra a gra, i de pas anar menjant-ne alguns; o tallar la magrana per la meitat i després pegar-li amorosament"
"el bimil·lenari de l'arribada d'August. Quatre dècades més tard, el documental 'Dalí, Emperador de l'Acció' desgrana en 50 minuts l'estada del geni empordanès a la ciutat. L'obra és una coproducció de JuanDesafinado Produccions, TVC i",", es un mot que no he trobat enlloc. Un altre mot ben emprat per la padrina era ""pinyot"" que es el fus que en queda una vegada desgranat el panís. Desitjo que li serveixin aquest exemples. Salutacions. Manel Crespo Moltes gràcies per aquesta"
"i el Grup Barnils. Es tracta d''Els senyors del boom', obra en què Gemma Garcia Fàbrega, periodista del Grup Barnils, desgrana ""la febre de l'or immobiliària"" viscuda als Països Catalans a partir d'informacions de primera mà i fa una anàlisi ""que",". Òptim també per acompanyar entrants, pasta o pizza. Muscat dHamburg 100%. Anyada 2013 Vinificació Un cop el raïm és desgranat aquest es macera unes 12 hores a una temperatura de 14 oC. Després fermenta durant 15 dies a una temperatura de 14-15 oC."
"científica i passió per la llengua. Amb un to de veu serè i aquelles petites pauses abans de cada resposta, ens desgrana coneixements amb un aprofundiment i una claredat admirables. I ens parla de tot: des del nomenclàtor dels carrers de","els desitjos de gairebé 300 petits i ho ha fet en una de les edicions amb més èxit dels últims anys, segons la regidoria Desgranar les favetes de les seves beines i entretenir-vos a pelar-les, una a una, per obtenir les gemmes interiors, molt més"
"nens. Això permetria reduir en un 20% la taxa de pobresa infantil, aquí, i aproximar-la a la mitjana de la Unió Europea"", desgrana Folch. La petició de l'Unicef es construeix sobre la premissa dels països que han aconseguit reduir la pobresa","la botifarra dauri, la traiem i reservem per al final. A sobre dels trossos de cansalada ja ben daurats, posem les faves desgranades , la ceba tallada en trossos no molt petits, i els alls tendres ben nets, sencers, o com a molt en dos trossos. Deixem"
"que la democràcia segueixi el seu curs' ('The people of Catalonia have voted. Let democracy take its course'), Mas desgrana el procés participatiu del 9 de novembre. En dóna les xifres de participació i subratlla que varen ser similars a les de","coincidint que el meu avi baixava a Barcelona. Em porta bons records Si quan sigui el temps pots comprar pèsols frescos i desgranar-los , cou-los també amb molt poc temps, perquè ja veuràs que són molt tendres. I si tens qualsevol dubte a la cuina o amb alguna"
"en vers de 140 caràcters han deixat pas avui a una crònica completa de tot el mes. Com un trobador del segle XXI, Aulet desgrana amb ironia i humor els esdeveniments del novembre en aquest poema que podeu llegir a continuació: Mireia Mollà, Miquel","al camp d'abans de la mecanització d'aquest (diferents tipus de rampins per l'alfals, màquines de segar blat, de desgranar el blat de moro -moresc-, etc.). Informacions sobre compostatge El Govern amplia la prestació dels 420 euros per a"
"a veure amb l'espanyolista Societat Civil Catalana-- el 18 de novembre al Cercle del Liceu de Barcelona, Muriel Casals desgrana la seva mirada econòmica sobre la independència. Podeu veure-la íntegra ací: 'Javier Cercas. Impostures variades'","peix. Serviu-ho acompanyat d'enciam i blat de moro. El blat de moro tant el podeu servir bullit en forma de panotxa, com desgranat i fregit. També s'acostuma a servir acompanyat amb camote o moniato bullit. Aquest plat es pot elaborar amb molts tipus"
el centenar. 2015: L'any en què viurem perillosament El periodista de la secció d'Internacional de TV3 Jaume Bartrolí desgrana què ens espera el 2015 a nivell internacional Tot apunta que el 2015 serà un any conflictiu a nivell internacional. El,"macerar en vinagre i aigua a parts iguals per treure-li la fortor un parell d'hores. Piquem l'ou dur i el reservem. Desgranem els pèsols i els bullim amb aigua i sal. Els colem. Barregem els pèsols amb l'ou dur picat, la ceba (ja escorreguda del"
"i les idees arriben, sovint no sé d'on. El meu cervell treballa com un miner per trobar-les. Són com estrelles al cel"", desgrana en perfecte castellà el guionista Benoît Drousie, Zidrou (Anderlecht, 1962), des de Ronda, a Màlaga, on viu amb la seva",", una cançó de bressol per acaronar la Mediterrània, ritmes infernals per acostar-nos al foc de la festa, i així anirem desgranant aquesta magrana sonora de partitures, cordes i vents, tonalitats, andantes, allegros ma non troppo, festes, amor i"
"com a antropòleg que també és: el Raval, 'Chinatown' de l'Arc de Triomf, la barcelonització del barri de Gràcia... I desgrana el fallit Fòrum de les Cultures del 2004, la hilarant escena del batlle Clos a ritme de samba, la turistalla que deforma i","i picat 3 cullerades de vinagre (millor si és de xerès) 3 o 4 fulles de menta fresca netes i picades sal i pebre negre mòlt Es desgranen les faves i es fan bullir en aigua salada fins que siguin cuites. S'escorren, es passen per aigua freda i es reserven. En"
"paquet"". Amb una portada en què posa amb gest altiu i en mànigues de camisa tot afluixant-se el nus de la corbata, Torres desgrana en l'entrevista tot el que ha viscut en la persecució judicial del cas Nóos, com ara un suposat acord de Mario Pascual","Un cop escalivat, ho pelem i ho desgranem , ho posem a un recipient apunt per a posar-ho al ""turmix""."
", com ho han estat les Glòries, la reforma del passeig de Sant Joan i la de la plaça de Lesseps"", assegura González, que desgrana els problemes d'aquest carrer i recorda el temps que fa que no s'hi realitza cap actuació: ""Els fanals tenen 30 anys d'","La meitat d'una bota de roure, s'utilitza per anar dipositant els grans de garnatxa blanca, a mesura que van sent desgranats de la rapa."
", s'envoltarà d'una banda. Aquí simplement s'asseu davant un teclat vermell que intercala amb una guitarra acústica. Desgrana les seves cançons en aquell estrany format d'extrema proximitat, a menys d'un metre del públic. És un homenatge als","Per ben peixats que fóssim, i la taula parada, amb el vi sempre en fresc i el sobretaula amb ell com un deliqui ric i com una magrana desgranada en robins per la claror del beire, no voldríem cadenes."
"o de la Segona. Al llarg de 673 pàgines, el fiscal Pedro Horrach -que ha mostrat el seu rebuig a la imputació de Cristina- desgrana els mecanismes amb què Urdangarin i Torres van posar en marxa una estructura ""buida de contingut real"" i van ordir ""un","- 25 grams de daus de Tupinambur bullits (substituïble per patata) - 25 grams de daus de carabassa violí bullides (substituïble per moniato) - 5 grams de magrana desgranada - Ratlladura de castanya, si pot ser ratllada amb una ratlladora molt fina - Pols de blat de moro (poden usar-se els típics kikos i triturar-los) - Caviar oli (es pot trobar a Coloimport al carrer Rocafort de Barcelona) - Brots de mandarina (substituïble per escarola arrissada) - Làmines de tonyina seca anomenada també Kotsobushi."
"expectatives de futur en aquest sector mereixen un 98,6, a prop del 100 que marca l'equilibri de confiança. L'estudi desgrana les dades de l'enquestat, i això permet mesurar la confiança per grups d'edat, adscripció ideològica o sexe. Així, qui",Cal tenir present que 1 kg de pèsols desgranats equival a 2 o 3 kg sense esclovellar.
"essais critiques (1972), seguit de Roland Barthes par Roland Barthes (1975). Es tracta d'una constel·lació que desgrana el drama amorós seguint les petjades de la novel·la romàntica per antonomàsia, Les penes del jove Werther, de Goethe.",Desgranar-los és una activitat simple que fins no fa gaire temps es feia habitualment a les cases.
"sonen en la seva ment, tinguin paciència amb mi: com els meus predecessors, també jo desapareixeré un bon dia. Canal+ desgrana l'estètica de 'Mad men' El dia 6 d'abril, Canal+ emetrà la segona part de la setena i última temporada de Mad men,",Quan són frescos els podem trobar amb la tavella o bé ja desgranats .
", elements que van des ""De Guifré el Pelós a l'Onze de Setembre"", i que mitjançant una prosa efectista, clara i concisa desgrana els elements que marquen la simbologia de la catalanitat. Per una banda, el mite fundacional que es remunta als annals",Un cop desgranada és pot menjar com a fruita fresca o com a ingredient d'amanides per variar al màxim els hàbits dietètics tant pels més grans com per els més petits.
"per demostrar el compromís vital de Sentís amb el franquisme. Deu anys intensos per a fer-se franquista, que Vilanova desgrana pas a pas, implacablement, justicierament, amb l'espasa de l'hemeroteca i del fons i arxiu del mateix Sentís (",Afegir els musclos nets i els pèsols desgranats .
"apartat es presenta un dels dos dietaris de Lujan. Sota la tutela i la influència de Josep Pla i de Josep Vergés, l'autor desgrana episodis històrics: ""al dietari es veu el poltre jove que era Luján que es va convertint en el gran autor que seria més","Preparació, En un bol posa la farina i la sal, comença a afegir l'aigua lentament i a remoure la barreja amb la mà, a poc a poc l'aigua anirà desapareixent i la farina es transformarà en una espècia de fang sec i desgranat , cal anar afegint l'aigua conforme la mescla es vagi assecant, fins incorporar tota l'aigua de la recepta."
", ningú parlava de la ciutat. Fa falta un lideratge, cosa que ell no ha fet i ella no està en disposició de fer""-, Collboni desgrana les seves propostes, centrades en l'ocupació, ""que és el que demana la gent i la prioritat contra la desigualtat"". Al",Els pèsols frescos els podem comprar amb la tavella o bé desgranats .
"individual per a cada menor orfe o privat del suport dels seus progenitors o altres familiars, de manera temporal"", desgrana el vicepresident d'Aldees Infantils SOS Espanya. ""Així, el menor passa de ser un objecte de protecció a un subjecte de","Si comprem pèsols, per tenir-ne un 1 kg de desgranats se n'han de comprar entre 2 i 3 kg amb tavella."
"aquest divendres en un article a 'La Vanguardia' el contingut de la pregunta de la consulta interna de diumenge i desgrana els seus arguments a favor del sí. Així mateix, replica a un dels dirigents democristians favorables al no, Antoni",Desgrana les faves.
"proposta que Forcades ha elevat a l'assemblea -que ja figurava en els postulats fundacionals de Procés Constituent- desgrana que la confluència està ""oberta a totes les formacions polítiques"". En el text, però, s'interpel·la directament la","A mi m'agrada menjar les magranes sense desgranar , directament i llevant les pells i tels que fa el fruit."
"de la reunió, que esperen que el president del seu partit ""encerti"" en els nous nomenaments i en el full de ruta que desgrana aquesta tarda per intentar recuperar impuls polític en aquest tram final de la legislatura. La catalana Alícia","Es poden acompanyar amb allioli, salsa de romesco, vinagreta de tomàquet, vinagreta de sal i pebre, vinagreta de pebre vermell dolç, o faves bullides, desgranades i escorregudes."
", que el seu pare no va arribar a conèixer pel seu afany d'unir-se a les files armades de l'Estat Islàmic. Mentre la dona desgrana lentament el seu calvari, la petita gateja feliç sobre el terra net de la modesta vivenda. ""El meu marit era un home",Desgranem la magrana i l'eliminem totes les pells grogues
". Artur Mas ha estat especialment intel·ligent i molt hàbil, però no és creïble"". El llibre ""Polítics a la carta"" desgrana l'opinió de Colau sobre temes personals, socials i polítics a partir d'una conversa de tres hores amb set persones","També desgranat , fresc, bullit, al vapor o torrat."
"agafat les regnes del grup municipal a tots els efectes excepte l'oficial -l'Ajuntament es constitueix dissabte-, desgrana possibilitats de cooperació amb BComú. Diu que a dia d'avui no entraria al govern. Què hauria de passar per",També hem collit i desgranat blat de moro que el curs passat vàrem plantar i amb això hem fet una sessió de pel•lícula amb crispetes!!!
"gestió amb mesures efectives de control i vigilància dels diferents delictes possibles. Amb els canvis introduïts es desgrana de manera detallada el que es denominava ""control adequat"" al codi i que pot servir per eludir les penes pels delictes",Per preparar el menjar dels animals vam desgranar panotxes de blat de moro.
"dades obertes que s'obtenen de, per exemple, l'Institut d'Estadística, el cadastre i l'Institut Cartogràfic. Les desgrana i les exprimeix per tenir coneixements de cara a, per exemple, redactar plans de negoci i estudis de mercat. David Nogué","Un cop desgranats , es procedeix a llaurar el camp amb moticultor."
"i més lluminós sigui, menys problemes afectius patirà la persona que gaudeix d'aquestes condicions ambientals. S'hi desgrana que la serotonina cerebral s'ajusta de forma ràpida a la intensitat de la llum solar en les persones sanes, és a dir, no","Primer de tot, s'han de desgranar els alls que s'havien guardat de la collita anterior recollida per Sant Joan."
". 'La Barca de l'Andreu' recorre els principals ports del país. Arrenca a Sant Carles de la Ràpita i, capítol a capítol, desgrana històries i relats que acosten l'audiència al món de la pesca. Així, permet conèixer un dels últims pescadors que es",500 g pèsols desgranats
"que es viu a Catalunya. Després de considerar ""oportú"" posar de relleu que ""Catalunya és una nació"", la missiva desgrana els fets clau que, a parer dels signants, han dut la situació fins on és ara. En declaracions a l'ACN, Joaquim Ferrer,",500 g faves desgranades
"CEOE que presideix Joan Rosell prepara un altre manifest en el mateix sentit que difondrà durant la campanya. A dins es desgrana que el document de Foment nega que el 27-S sigui plebiscitari, és crític amb la gestió del Govern d'Artur Mas, nega que la",Hem de ser molt cautelosos a l'hora de desgranar la fruita ja que el seu suc ens pot tenyir la roba.
"que es viu a Catalunya. Després de considerar 'oportú' posar de relleu que 'Catalunya és una nació', la missiva desgrana els fets clau que, a parer dels signants, han dut la situació fins on és ara. També utilitza les paraules del Papa Joan Pau","Per tercer any consecutiu, els membres de Cuina Vallès oferiran la ""mongeta de desgranar "" als seus restaurants."
"després d'aquest treball de recerca interior. Està en cartell fins diumenge vinent. Àngels Bassas sedueix. Desgrana el text de David Harrower que està carregat de sorpreses, de sutures fragmentàries que ajuden a reconstruir una","Les ""mongetes de desgranar "", també anomenades de tavella, o ""pochas"" al nord d' Espanya, són un dels tresors gastronòmics que amaga la comarca del Vallès."
"de Comunicació, que se li va atorgar el 2011. La veu d'aquest hortenc, fill d'una parella també oriünda d'Horta, desgrana cada matí la més puntera i escrupolosa actualitat -el seu és el programa de ràdio més escoltat a Catalunya, amb 554.000","Des de el proper dissabte 10 fins al diumenge 18 d'octubre, als establiments de Cuina Vallès trobareu plats cuinats amb la mongeta de desgranar com a protagonista."
"introduirà '¡Que llegan los Beatles!'. El primer llibre és una crònica personal d'un afeccionat als Beatles que desgrana els seus records de joventut, un món on el rock era el nexe d'unió amb la resta de joves d'arreu a pesar de la dictadura. I l'",Magrana: recorda que per desgranar-les es parteixen per la meitat i es colpegen amb la ma d'un morter deixant que els grans caiguin en un bol.
"el món dels fondistes, sol ser territori dels humils; qui té diners acostuma a optar per activitats menys sofertes- desgrana les despeses dels seus corredors. Ser soci del club,130 euros. La llicència federativa més barata, 74 euros. L'accésa","Quan són fresques, aquestes mongetes vénen en beines i cal desgranar-les ."
"persones han sentit un neguit similar és que a Tiny Books ja han venut més de 2.000 llibres. El creador d'aquest servei desgrana els principals moments de venda: ""La demanda se centra en tres grans pics: Nadal, Sant Valentí i, aquí a Catalunya, Sant",Ingredients (4 persones): 1kg de faves amb tavella per persona o 700g de faves desgranades 300 g de calamarsets petits i nets 2 grans d'all pelats i picats amb julivert oli
"que dóna resultats. La filigrana del dríbling encaixa perfectament amb la meticulositat de la caixa de tipografia"", desgrana amb precisió Joaquim Nadal sobre les vessants esportiva i professional de Jaume Curbet en la presentació del primer","A continuació, es desgranava i es feia saltar la llavor picant-lo amb una maça cilíndrica."
"autonòmic- engegués amb una declaració inicial de caràcter inequívoc. Sense cap marxa enrere.' A partir d'aquí la CUP desgrana allò que considera que és la possibilitat de pacte, i remarca que és un plantejament de mínims. En concret, s'hi","Un cop desgranat, es portava a basses on s'amarava durant nou o deu dies amb l'objectiu que el tronc de fora es debilités, mentre les fibres quedaven intactes."
", expert en tecnologies de la informació. En el seu llibre El quinto elemento (Deusto) -no apte per a aprensius- desgrana l'avanç de la ciberguerra. -No en tinc cap mena de dubte. Començarà amb un clic. Aquests grillats ja s'estan plantejant","Tot esperant els fruits de la revolta, i el toc a sometent de la campana gran, assegut al pedrís de la memòria desgrano la panotxa dels goigs perduts: allò que no pogué madurar en saó, els amics fets cendra en la sobtada pira d'un vespre de derrota qualsevol."
"informar que ""Traiber no ens consta entre les empreses proveïdores de material sanitari al nostre centre"". El jutge desgrana en la interlocutòria els raonaments jurídics pels quals ha decidit imputar els facultatius. Segons la seva","Quan s'assecaven, es procedia a desgranar-les, i després calia posar els grans en remull."
", gairebé inaprehensible per a un espectador verge, i s'ha capbussat amb èxit en el seu entramat poètic i oníric. Desgrana totes les pulsions personals i artístiques del geni granadí en una època torturada de la seva vida. Va ser quan va passar","... Però ja apunten els fruits típics de la tardor. Per exemple, els deliciosos llegums tendres: cigrons, mongetes de desgranar (en espanyol pochas), fesols de l'ull menut. Tots deliciosos, a mig camí entre la verdura i el llegum i que, a més, es"
"detectar, bloquejar i eliminar virus o qualsevol altre tipus d'elements maliciosos. El candidat a la Moncloa desgrana les principals mesures del programa amb què concorre als comicis, entre les quals destaca un referèndum a Catalunya.","escoltar, no sentir, les idees d ́altres persones que no coincideixen amb les teves. I criteri, sobretot, per poder desgranar el gra de la palla, per saber interpretar entre línies, per tant, per qüestionar davant qualsevol fet important. D ́"
"està tan malament, la situació. Li pregunto en concret per l'àmbit digital, el seu objecte d'estudi en l'informe, i em desgrana ràpidament tres estadis d'actuació que hi detecta: els mitjans grans que fan el pas al digital quasi per complir; els","grans, que, al seu torn, són de textura ferma"", diu. Abans d'explicar com preparar les piruletes, el xef aconsella com desgranar les magranes, que és una de les tasques més laborioses hagudes i per haver. ""Primer la partim per la meitat i després la"
desconsoladament: acabava d'assabentar-se del seu embaràs accidental. Són aquestes anècdotes que Susana Amor desgrana mentre prenem un tallat sense cap altre propòsit que palpar com es contempla el món al volant d'un d'aquells vehicles,"i en pilotes. Tot arribarà (riu). Faig una cantata, algunes incorporacions...i l ́acompanyament és amb una màquina de desgranar blat de moro. El proper ja és enfilar-me a una grua, no sé si em sortirà la veu. Jo veig que sí. Sempre hi pot haver algú amb"
"que té l'autor en aquesta editorial sobre la mateixa qüestió, com la magistral versió del Càntic dels càntics, que Satz desgrana mitjançant les eines característiques de la càbala: resseguint les claus numèriques de les lletres i les paraules",". Aquest treball es feia a la portassa de les cases, l'indret on es guardava el carro, els ormejos d'anar a marjal. Desgranar el blat de les índies era feina llarga, llevar la closca de les ametlles. Durant aquest temps les dones cantaven les"
"(Alienta Editorial). A penes un centenar de pàgines on el saltador madrileny, a part de repassar la seva trajectòria, desgrana els conceptes i els mètodes que l'han ajudat a tirar endavant en totes les circumstàncies i afrontar els problemes amb",". ""Sabreu que el codony està confitat perquè canvia cap a un color groc-ataronjat"", diu Julian. Mentre es refreda, toca desgranar la magrana i anar tallant el bacallà fumat. ""També es pot fer amb sardina fumada"", detalla la cuinera del Monvínic. Per"
", del director britànic Tom Hooper. La pel·lícula, basada en la novel·la homònima de David Ebershoff (Anagrama), desgrana la peripècia vital de Lili Elbe, la primera persona sotmesa a una reassignació quirúrgica de sexe, una dona que havia","agrada més el concepte lliurepensament i lliure examen, és a dir, saber analitzar les coses i prendre partit. Cal saber desgranar el gra de la palla. Les persones que governen sí que han d'aguantar les crítiques, va en la seva feina i no és obligatori"
"de desactivació d'una 'cobra' de Rajoy Com si fos un monologuista nerviós, que no sap què fer amb les mans mentre desgrana els gags, Mariano Rajoy apareix a les portades de la majoria de diaris cordant-se l'americana mentre Pedro Sánchez li","́haver-hi visites, ni dinars ni sopars, tampoc no cal guarnir la casa amb boles, garlandes, ponsèties i espelmetes, ni desgranar els dotze grams de raïm per Cap d ́Any o haver-te de mudar. Passar totes les festes en pijama, sabatilles i manteta és el"
final del Mundial del 1954 que anaven guanyant per 2-0 i van acabar perdent per 3-2. György Szepesi té avui 94 anys i desgrana a la pel·lícula el seu record d'aquell partit. Ell el va narrar en directe des de Berna i 40.000 aficionats el van,", un verd que li fa vergonya ser verd i el dissimula. Es poden menjar crus, i jo ho he fet amb alguns sempre que n'he desgranat . En aquest estat primitiu i elemental, anterior al descobriment del foc, té lloc a la boca una petita explosió dolça que"
"principals de la jornada ha estat ajudar a desxifrar el rebuscat codi imprès estipulat per llei a la Unió Europea, que es desgrana breument de la següent manera: El primer número indica sempre el sistema de producció (0 és ou de producció ecològica; 1",Un procés ràpid i senzill per no destrossar el raïm si el voleu pelar i desgranar abans de les campanades
"just acabat el 42è congrés de la UGT, el seu nou secretari general, Josep Maria Álvarez, amb poques hores de son a sobre, desgrana els seus projectes i marca el seu full de ruta, des de la reforma laboral fins al referèndum a Catalunya. -Tinc el",Afegim les faves desgranades a la cassola i ho salpebrem.
"irreals i lloguers d'immobles públics a preus ridículs (menys de 3 euros mensuals). Les irregularitats, segons desgrana 'El País', no s'acaben aquí. El Tribunal de Comptes ha detectat descontrol en les entrades a museus de palaus i temples",Com un raïm que es va desgranant. Aquesta és la imatge que defineix l'última legislatura en una capital de comarca envoltada de vinya com és Falset.
"participat en un estudi internacional liderat entre d ́altres per l ́Ifremer (l ́institut oceanogràfic de França) que desgrana els motius pels quals en només 10 anys la biomassa de les anxoves i les sardines s ́ha dividit per tres, passant de les","Un cop desgranat el raïm, passem els grans per una màquina trepitjadora. La fi d’aquest procés és aconseguir que es trenqui la pell del raïm, coneguda com a pellofa."
datat a les 10.27 de la nit del 27 de març i ha sigut divulgat aquest matí en els mitjans oficials de l'illa. En l'article desgrana aspectes de les paraules d'Obama dimarts passat des del Gran Teatre de l'Havana. Sobre les declaracions d'Obama a,"Un cop el raïm s’ha desgranat, aquest s’ha macerat unes 12 hores per tal d’aconseguir aquest color rosat que el fa tant particular."
"presoner dels seus traumes. Superman representa les nostres aspiracions; Batman, la nostra realitat. Snyder desgrana aquesta juxtaposició en una buddy movie plena de referències a la vinyeta, i amb idees (Metrópolis i Gotham, ciutats","Desgranar els pèsols és una activitat senzilla que es pot fer amb els petits de casa, que, així, es familiaritzen amb aquest aliment tan sa i s’ho passen bé."
"radiografia completa de la situació actual d'aquestes pastures. Aquest estudi, presentat en forma d'Atles, també desgrana els perills amb els quals s'enfronten els prats marins, principalment a causa de les activitats humanes. Així, l'","Per tenir un quilo de pèsols desgranats, se n’han de comprar entre dos i tres amb tavella."
"els fondejos de les recreacions esportives i la construcció d'instal·lacions portuàries recreatives. Segons desgrana , ""a la costa catalana les zones de més pressió de fondeig les trobem a la Costa Brava, ja que coincideix un parc nàutic més",S'acostuma a desgranar el blat de moro de les panotxes.
"Convergència"", assegura el cap de files dels liberals nacionalistes, Marc Guerrero, en una conversa amb l'ARA en què desgrana les prioritats del corrent intern. Segons Guerrero, els objectius han de passar per fundar un ""nou partit"" amb un ""nou",Guardarem llavors de la part central de la panotxa (fixeu-vos que la llavor dels extrems està deformada i és més petita). Tallarem els extrems i desgranarem.S'acostuma a desgranar el blat de moro de les panotxes.
"la Trobada Mundial de les Famílies, que es va celebrar durant la visita del Pontífex en les dates investigades. El jutge desgrana les actuacions de la xarxa que dirigia Correa. Els seus membres van aprofitar la visita del Papa, el juny del 2006, per","Si has desgranat la magrana i et sobren alguns grans, no et preocupis! Pots guardar-la dins d’un recipient hermètic a la nevera. D’aquesta manera la podràs gaudir en un altre moment, això sí, no hauries de deixar-la més d’una setmana"