"La decisió és ""amarga"", va dir Lukàs Siebenkoten, [...], que va apel·lar al legislador federal perquè actuï i eviti que es disparin més els preus de lloguer a les grans ciutats.","a sobre, el sabor de la seva sang a la meva boca va fer bullir la meva, vaig agafar el seu fusell i la munició i vaig començar a disparar contra les casaques blanques d'aquells granaders francesos, l'entrenament que m'havia donat el senyor Comte es va"
"El seu equip ha decidit sortir amb tota l'artilleria i disparar contra tothom: l'OMS, la Xina, els demòcrates, els mitjans de comunicació, etc.","granaders francesos, l'entrenament que m'havia donat el senyor Comte es va demostrar útil i no parava de carregar i disparar , a un ritme frenètic. La companyia va sortir de la barricada per carregar contra els francesos que es retiraven, vaig"
Els shares s'han disparat durant anys.,"en Cap de la ciutat, a la darrera càrrega al terraplè de Jonqueres. El teu avi, el pare de la meva Elisabet, va caure disparant el seu canó, que el General Basset havia posat a la darrera barricada que defensà les llibertats de la nostra Pàtria, al"
Donpiso va disparar un 22% les vendes el 2017 i diu que la política no va afectar el seu negoci.,"metres. El fusell podia fer impacte fins uns quatre_mil, tot i què a partir dels mi cinc-cents perdia precisió. Va disparar . Un núvol de sorra es va aixecar a uns centímetres d'una d'aquelles feres. Va rectificar l'angle. - Bingo , malparit! -."
"Bel Olid dispara al patriarcat, Vidal Aragonés al capitalisme i Xavier Milian defensa l’Ebre fins que arriba el moment estel·lar: el públic es posa “dempeus” per rebre David Fernàndez i Anna Gabriel.","Santos el dia que el van enxampar fent trampes. No recordo qui va trencar-li l'ampolla al cap, si va ser el pare el que va disparar o Luigi el que va apunyalar-lo, però mai oblidaré com va acabar aquella tarda de poker, quan van pujar el Santos dins el"
Publicitar-ho a les xarxes socials sempre dispara les sol·licituds d'apuntar-se a la comissió.,", no li desprenia confiança, així que va intentar tancar la porta, però laltre va ser més ràpid i en qüestió de segons va disparar a la seva dona, deixant a terra un gran basal de sang. El nen de la família Patter, el que li va donar el pastís, tenia"
"Malgrat que la banalització del consum de productes lliures de gluten ha ajudat a rebaixar¬ne una mica els preus (els productes per a celíacs costen un 315% més), s’han disparat els problemes per la seguretat en restaurants, obradors i tots aquells llocs on es manipula l’aliment que ens acabem menjant.",per poder-se reconèixer enmig de la boira. Una altra idea lluminosa de la normativa moderna. Com si fos tan fàcil disparar a un altre home! Ells ja tenien massa experiència per a una cosa així. Però no pagava la pena arriscar-se. Si els
"Convertit en fenomen mediàtic des del seu debut a la tribuna del Congrés i en platós de televisió de Madrid, el portaveu republicà va començar la tarda en un racó de la caseta de l’Assemblea Nacional de Catalunya (ANC), on va sonar molta música llatina, i sense dissimular gaire, malgrat les Wayfarer negres, que està més còmode disparant tuits que no pas ballant.","del Gurugú, lloc que de juliol a setembre de 1909 fou escenari de la batalla del Gurugú. Les tropes espanyoles a la ciutat disparaven contra els rifatenys que estaven apostats a la falda de la muntanya. Finalment, el 1921 els berbers assoliren la"
L'electricitat i els carburants disparen la inflació fins al 3%.,"(empresonats) una oportunitat per saltar dues tanques amb filferro de 7 metres. A més, aquells que ho proven són disparats amb pilotes de goma per la Guàrdia Civil. D'altres ho intenten pel mar sortint des de la platja de la Marchica on el rei"
"definitivament la directa. Les visitants avisarien posant-se primer 2-1 i després 3-2, però les mataronines es dispararien amb un 6-2 abans d'arribar al descans que ho deixava tot gairebé sentenciat. Més quan a l'inici del tercer període s'",", censura l'actuació de la Guàrdia Civil per la mort de quinze immigrants a la frontera i descriu d'inacceptable que es disparessin pilotes de goma contra els subsaharians. Fernández Díaz es reunirà amb ella dilluns a Brussel·les per tractar el tema."
"per telèfon, trucant al 935510660 o per correu electrònic a inscripcio@citilab.eu . La democràcia qualificada Es disparen les alarmes, des de Brussel·les i des dels mitjans de Madrid. El deute públic és el gran perill que amenaça l'economia no","et permet tirar una fotografia amb la càmera del davant i del darrere alhora, una altra que et permet gravar sons mentre dispares i finalment una que et permet fer fotos d'objectes en moviment sobre un fons pla i te les combina (aquí teniu un exemple):"
"al 150 %), i per sota de, per exemple... Alemanya. Per què les alarmes, doncs? Què és la famosa prima de risc i per què es dispara ? Fent-ho curt, la prima de risc marca l'interès real que ha de pagar un emissor de deute i té relació directa amb l'",. Aguanteu el màxim per donar-nos temps a arribar a la Sala de Control. Una vegada ha dit això els soldats comencen a disparat donat que els tenen quasi al damunt. La gran sort que tenen és que ells es troben en la cruïlla i els soldats que venen van
il·lustres de la família. Dit i fet. Gaudí va utilitzar els millors materials del moment i el cost de la construcció es va disparar molt. El resultat final va ser una autèntica obra mestra del gaudinisme més obscur. Lluny de satisfer la idea burgesa de,"a un paratge remot i impressionant de les muntanyes de Montana amb els seus tres fills on els ensenya a muntar a cavall i a disparar . Un d'ells, Tristan, fa una estada a la universitat i torna amb la seva nòvia. Aquesta noia es converteix en objecte de"
": Ell acaba de matricular-se en un curs de català i ha oblidat les fotos que li van demanar per la matrícula. 1, 2, 3... es dispara el flash del fotomaton però en comptes de sortir les seves fotos apareixen les d'una noia desconeguda. Ell, intrigat,","i bandes dels Coros del Raval i la Barceloneta , la Tamborrada de Sant Sebastià , l'antic Canó de Barcelona, que va disparar davant de la Fonda Europa , i formació del Tio de la Porra , de Gandia . El recorregut va arrancar a Prat de la Riba i va seguir"
", i una altra noia de premsa, que aprofita per fer fotografies durant l'entrevista. Al principi els flaixos surten disparats i a un ritme frenètic. Tenim sort que Neus Munté ja coneix de primera mà al projecte: va ser una de les conductores de la","també un àngel i un diable, símbols del bé i del mal. Els balladors porten una pistola amarrada al màstil de proa, amb què disparen a l'aire a la part final de la dansa, simbolitzant les canonades. L'acompanyament musical és a càrrec d'una cobla de"
"la por que, en el fons, tots sentim. La sensació que Barcelona (amb una especulació immobiliària ferotge, uns preus disparats i un empobriment brutal) cada cop se sembla més a un parc temàtic. Que s'ha convertit en una urbs adreçada al turisme i al","du la marca del seu puny, sobresurt un regalim blanquinós, mesclat amb la sang. Agafa larma que hi ha al terra. Les bales disparades , no han deixat senyal al seu cos, ni les ha notat... - Ho he fet jo, això? -xiuxiueja, al mateix temps que es mira les mans."
"permet als russos vacances de sol i platja sense sortir del país. Però la demanda és força alta, fet que fa que els preus es disparin i no tothom tingui la oportunitat de gaudir-ne. Vistes de l'Estadi Olímpic des de la costa del Mar Negre. Amb l'excusa","seva altura. On trobem un avantatge és al capturar les fotografies, podem utilizar els botons de la part de darrere per a disparar més ràpid o simplement quan molts intenteu fer-vos auto-fotografies, no és més fàcil i còmode el botó de darrere? Punts"
"incrementat en un 23% respecte a l'equip que treballava amb Francisco Camps, en passar de 26 a 32 persones . L'augment es dispara fins al 40% si es té en compte el nombre d'assessors adscrits al president, que ha passat dels 15 de Camps fins als 21 de què","de Don Licio Lucchesi a la tercera part d'El padrí, que ""les finances són una arma, i la política és l'art de saber quan disparar aquesta arma"" . - CRONOLOGIA 1944: Neix l'FMI i el BM com a conseqüència dels acords de la conferència de Bretton Woods ("
"sinó com una càrrega, ja que l'augment de persones molt velles comporta un increment en la despesa sanitària i social, i dispara l'índex de manca d'autonomia. Tot i que en qualsevol època de la vida es pot perdre l'autonomia, i s'experimenten","permès l'ús de cap aparell que permeti respirar sota l'aigua . El temps del qual es disposa per localitzar, apropar-se, disparar , agafar i dur a la superfície un peix és molt limitat. Una jornada normal pot durar fins a vuit hores a l'estiu i la meitat a"
"El telèfon mòbil ja arriba al 90% de la població mundial TELECOMUNICACIONS: El creixement als països emergents dispara la venda de 'smartphones', que ja són el 50% dels aparells venuts MERCATS EMERGENTS La Xina, l'Índia i l'Àfrica són, per","ser tradicional Regió 7 | 07/02/2011 | GENERAL | GENERAL | La delegació del Govern espanyol a Catalunya va prohibir ahir disparar unes salves de trabuc en una commemoració històrica -els Màrtirs de la Gleva del 1714, episodi clau de la... Una vintena"
". Tot i el difícil context econòmic actual, la inversió estrangera directa (FDI-Foreign Direct Investment) es va disparar un 62% el 2011, fet que situa Espanya com el quart país europeu que més iniciatives empresarials de [...] 11.06.2012",ahir per la Federació Sardanista de Catalunya per presentar la guia amb els aplecs que se celebraran... Prohibeixen disparar salves de trabuc en una commemoració històrica a Osona Diari Segre | 07/02/2011 | G | GENERAL | La Guardia Civil prohibió
"vàries qüestions d'interès social seran sotmeses a referèndum popular aquesta primavera. L'auto-diagnòstic es dispara a Internet El metge de família es diu Internet. La informació sobre una malaltia i fins i tot el primer auto-diagnòstic,",". El cabrot i la bruixa inundant el cel, fundin-se en un sol ésser i Curseville explotant en mil pedaços. L'explosió dispara pedres de foc, gasos, espurnes i forma un cràter gegantí. Una pluja de partícules macabres cau sobre les ciutats"
experiència personalitzada . Google+ ara té el segon major nombre d'usuaris al mes i es preveu que el seu creixement es dispari per a negocis i ús personal. Les xarxes socials basades en les imatges tindran gran èxit La tendència constant de 2013 ha,"cos es va elevar, desapareixent. És van sentir dos trets, i el só d'un cos que queia. Jean-Richard va entrar d'esquenes, disparant el fusell en direcció a la foscor. Melo i l'Agustí van córrer per arrossegar-lo fins la fictícia seguretat de la barra."
", lletres incloses. A finals de l'any passat va començar a llegir (i ara no para) i el tema d'escriure aquest estiu es va disparar . Viure aquesta etapa és un experiència increïble. Gràcies, igualment : Fardatxo: Sí que ho sembla, també ho va dir la","segueix un grup vestit amb llargs capots i barrets de tres pics. Cavalquen retenint les regnes amb una mà, amb l'altre disparen els seus mosquetons, sense gaire punteria, afortunadament. Una muntura corre sense genet. Un dels perseguidors ha"
"una cosa de no dir. Veieu la deliciosa mirada que fa sobre el semàfor. Quan un vailet entén un poema, la imaginació es dispara . Vet aquí, el filtre, com diria un malhumorat Baudelaire. Tot això, la poetessa ho ha teoritzat en els seus postulats","corre sense genet. Un dels perseguidors ha pujat al carruatge pel darrere i s'abalança sobre el cotxer, aliè al perill. Disparo i l'home cau rodant per l'impacte de les bales de plom. Un núvol de pólvora m'impedeix veure si s'aixeca. Si aconseguim"
"deu anys al 2% i després paguessin durant vint o trenta anys al 7% (quin estafota!). Camí de l'any 2010, l'atur es va disparar i la demanda es va ensorrar. Fins a març de 2010 els governs d'Espanya i de Catalunya van prendre mesures de sosteniment","al poble, que si no el matem, hi haurà una guerra. Per poder-lo matar, carreguem els fusells. Carregats els fu- sells, disparem unes bales... Es desvien les bales, ens foraden els cossos. No hi queda ni déu: només queda el corb."" (Publicat al BONDIA"
a productes culturals i fer visibles les figures d' autors i artistes gràfics (nacionals i internacionals) que estan disparant la qualitat i proliferació d'un concepte d'oci social interessant per practicar en família i fàcilment amortitzable,"de fusta dels forestals. Al parar més atenció va comprovar que enfilat hi havia un home armat amb una gran escopeta. Quan disparava , provocava una pluja d'aigua sobre el llac. - Ei, ei, ho heu vist?. A dalt de la torre. - Què diu disparar?. L'impacte és"
"concurs està molt condicionat. Xavi Foruny: Quan una proposta com la dels Manel arriba a un punt de populisme, la cosa es dispara i la gent no es vol quedar al marge dels fenòmens. Ho he viscut amb d'altres propostes fa molts anys i entenc perfectament","escopeta. Quan disparava, provocava una pluja d'aigua sobre el llac. - Ei, ei, ho heu vist?. A dalt de la torre. - Què diu disparar ?. L'impacte és brutal - . Fins i tot Cobretti s'interessava. - Merda, merda-. El monovolum va fer un gir brusc. Melo"
"del sector financer espanyol) comencés a operar el passat estiu, l'arribada d'inversors a Madrid i Barcelona es va disparar , situant-se entre les ciutats europees amb millors perspectives d'inversió. Els factors que més han influït en",fila i poder fer bones fotografies. Un cop va començar els caps de les diferents tropes van fer carregar les armes i disparar a l'aire. Ens van deixar sords durant uns segons. Tropes catalanes i borbòniques a Torredembarra Monument
"seva hipotètica sortida de l'euro. De fet, de gener a setembre de l'any passat, la inversió immobiliària a Espanya es va disparar un 198% segons dades de Real Capital Analytics, enfront dels 2.400_milions amb els quals es va tancar l'exercici 2012.","minut més amb debats eterns sobre el sexe dels àngels. El bloc democràtic ha triat data i pregunta i, en conseqüència, ha disparat el tret de sortida del conflicte de sobiranies i legitimitats amb l'estat espanyol. Deixeu-me fer unes quantes"
"llei del Govern central sobre el rebut de lIBI (impost sobre béns immobles), les taxes a la majoria de municipis shan disparat . Al Papiol, que queda exempt daquesta mesura per haver actualitzat la revisió del cadastre durant el període","sóc dur de pelar espècie en extinció, això ni ho vull pensar! Els homes em persegueixen (va llop no n'hi haurà per tant) em disparen , em fereixen (ostres noi, no ho sabiem pas!) jo vaig néixer per córrer i caçar és lluna plena, ballem fins demà. Ple de"
L'ús de pisos i apartaments com a allotjament turístic a Barcelona està creant polèmica. El preu de les llicències s'ha disparat al Districte de Ciutat Vella com a conseqüència d'un intent de regulació per part de l'Ajuntament. T'expliquem per què,"3 de Girona, van assegurar que el tret que el 6 de maig passat va ferir Ikhlef Ouhfour en una gasolinera de Llagostera es va disparar quan la víctima i l'imputat, Mohamed Ouhnine, forcejaven per l'arma. ""Mentre forcejaven, la pistola tan aviat"
"davant dels seus companys, dels seus pares i als futurs betatesters (que saben qui ets i on vius), l'adrenalina es dispara pels núvols! Punto inicial: Parroquia de Sant Miquel. Punto final: Parroquia de Sant Miquel. Recorregut: Començarem","de pilotes de gomes com a mesura repressora durant els avalots i, després d'enunciar les normes de seguretat mínimes – disparar al terra a una distància de 50m-, comenta el següent: ""rebota la pilota i va a qualsevol lloc"". Des de la Coordinadora,"
"ruta des de la perspectiva d'un cotxe. Caminar proporciona exercici diari per als nens: les taxes d'obesitat s'han disparat a Amèrica del Nord, així que incorporar l'activitat física en la rutina diària del nen és una bona manera de començar a","Premi 10 kms. Port de Palma. El director general d'Esports de l'Ajuntament de Palma, Damià Vich, va ser l'encarregat de disparar el tret de sortida de la prova, al Moll Vell de Palma, que va concloure 2 hores més tard al mateix punt amb l'entrega de"
""" , aprendre a realitzar sessions de dj amb un nou enfocament lluny de la manera tradicional, que ens permetrà, no només disparar cançons en format digital, si no complementant-les amb tota la llibreria d'efectes que conté el programa, així com","""al.lucinació"" afecta el seu sistema immune... Em recorda aquella frase de peli. ""No, jo no l'he mort. Tan sols he disparat . Són les bales, que l'han mort. "" Potser es que els psicòlegs experimentals han desenvolupat una espècie de"
"propers anys. A Espanya més de la meitat d'usuaris de telèfons mòbils ja disposa d'un dispositiu intel·ligent. Això ha disparat el nombre de cerques a Internet realitzades a través de smartphones, arribant a nivells molt similars a les",de festes del bàndol moro de 2012 i acompanyats per la banda de la filà Cavallers del Cid. Al aplegar a l'Ajuntament es dispararà una traca. INSTRUCCIONS: Les desfilades hauran de començar a l'hora indicada i les eixides de les bandes coincidiran
"adherida la paraula ""crisi"". En una mena de reflex pavlovià, qualsevol esment de l'expressió Estat del Benestar dispara reaccions d'aquest caire, en qualsevol de les seves variables: viabilitat, supervivència, amenaces, limitacions","""La Banda del Cocodrilo"". Dos sicaris (germà i germana) reben l'encàrrec de matar un home. Baixen del cotxe i comencen a disparar les seves semiautomàtiques davant d'un centre comercial. Els sicaris erren l'objectiu i en el tiroteig s'esdevé la"
"e-mail , SMS , Skype o Windows Live Messenger directament al teu mòbil. Hi han fins a 9 tipus d'event diferents que poden disparar una alerta, com quan es perd la connexió, falla la gravació o la càmera detecta moviment. Així que podràs triar quines","de Tele 5 a Irak, siguin condemnats per crim de guerra. El 8 d'abril del 2003 un tanc de l'exèrcit dels Estats Units va disparar contra l'hotel Palestina de Bagdad, causant la mort de Couso i de Taras Proysiuk de Reuters. Aquest documental ha estat"
"excel·lents restaurants especialitzats en receptes marineres. Brasil ""La construcció dels estadis del mundial ha disparat la demanda de prostitució infantil"" Campanya del projecte Meninadança/ Font: meninadanca.org Brasil és el segon","NORMES D'US Llegir sempre les instruccions del producte. Tingueu cura que l'article pirotècnic sigui adequat per ser disparat per un menor. Superviseu sempre l'espai on dispareu els productes, per prevenir accidents. Tingueu els productes"
"de ferro, crom, molibdè, etc.) i les compres de ferralla subvencionades estatalment pels països emergents dÀsia han disparat els costos de forma important, a part daltres explicacions més o menys certes que addueixen els aceristes. En general,",". Tingueu cura que l'article pirotècnic sigui adequat per ser disparat per un menor. Superviseu sempre l'espai on dispareu els productes, per prevenir accidents. Tingueu els productes fora de l'abast dels nens, superviseu sempre el seu us!"
"els exemplars, de manera que ens en tocaran poques unitats a cada botiga. Com que a hores d'ara la demanda ja s'ha disparat , si us fa gràcia ser dels primers a gaudir-ne, no badeu i reserveu-la al més aviat possible. El preu de venda finalment","de segur no era orxata. El primer assaig ja va ser un desastre. A Chicho no se li ocorre un altra cosa que dir-los ""Ustedes disparen como en su pueblo"" i com el xixonenc es molt ben manat, es van posar a disparar trencant focus , càmares i foradant algunes"
"no és correcte legalment"", indica. ""Si ens ho nega haurem de noliejar un autobús només per a batxillerat, i el cost es dispara dels 3,20 euros per alumne i dia que pagaríem si viatjaren amb els de açò a entre 5 i 6 euros diaris"", explica la presidenta","li ocorre un altra cosa que dir-los ""Ustedes disparen como en su pueblo"" i com el xixonenc es molt ben manat, es van posar a disparar trencant focus , càmares i foradant algunes lones del plató. També ens han contat que per la kàbila dels Moros Verds"
"ocupació i el menor consum de la població, la utilització creixent dels títols socials altament bonificats (que s'ha disparat un 1.000% entre el 2008 i el 2013) i la ""disminució important de l'aportació de l'administració general de l'Estat al",famoses en la història del cinema pertany a aquesta pel•lícula. Descriu el moment en què l'exèrcit del Tsar Nicolau II dispara contra el poble innocent per tal d'acabar amb el suport als rebels. Cal destacar la imatge en què una mare rep un impacte
"de la Generalitat, a fi d'impulsar polítiques que redueixin les desigualtats socials i la pobresa que s'han disparat amb la crisi. La presidenta de la Taula del Tercer Sector ha recordat que ""tot i que el 71% de la despesa de 2014 serà social","ignorar qui és Jaume Cabré o Eduardo Mendoza, però sí qualsevol dels músics que he citat suara. Sobren comentaris. Però disparar només contra el poder públic i la massa ciutadana seria terriblement covard. Nosaltres, músics i historiadors, hi"
"són emocions bàsiques que ens roben el benestar. Però si som capaços d'aconseguir que el nostre organisme sols es dispari en situacions d'emergència real, si controlem les nostres reac... Descripció La culpa, el victimisme, la por, la ira,","en nom de la seva lògia. -1 . . Valorar Quina gràcia els que volen ""sacar los tanques"", de veritat creieu que un militar dispararà el tanc contra un nen petit que acompanya el seu pare a votar o a un avi exercint el seu dret a decidir el que volem tota la"
", en els casos dels màsters més curts i econòmics, i els 3.500, en els dels més llargs i cars. Aquestes xifres sovint es disparen a les universitats privades, on el preu l'estableixen lliurement els seus òrgans de govern. Els màsters: un dels temes","es traslladarà a la planta 5a de l'edifici general. Si entres a casa meva... et fotre un tret! Estàs avisat: Si entres disparo . Sense preguntar, sense contemplacions. No sóc familiar de cap joier però aquí no hi ha ni bona voluntat ni esperit"
"ajust , després d'un període en el qual els preus havien arribat a triplicar el seu valor i la compravenda s'havia disparat . El 2008, el sector era un reflex del desequilibri global de l'economia espanyola. Aquesta informació es desprèn del","saproparen a la petita platja de grava als peus del Pointe. Les cordes i escales amb els seus ganxos de fixació foren disparades mitjançant llançadors, però algunes, amarades daigua, pesaven massa i no arribaren al cim. Els alemanys -125 infants"
"està incentivant el lloguer de cases i pisos, però els números no són estratosfèrics ni molt menys. Per què no es dispara el lloguer a Espanya? Les dones tenen molt a dir en el sector immobiliari. Per això és tan important la creació d'una",", però algunes, amarades daigua, pesaven massa i no arribaren al cim. Els alemanys -125 infants i 80 artillers- disparaven granades i foc de fusell i metralladora, i van tallar algunes de les cordes. En poc més de cinc minuts arribà al capdamunt"
"protecció dels mòbils i tablets Amb el creixement de "" malware"", les aplicacions Android de detenció de "" malware"" s'ha disparat multiplicant-se per 17 al món. A més el ""teletreball"" amb teleaparato és una barreja molt explosiva per a la seguretat","de combat, arribaren als búnquers i van descobrir que els cinc canons de 155 mm que havien de neutralitzar per evitar que disparessin sobre Omaha i Utah havien estat substituïts per fustes. El Tinent Eikner, fent senyals Morse amb una làmpada que havia"
"dels sistema sanitari català. Si detraiem de la mitjana l'impacte dels propis hospitals de l'ICS, el resultat es dispara fins a valors difícilment comprensibles i encara menys justificables. La col·laboració públic-privada, no es pot","hores, el que dóna pas als 60 minuts que dura la guerra de l'aigua en els carrers torrudans. Un petard que els festers van disparar puntual i que va obrir l'aixeta de les quatre cubes d'aigua (de 10.000 m3 cadascuna) de les quals es disposava. Complint"
"injust que limitéssim els guanys d'un propietari que disposa d'un local cobejat. No hi estic d'acord. Que s'hagin disparat de manera desorbitada els lloguers a les zones centrals de Barcelona no és mèrit de cap propietari, sinó dels èxits de la",": Estan fabricades amb dues làmines de forma semicircular que incorporan un fusible que a partir de 72o es fon i dispara les lamines assegurant una estanqüeitat perfecta. Les clapetes tallafocs tapen el pas de fums durant 60 minuts,"
la porta a la mem... -Avui us presentarem l'oficina d'intermedicació hipotecària. La xifra de desnonaments s'ha disparat i cada cop hi ha més famílies que perden casa seva. A Terrassa s'ha posat en marxa l'Oficina d'Intermediació,"he entrat l'aparell de l'aire condicionat s'ha romput amb un gran pet i ha començat a treure fum i una cosa verda, com si disparessin aigua amb una pistola d'aigua, però més fastigós. - Com ha fet per a no embrutar-se amb la cosa verda dins piscina?-"
"ha doblat el nombre de seguidors (amb més d'1_milió d'interaccions del hashtag #FMediterrania), i Instagram s'ha disparat arran de l'èxit de la convocatòria del concurs Mobileart (obert fins al tancament de la Fira). Indicadors 16a Fira","amb la cosa verda dins piscina?- demana una reportera coreana que encara no sap xerrar gaire bé el català - Per sort disparava cap a una altra banda, aquesta substància i una altra que s'ha trobat al, eh, potser estic contant massa coses. -"
"artesans tèxtils de Felanitx de 1578, i comprovam que quinze eren propietaris d'alguna extensió de vinya. Les dades es disparen si acudim a les dades de 1644, i analitzam el patrimoni de: - trenta-set paraires, dels quals trenta-un són propietaris","sobre un testimoni presencial a la Franja de Gaza. El 27 de desembre de 2008, l'Operació ""Cast lead"" (Plom Fos) va estar disparant a elefants durant 21 dies. 12/02 - Amerikanuak Director: Nacho Reig ""Amerikanuak"" és un documental que relata la vida"
"coneixement. El sistema de finançament local generava incentius per construir més i més, encara que a llarg termini es disparessin exponencialment els costos. Ara és moment a centrar-nos a la ciutat construïda i optimitzar-la a escala humana, amb","en diferents parts del cos – pit, mandíbula, orella, cames, etc –, fet que ens porta a la conclusió que cada vegada que es disparen aquestes les bales de goma causen afectats greus. Per tot això, la Candidatura d'Unitat Popular demana al Ple de Sant"
"i el populisme, més política, més democràcia Arnau Martí ICV Osona A la situació de crisi econòmica i social, amb l'atur disparat i l'activitat econòmica al ralentí, s'hi suma l'increment de casos de ""presumpta corrupció"" que impliquen diverses","Internacional de l'Eliminació de la Discriminació Racial divendres, 21 març, 2014 El 21 de març de 1960, la policia va disparar contra una manifestació pacífica que tenia lloc a Sharpeville (Sudàfrica) per protestar contra les lleis de l'"
"aixeca't, ara com sempre amb dignitat! que les armes són cosa d'abans, que les armes són senyal de feblesa. Nosaltres dispararem paraules, paraules que tallin com l'acer, paraules que alliberin nostra terra, paraules que desmontin la mentida,","altre exemple de la fidelitat a l'original és a les armes, ja que només hi són presents les que ja hi eren i habilitats com disparar una arma amb cada mà (apareguda a partir d' Halo 2 ) segueixen sense ser presents a aquesta nova versió. El HUD ("
"de concurrència i transparència no aporten valor afegit ni són garantia de res. Cada cop que Via té l'oportunitat dispara contra tot allò que sigui públic: gestió de recursos, fiscalització, treballadors públics... El passat 11 de març de","arma en qüestió, una llançadora de bales de defensa 40x46 mil·límetres (LBD 40x46), denominada GL-06 o LL-06, que pot disparar projectils viscoelàstics (de foam), forma part de l'armament dels Mossos d'Esquadra des de 2011. El fabricant és l'"
"fent pinya al voltant de l'Esther Quintana, la noia que va perdre un ull a una manifestació després que els mossos disparessin bales de goma; ciutadans fent pinya davant les multes als veïns de Ciutat Badia que van tallar un carrer per intentar","per la policia. La policia francesa va introduïr aquesta arma el 2004, tot conservant el denominat 'flashball', que dispara bales de goma. El nombre elevat de ferides provocades per aquestes dues armes va provocar que diversos organismes"
. I una cosa està clara: després de dècades d'anivellament econòmic i social amb la crisi (potser abans?) s'ha tornat a disparar la desigualtat social. A tot el món occidental i també aquí a Andorra. La qüestió és tornant a Andorra si estem preparats,"Bhatti, cristià com jo, va ser assassinat per la mateixa causa. Uns homes armats van envoltar el seu cotxe i li van disparar amb acarnissament fins matar-lo. Em pregunto quantes persones més han de morir per causa de la justícia? Prego a totes"
"aquelles empreses que sí que en van treure profit just en el moment en el que a Barcelona el preu de l'habitatge estava més disparat va ser just el moment per llençar uns terrenys fantàstics. En qualsevol cas, després de tants anys de tenir alcalde","d'orella a orella, fent loopings, tirabuixons, sentia els de baix com deien ""-Baja o disparo, cabrón"" - Doncs dispara , home dispara! No em faràs tornar al teu món. Quan només quedaven brases vaig cardar el camp cel enllà, vaig creuar rius i"
"temporal , lloable intenció en moments de plena ocupació però allunyada de la realitat en uns moments en que l'atur es dispara fins el 20% (15,6% a Girona) de la població activa. Després de publicar-se les darreres estadístiques de contractació","seguir els Judum des de lluny fins a un lloc prop del poble anomenat Paral Nar Todak. Els va veure com violaven sis dones i disparaven a un home al coll. La camarada Laxmi, que és una noia guapa amb una llarga trena, em conta que ella va veure el Judum cremar"
"es tapava la neu amb una capa gruixada de càrritx i es donava per acabada la tasca de nevatejar. Quan arribava l'estiu i es disparava el consum de gel per conservar aliments, els traginers, amb les bísties, pujaven fins als pous entrada de fosca, en",". Demano a la infermera que s'atansi amb la safata metàl·lica, mentre introdueixo la xeringa d'acer inoxidable, disparant aigua a pressió. El pacient udola com un esperitat, però després d'uns minuts aconsegueixo retirar tota la cera. L'"
"el nostre navegador. Fins ara a Google no s'havien mogut gaire al respecte, però segons veig ...... dic 30 2010 El Nadal dispara les vendes de marisc per internet . Les peixeteries electròniques guanyen confiança entre els consumidors i arriben","clares i públicament. // Obrir boca , loc. Prendre un aperitiu o entrant que desperta l'apetit. // A boca de canó , loc. Disparar una arma de fòc molt prop de l'objectiu. // A boqueta nit , loc. Quan es pon el sol i escomença a fer-se de nit. Popularment"
"polítics i econòmics fan veure que les coses ""van bé"" per interès immediat, malgrat que el deute públic i privat es disparen . Els llocs de treball es creen sobre una bola d'aire creixent. Fins que les bombolles esclaten i es desemmascara la",", així com a les festes patronals de la Magdalena a Castelló. Aquesta edició de les Falles de la ciutat de València ha disparat una mascletá diürna a la plaça de l'Ajuntament de València per encàrrec de la junta Central Fallera. Empresa familiar"
"de que s'ha de preocupar per la classe treballadora i bla bla bla.... Qui ens va posar de ple a la crisis? quin partit va disparar el dèficit de Catalunya i Espanya? Qui va enganyar al poble de Catalunya con un ""acataré lo que decida el parlament de",", fill del fundador de l'empresa, està considerat com uns dels més ferms valors de la jove pirotècnia valenciana. Dispara de forma ininterrompuda a les Falles de la Ciutat de València des del 1988. 1er premi de les mascletaes de Castelló el"
", una llei més restrictiva no disminueix el nombre d'avortaments, de fet amb la nova llei de terminis aquests no s'han disparat . En canvi, les restriccions sí que dificulten l'accés a la IVE i el fan més injust"", ha recordat la responsable de Gènere","o us matem! Impertorbables, el rector i els seus amics mostren que prefereixen la mort. Els agressors no s'atreveixen a disparar i ells mateixos posen foc i fugen. Els veïns alertats porten aigua i entre tots aconsegueixen apagar lincendi. Mossèn"
"les startups busquen suport en inversors amateur a través d'internet.' La taxa de creixement del crowdfunding s'està disparant , si tenim en compte dades de fa tres anys, quan aquest va començar a esclatar. Per fer una anàlisi profunda de l'economia","clandestins que porten a Egipte. En resposta a la pressió i al bloqueig israelià, els militants d'Hamàs de Gaza han disparat coets de fabricació casolana sobre poblacions israelianes veïnes. Segons el govern israelià, des del juny del 2007 al"
"revistes preferides. Edició gràfica: l'arte de la desafecció. De vegades, per un fotògraf, el moment més difícil no és disparar , sinó editar la seva pròpia feina. La capacitat de veure-hi amb els ulls de l'altre i de definir la narració d'un","israelià, des del juny del 2007 al gener del 2008 van disparar més de mil_cinc-cents projectils. Una xifra semblant han disparat , segurament, des d'aleshores. Els morts causats per aquests projectils no es coneixen amb exactitud, però les xifres"
"des que va instal·lar fa tres mesos una càmera per evitar el tràfic a la zona exclusiva per als vianants, que s'ha disparat des de l'apertura parcial aprovada pel Consistori . El regidor de Mobilitat, Gabriel Vallejo, va informar que","un de l'altre i tenien dret a 3 trets. I el primer era per a Lérmontov (cosa que em fa pensar que l'ofès era ell). El poeta va disparar a l'aire, el que segons les normes del duel indica que es busca la reconciliació (el que em fa deduir que l'ofensa potser"
"social. Poc a poc s'hi van afegint motos i cotxes, amb pancartes i banderes del partit d'Ollanta. De sobte l'alegria es dispara , en saber-se els últims resultats oficials, que ja donen com a vencedor a Ollanta. L'escàndol dura fins a ben entrada la","ultratjar). Martínev no va dubtar i, tot i que el seu amic li perdonava la vida per seguir junts molts anys com a amics, va disparar al pit de Lérmontov . Un altre gran poeta mort... Són dues històries impressionants pels personatges que les"
". L'any 2007 amb només sis mesos de govern es tanca l'exercici amb més de 300.000€ de deute. L'any 2008 el deute és dispara a 1.200.000€. Al 2009 estem de sort, i després d'incorporar al pressupost l'avançament del cànon de l'aigua d'un bon","ha de prohibir el moviment migratori, el que s'ha de prohibir és la violència. Qui guanya : el cowboy o Simbad? El cowboy dispara a qui troba i el Simbad viatja i aprén. Hi ha dos Simbads, un de marí i un altre de terra. El de terra no es mou del seu terreny"
"en una ciutat turca"". ""La formació de petits forats d'ozó estratosfèric de curta durada sobre el territori valencià disparen els índexs de radiació ultraviolada i, alhora, incrementen el risc de cremades solars"", expliquen els científics","d'artilleria, va aconseguir que li deixessin dirigir els canons que bombardejaven les defenses angleses. Però disparant unes bateries de canons no s'arriba gaire lluny, i Napoleó va idear una estratègia per trencar la resistència. Per"
digne serà una altra de les prioritats de les polítiques del PSC. Els desnonaments d'habitatges i locals s'han disparat durant el primer trimestre d'aquest any a la província de Girona. Segons les dades del Consell General del Poder,"Roja que Terra Lliure va tirotejar a un genoll, sembla que no per mala punteria, sinó perquè no eren prou malvats com per disparar a sang freda a ésser tant repugnant com en ""Fede"" i que va passar de l'extrema esquerra nacionalista espanyola a l'"
". Era com un crisol que acumulaba i acumulaba i acumulaba al seu si fins que de cop s'ennuegava i explotava amb violència disparant un cúmul de metralla que, ara i adés, aconseguia transmutar en filosofia, fent-la encara més destructiva. Ho",": ""Estàvem rodejats des de feia dies, sense aigua ni menjar, bevent-nos els pixats i ja només em quedaven 5 bales. En dispararé 4 però l'últim tret me'l fotré al cap. No m'agafaran viu"". Embarcat en aquella guerra que no entenia ni comprenia ni"
"de bona fe en mantenir aquest impost en vigor durant més de deu anys"". Els dubtes sobre aquesta moneda virtual s'han disparat arran del tancament del principal operador de ""bitcoins"", MtGox. La fiscalia de Manhattan cita diverses empreses,","ens diu que al vespre millor no sortir al carrer i que ell sen anava al hospital perquè el divendres un amic seu li havien disparat 3 trets. La clínica es privada, tot es força correcta tenint en compte el país, li fan una radiografia al quim i el Dr"
demanda s'ha incrementat un 23% respecte a l'any passat . L'increment del malware i els continus atacs cibernètics ha disparat la demanda d'aquest tipus d'experts. Intel·ligència i analista de negocis tanca el rànquing de les 8 habilitats IT més,llei? Com s'esbrina la marca d'un vehicle que ha fugit després d'un atropellament? Com se sap des de quin edifici han disparat algú al mig del carrer? És legal presentar davant un jurat el resultat del polígraf o del detector de mentides? Pot ser
", però, van en una direcció diferent. El departament d'Economia admetia que la despesa salarial de la Generalitat s'ha disparat un 42% des del 2006 cap aquí. Bo i descomptant els increments en mossos, personal sanitari, mestres, personal","en poltrones sortint a la tele dient lo bé que va tot aquí uns passats recollíem pedres per obrir-els-hi el cap. Apunta, dispara , torna a carregar practicarem el tir al feixista fins que no en quedi cap. Aquest esport, no fou reconegut pel comitè del"
", llamps, aigua i pedra que s'han precipitat de forma violenta sobre tot el terme municipal. La humitat relativa s'ha disparat , les temperatures han baixat per baix dels 20o i les precipitacions han començat en forma de pedres de no massa tamany","on les armes són òrgans masculins gegants (en forma de diverses armes de guerra, recreades d'una manera molt viva) que disparen i exploten i maten les persones a les quals estan enganxades (en podeu veure fragments a la pel·lícula que forma part de"
"una duresa del terreny extrema, que ni amb el canvi més petit permet de controlar el patiment i que és on les polsacions es disparen fins al límit. Una manera senzilla d'explicar la influència de l'estat del terreny seria: Mentre sigui tu el que","del mas de Marta. Per tal motiu, l'artilleria franquista des de la serralada del Turmell i per la zona de Vallivana van disparar bombes indescriminadament al masos de la zona. La gent es va refugiar a la cova dels Portals de Marta fins que va passar el"
"dels tràngol que l'hi havia suposat la mort dels seus pares, primer; i dels seus protectors, després. Les alarmes es van disparar el dia que la Mar va revisar l'estat de compte corrent d'en Jacint. Cada diumenge havia disminuït entre cent i","idea del joc és molt senzilla mentre que l'estratègia necessària per guanyar no sempre ho és. Els tancs poden moure's, disparar , detectar altres tancs i colpejar les parets que limiten el terreny de joc o altres oponents quan no són molt cuidadosos"
"Sala-i-Martín (Salaimartin.com) : Tot i que la mala gestió de la Generalitat ha fet que el seu deute públic s'hagi disparat en els darrers anys, la veritat és que la incompetència i la deslleieltat del govern de l'estat, el sistema de","manera. Només ens faltava això: que encara ens baixés més la temperatura d'aquest congelador. Alguns dels ferros que disparen les parts mecàniques de les trampes estaven gelats, lo que fa que no s'han disparat: alguns dels esquers estaven"
", Mònica Terribas, li demana a l'expresident Sr. Jordi Pujol: ""què li diria vostè al Sr. Zapatero?"" Se'm van disparar totes les meves alarmes en detectar les empremtes d'esclau en la resposta mesella de l'expresident Pujol, aquell en","fent pinya al voltant de l'Esther Quintana, la noia que va perdre un ull a una manifestació després que els mossos disparessin bales de goma; ciutadans fent pinya davant les multes als veïns de Ciutat Badia que van tallar un carrer per intentar"
", s'ha de posar les piles no només per tancar negocis com el de Neymar (brillant si tenim en compte que el seu preu s'ha disparat just després de ser presentat pel club barcelonista), sinó demostrant que podem vendre els nostres jugadors al preu","de 2010 quan vaig participar en la preparació i coproducció del vídeo de l'Iraq, mostrant els pilots dels helicòpters disparant als periodistes i a la població civil, ha estat un atac als nostres drets a tenir accés a la informació que ha de pertànyer"
", només un 3,1% dels carrers de vianants tenien locals buits, mentre que als carrers amb trànsit intens aquesta xifra es dispara fins al 15,1%. Més complexe d'analitzar resulta l'augment del poder adquisitiu de la població. Però com vàrem",de distància. La policia de canvis climàtics es necessitarà per controlar i monitoritzar qui està autoritzat a disparar coets que contenen iode de plata en l'aire – una forma de provocar la precipitació de núvols passatgers. 12. Advocat
"que en uns mesos es podrà generalitzar el pagament a la incipient hisenda pública de Catalunya, les alarmes s'han disparat . La caverna mediàtica espanyola ha passat d'intentar ridiculitzar els simbòlics pagaments a posar el crit al cel","és una dona que cerca ser lliure, ser ella mateixa. ""La Vila de Gràcia, assetjada pels canons i les tropes que disparaven des del carrer Provença i el passeig de Gràcia de Barcelona, va ser el principal bastió de la resistència. Conta la"
"de la Generalitat que en uns mesos es podrà generalitzar el pagament a la incipient hisenda pública de Catalunya ha disparat les alarmes a C's, que es troba en plena disputa dels vots espanyolistes amb el PP i PSC. El partit de Rivera ha denunciat","pel dret a l'educació. Dimarts, 9 d'octubre del 2012, quan tenia quinze anys, de poc no en va pagar el preu definitiu. Van disparar-li al cap a boca de canó quan tornava de l'escola amb l'autobús, i gairebé ningú no esperava que sobrevisqués. La"
"probabilitats de morir assassinades. Els últims trenta anys, als Estats Units la desigualtat entre rics i pobres s'ha disparat . Avui, el somni nord-americà només és possible pels que tenen prou diners per comprar favors als legisladors de",". Era com un crisol que acumulaba i acumulaba i acumulaba al seu si fins que de cop s'ennuegava i explotava amb violència disparant un cúmul de metralla que, ara i adés, aconseguia transmutar en filosofia, fent-la encara més destructiva. Ho"
el primer i més important símptoma que estàs embarassada sigui la manca del període. Si això passa les alarmes es disparen i comences a vigilar el teu cos. Aquí tens algunes pistes que et poden ajudar: Cansament o somnolència persistent. Més,"tribuna es produïren disturbis entre els concentrats i els esquirols que sortien del seu torn. La policia va procedir a disparar sobre la gent, produint 6 morts i desenes de ferits. Els fets van ser recollits pel redactor del Arbeiter Zeitungque va"
"itinerari i marxar cap a l'Àsia en lloc de començar el nostre viatge des de Sudamèrica. En alguns casos el pressupost es disparava –ens van arribar a demanar 7.000 euros-, mentre que en altres ens donava la sensació que l'agent que ens havia d'","la tardor. Els intrèpids caçadors, hereus dels primers homínids que s'atreviren a alçar la mà contra altre animal, disparen les seues armes de repetició des d'aquestes talaies. I, moltes vegades, encerten. La modificació de l'article 336 del"
"a la recuperació dels mercats de proximitat, en especial, el català i l ́espanyol. - El nombre de telèfons mòbils s ́ha disparat des de principi de segle i dels 21.000 abonaments del 2000 s ́ha passat als 64.000 actuals. Això suposa un augment del 200","va callar, si no instigar, les accions exterminadores dels rebels? I no van ser també alguns dels seus membres els qui disparaven des d'edificis religiosos als milicians que aturaven el cop? ¿Per què s'identifica l'anticlericalisme amb el règim"
"la salut financiera de l'empresa, se ... [ Veure més ] 25/11/2010 · Indulleida ha vist com les seves exportacions s'han disparat fins a superar el 64% per cent de les vendes durant la passada temporada 2009/2010. El 12,69% d'aquestes operacions han","De fet, no són grans tiradors i únicament encerten la meitat dels seus trets. Realitzen un sorteig per veure qui dels dos dispara primer i després es van disparant de forma alternativa l'un sobre l'altre. Quina és la probabilitat d'acabar viu a"
", semi-professionals com amateurs (sobretot en aquests últims, on la mort sobtada per malalties cardíaques es dispara per sobre dels 35 anys). Existeixen uns protocols concrets d'actuació definits per les societats científiques que s'",després es van disparant de forma alternativa l'un sobre l'altre. Quina és la probabilitat d'acabar viu a favor del que dispara primer? El Problema de L'Hemisferi Una petita esfera rota sobre el seu eix a gran velocitat. Tres tiradors experts
"anys d'abandonament i que n'hauria de portar un munt de decennis resolta?. Caldrà veure si tot aquest enrenou que s'ha disparat ara i que ho ha fet en el pitjor moment perquè hem entrat en temps de crisi galopant, a veure com acaba tot aquesta","que ha arribat fins aquí i amb els esforços que li ha costat, té ganes de tastar el final d'aquesta paranoia surrealista. Dispara . La fletxa rebota contra una paret i va a parar sobre un armari. Els empleats i el director s'alarmen i treuen tots un pot"
"dona de 75 anys, amb una malaltia cardíaca i amb altres problemes familiars. Però la llista dels seus problemes acaba de disparar-se , gràcies a la falta d'escrúpols del sistema capitalista i a la manca de previsió dels poders governants. Aquesta veïna","en casos que la integritat física dels agents o de les persones corri perill. En aquestes situacions, els agents podran disparar a menys distància i apuntant directament els agressors, però apuntant a la part inferior del cos. Un dels punts més"
"més senzill, identificar-la, saber que l'estem patint, els seus símptomes ens donaran la clau, són les alarmes que es disparen quan s'apropa el perill. I en segon lloc, el més complicat, investigar quin és el perill ocult que dispara les alarmes.","obert la veda! Després de nombrosos rumors sobre la imposició de matrícules per a les bicis, l'Ajuntament d'Alcúdia ha disparat el primer tret. Segons informa el diari Mallorca Zeitung , l'anunci s'ha produit a una reunió de policies locals del"
"de venda per reubicar-se, millorar les seves intal.lacions i posicionament, i també per patrimonialitzar-se sense disparar els costos financers. Les que en aquest temps estan aconseguint mantenir un nivell d'ingressos i uns balanços","atractiu per a una novel·la. Quan els nazis guanyaren aquella Guerra Mundial, la resistència no reparava gaire a qui disparava , ja que en tots els territoris conquistats els habitants s'havien fet alemanys . El correu electrònic amb el programa"
"l'àpat. La carta de vins és obviable, però hi ha opcions de mitges ampolles. El servei és familiar i la factura tampoc es dispara excessivament. La cuina de Can Marxandó te totes les virtuts que cal esperar d' un restaurant amb la seva historia, i amb",". El 21 de novembre de 1811, en plena fallida econòmica i abatut pel càncer que patia la seua companya, Adolfine, va disparar contra ella i després es va suïcidar. Un final ben adient per a qui es comptava entre els escriptors romàntics. De fet, l'"
"aquestes premisses ens planteja que el màxim de producció mundial s'ha superat, de manera que, mentre el consum es dispara , la disponibilitat de petroli és cada vegada menor. La fi dels combustibles fòssils podria portar al nostre model de",amb que el podem perdre si no l'estimem a consciència. És qüestió de sensibilitats. Podem estar pendents del qui dispara l'elefant o de cóm afecta a la totalitat de la població la mort d'un gegant. Podem justificar la rendibilitat econòmica
"Rafa Rosselló... Molta de gent amb ganes de guerra! Va ser una sortida, per jo, relativament fàcil, el ritme no es va disparar fins al km 1,5 aproximadament, ja que anàvem un gran grup compacte rodant a poc menys de 3'30"" el km. Però a partir d'allà,","el diari Berliner Abendblätter . L'any següent, prop del llac Wannsee, a les rodalies de Postdam, se suicida després de disparar contra Henriette Vogel, que patia una malaltia terminal. De la seva obra literària, especialment rellevant en el"