És un exercici brillant de periodisme d'investigació ―no és fàcil retratar la complexitat empresarial que maquilla i amaga les intencions dels delinqüents― i manté una intriga liderada pel magistrat interpretat per un esplèndid Vincent Lindon.,"un dramón. La gran Amy Adams és, com sempre la reina, aquí té de comparsa la no menys gran Glenn Close a qui ha pentinat i maquillat el seu pitjor enemic. La versemblança pot patinar per una caracterització com aquesta. Llums i ombres en aquesta"
L'Ana María va necessitar maquillar els traumes patits amb una capa embellidora.,"Bogarde, al paper d'un escriptor a les últimes. Assegut en una gandula a la platja del Lido, fins i tot amb tint al cabell i maquillat com un espantall, Aschenbach encarna la veritat despullada: ell ja és una ànima esgotada que descobreix en Tadzio, l'"
"La societat actual encara té molts mals, com l'edat mitjana, que heredem o inclús d'abans de l'edat mitjana, que els hem anat maquillant, hem anat evolucionant tecnològicament i socialment, però el rerefons és exactament el mateix.","Casado amb la mofa que ha generat veure com estava Pablo Casado. Un to ataronjat-groguenc, combinació de moreno i mal maquillat , que han estat la riota de la xarxa. Fixin-se en la imatge anterior: mirin com té la cara Casado i com té el coll: Casado"
"L'acusació contra la mandatària es basa en els anomenats pedalejos fiscals, una pràctica irregular prohibida per la llei de Responsabilitat Fiscal però que l'han feta servir habitualment tots els governants brasilers; aquesta pràctica consisteix a utilitzar avanços de diners de bancs públics per cobrir programes socials, maquillant el resultat pressupostari.","arribar a influir en les pacients. ""La clau és poder normalitzar la malaltia"", ha resumit Adsuara, ""en el meu cas no m'he maquillat en la meva vida, així que tampoc ho faré ara"", per això considera que tapar-se -amb un mocador o amb una perruca- no pot ser"
"Ara, per fi, el panorama és completament diferent i volen aprofitar les bones condicions per arribar fins a Setmana Santa amb una activitat normalitzada, que permeti maquillar els resultats d'aquest calorós hivern.","transporta al segle XVIII per conèixer el segon president dels Estats Units que no va tan pompós com els francesos, ni maquillat , però sí duia perruca i mocador al coll i teles brocades. Va haver-hi un moment en què els homes anaven tant o més guarnits"
Si el Partit Socialista passa hores baixes a Catalunya no serem nosaltres qui els maquillarem la seva situació.,". Què s'ha fet? ""No sóc de posar-me moltes coses a la cara, però des de fa temps, i ara mateix ho veureu, si vaig sense maquillar , tinc les ulleres negres i enfonsades"", diu Laura Fa, a través de les seves històries d'Instagram mentre va de camí a la"
"El Bembibre va poder maquillar el marcador en la recta final, (...)","amb aquests productes. Per això, compten amb pèls més llargs i espaiats. A més, la seva forma diagonal ajudarà a poder maquillar la zona seguint la forma natural del pòmul. Brotxa vento. El pinzell perfecte amb el qual usar l'il·luminador, per a"
"Més enllà que aquesta pràctica serveixi per maquillar estadístiques, cal tenir en compte que tots els vots computen per a consells comarcals i diputacions.","difondre propaganda electoral o realitzar actes de campanya. Marta Reyero, 56 anys, arriba tard i surt a T5 sense maquillar ni pentinar. Així El Filomena ha afectat totes les professions a mitja Espanya, també a les TV. Programes cancel·lats,"
"En definitiva, no es modifica realment la regulació de les mútues, sinó que exclusivament es maquilla a les mateixes perquè continuïn sent associacions d’empresaris “sense ànim de lucre” que persegueixen als treballadors malalts perquè no puguin percebre les prestacions de baixes mèdiques per malaltia comuna.","minuts explicant la nevada, entra al plató Marta Reyero de 56 anys, veterana de Cuatro. A correcuita, del carrer, sense maquillar ni pentinar, i en jersei de llana. Així: La presentadora agraeix al company d'esports i es posa a llegir el prompter que"
"L'objectiu, diuen, és elaborar una llista d'espera real, ja que denuncien que les xifres oficials estan maquillades.",", bona nena i innocent fins que la burxen, respon sense embuts a si s'ha punxat la cara: NO. Per demostrar-ho: foto sense maquillar . Aitana és meravellosa amb i sense maquillatge. La mascareta fa miracles, com que s'embruta de base i pintallavis, és"
"26. La segona part encara ha estat pitjor. Adán ha regalat un golàs. Yuri ha repetit des del punt de penal i Álex Vallejo ha maquillat el resultat en el minut 75, després d'aprofitar un rebuig. Bigas i Scepovic són les principals novetats del Mallorca","de base i pintallavis, és habitual que les noies de 21 anys no es maquillin per sota. I permet de veure Aitana sense maquillar . Natural i més esplèndida que a El hormiguero. Formigues són els que la critiquen. Aitana, un gegant. Avisa"
"superar davant els Rockets la barrera dels 10 punts (amb 8 ha empatat la seva marca anotadora més modesta), i només ha maquillat les seves estadístiques amb set rebots, tres assistències i un tap. En canvi, ha estat James Harden qui ha brillat en el","que a la segona planta de la Casa Prioral hi aniran dependències parroquials. Tamara Falcó com mai l'has vist. Sense maquillar , ni pentinar. No sembla ella Tamara Falcó està feliç, enamorada, contenta i se li nota. Tant, que si abans procurava"
"el tercer triomf consecutiu. Ha anotat només cinc de 17 tirs de camp, incloent-hi dos de nou intents de triples, però ha maquillat la seva aportació a l'aconseguir set punts de vuit llançaments des de la línia de personal. També ha estat el millor en","Covid-19 com a prioritat en el que resta de legislatura. Laura Matamoros com mai l'has vist: pel carrer en pijama i sense maquillar Cada vegada són més les famoses que aposten per la naturalitat a les seves fotos, fugint dels quilos de maquillatge i"
"no va incloure el bo com a deute corporatiu, decisió que ha provocat que al mercat hi hagi la por que l'empresa hagi maquillat els comptes per presentar un millor balanç. En relació amb aquest punt, l'agència de qualificació Fitch va emetre un",": ""Qué rara"" Cada vegada són més els famosos que s'uneixen a la tendència de fotografiar-se a les xarxes socials sense maquillar , per mostrar als seus seguidors el seu veritable rostre sense filtres. L'última en sumar-se a la moda viral ha estat l'"
"Sorhaindo ha culminat una posessió llarga. Entre Entreríos i Lazarov han ampliat l'avantatge fins que Víctor Vigo ha maquillat el marcador amb l'1 a 7. Els blaugrana han arribat al descans amb el 10 a 19. A la represa, els blaugrana han assolit la",encara més la mala maror quan no va acceptar una entrevista d'una periodista en una televisió local perquè anava maquillada i quan no voler parlar amb l'Associació de Veïns de l'Avinguda del Segre perquè estava presidida per una dona. Segon
al Granollers a la màxima diferència de 10 gols (21-31) a set minuts del final. En els darrers minuts els gallecs han maquillat una mica el resultat fins el 26-34. Un patinet elèctric atropella una nena de 7 anys a Barcelona Aquest dilluns s'han,"el mamarratxo, Vianor és sincer i na tural directa, espontani, sense gens d'amanerament ni d'afeetació. Molt poc maquillat , amb el seu rostre du na morenor avellutada i una perru ca estricta, en té prou per a donar la sensació picant i terbola,"
"temps ha acabat amb un contundent 4 a 19 i encara quedaven els vuit minuts finals, moment en què l'equip barceloní ha maquillat una mica el resultat, amb un gol més, i el Mataró ha sentenciat amb tres dianes que han tancat amb el 5 a 22 final. Les","per a la seua imatge externa, en la segona, estan preparades per a posar en pràctica els coneixements adquirits, maquillant-se elles mateixes, recolzades en tot moment pels consells de la professora. A les 16.30 hores d'esta mateixa vesprada, el"
"per arribar als 9 gols de marge (10-19), amb un altre gol a porta buida, aquest cop de Sorhaindo. Els castellans han maquillat una mica el resultat i s'ha arribat al descans amb el 13-20. En la segona meitat Pérez de Vargas ha sortit a la porteria del","i ets sents malament, fastiguejada... T'aixeques del llit, et poses la màscara i l'armadura pertinents, et maquilles . Surts de l'habitació i entres en el circ, en la pel·licula de la teva vida, tot és gris, t'has deixat les ulleres; tornes"
"res. Vaig en cadira, prenc pastilles pel dolor. Sóc diferent però sóc igual, tinc mil projectes i un cor gran. Jo no em maquillo , el meu món no és de cartró. Baix Llobregat Des de la Secció sindical de CGT de l'Hospital de Sant Joan de Déu de Martorell",i maquillatge. Aconsegueix un descompte de 5€ la nit del 29 d'octubre. Entrada gratuïta venint disfressat i maquillat . Zombificat! LOKO LEKTIVE @La CLUB Residents: PEPO WB & VICENTE BELENGUER Sala COLORS: LLUIS TORRALBO & MARCOS ALONSO
"improvisat. Representa que un vídeo porta a l'altre. Vam començar amb un ritual d'una tribu africana en que les noies es maquillaven per tal d'atreure possibles parelles, per passar a l'estrany i sobre-actuat tancament de la frontera entre el","fa, però també plorar, Fulvio Capitanio d'Units contra el Parkinson, em va dir, hores abans que anar a veure-la: - No et maquilles molt. Per això. Sobretot els que sabem d'EP. La pel•lícula esta en els cines del Centre Comercial la Marina d'Ondara i"
"mismo día un discurso en una sede sindical, desde donde se desplazó al plató de televisión, y una vez allí rechazó que le maquillaran . La imagen de Nixon fue la de un hombre cansado, con sudor en el rostro y bolsas bajo los ojos, especialmente marcadas por","rossos recollits en un elegant pentinat. Portava un vestit llarg fins als peus, blau marí, i era evident que anava maquillada , però el que més destacava eren els seus ulls verds. on tots els homes quedaven perduts. Aquella nit aquests quedaven"
"Sunçais que va tenir lloc a la fira Biocultura al Palau Sant Jordi de Barcelona el 4 de maig. Com a mestra de cerimònies, maquillada i pentinada amb tupé per l'ocasió, Valentina Thörner, l'autora del bloc Sostenibilidad y Minimalismo i del projecte",". Tot perquè se sentin a gust. Juguem amb el seu exterior, les seves versions i maneres de dir-les, les pentinem, les maquillem i els posem perruques. Les estimem a més no poder, i hi dormim abraçats: més d'una vegada he vist un membre de la família"
", produeix una bossade mà o un moneder únic i original. Descobrir la millor tècnica per treure bon profit a l'hora de maquillar-nos . Pràctica, barreja de colors, etc. Dimecres 9 de març, de 17.30 a 19 h Preu: 5 € -x XAPAR (xapes personalitzades)",Short Time perruques i maquillatge en maniquins té com objectiu principal mostrar les tècniques i els utensilis per a maquillar i pentinar maniquins i la seva correcta aplicació a l'aparadorisme i al comerç. Està dirigit a aquells professionals
"patir com a conseqüència de les obres i manteniment amb el vell tòpic del llarg temps d'espera que tarden les dones a maquillar-se , vestir-se... Entenem que el missatge que es desprèn d'aquest anunci és una nova mostra de masclisme que evidencia que","un descapotable pintant-se els llavis mirant-se en el retrovisor. De sobte, del cotxe comencen a eixir colorets per a maquillar-se a destall. La veu en off diu: ""Un coche hecho a nuestra medida""... Productes per a mantenir la lÃnia o d'estÃ ̈tica: Un"
"ja que només es van mostrar aquelles que l'ens municipal va decidir; i sense desglossar, per tant, dades irrefutables i maquillades . Un cop s'aprovin, s'obrirà un termini d'exposició pública i terminis per presentar al·legacions, tràmits que la CUP","de quedar amb l'opció fàcil. Aquesta mateixa tarda algunes estudiants de medicina agafen les seves millors gales, es maquillen i s'arreglen per anar a l'hospital. Unes grans ulleres, el cabell recollit en dues cues, una perruca acolorida, i per"
"partida que triplica les destinades a Cultura, Patrimoni i Ensenyament. · Rebutja les maniobres de comptabilitat que maquillen els pressupostos com ara que la desorbitada assignació de 530.000 d'euros a la Societat Anònima que gestiona el Nàstic",. * Observació. * Prendre consciència d'artistes. * Mostrar-se actiu davant d'una dificultat superable. * Aprendre a maquillar-se amb elements senzills. * Gaudir davant les actuacions en viu. * Mostrar respecte durant l'espectacle. * Reconèixer la
"de Serveis es presentin de manera conjunta, ja que ""només serveix per crear confusió amb dades contradictòries i maquillar el suspens dels ciutadans al Govern municipal"". Tant CiU com el PP han destacat de les enquestes que el 42,5% dels","de portadejar-lo , més d'agrair serà la de colofonitzar-lo amb la joia funerària de liquidar una tasca amb l'exhibició maquillada i elegant del cadàver exquisit -substantiu i qualificatiu que he tret d'algun clot dels soterranis de la memòria, ho"
"va fer el Vic- els mataronins només en van fer quatre. El matx ja sentenciat (72-34 al final del tercer quart) es va poder maquillar en un darrer període on el Vic va baixar la guàrdia i els mataronins van retallar 13 punts, insuficient per emportar-se","Mercat d'Idees de Disseny del BCD . (Sempre havia pensat que quan hagués de sortir a la tele aniria a la perruqueria, em maquillaria per l'ocasió, faria un esforç especial per oferir la meva millor cara.) Després de la roda de premsa, que vam superar amb"
"de nombroses obres neogòtiques que fessin més atractiu un barri que estava arraconat. Així doncs, el Barri Gòtic es va maquillar a finals del segle XIX i principis del XX en un intent primerenc de projectar una imatge internacional i positiva de la",", es fa una nova edició de la Zombie Walk, una caminada de zombis pels carrers de la ciutat. Si hi voleu anar i teniu ganes de maquillar-vos a casa, us donem uns quants trucs. Ha visitat el plató de l'Infok Ricardo Ramos, un maquillador. L'imitador i humorista"
"el 7-1, ha vingut la lògica relaxació i això ho ha aprofitat el Ripoll per aconseguir dos gols, deixant el 7-3 final que maquillava una mica el resultat. Amb aquest resultat es segueix al davant i el Ripoll, bon equip que avui s'ha vist superat, però que","dinamitzar el dia amb un taller de maquillatge en el qual s'oferia la possibilitat de que pares, mares, tiets, avis... maquillessin als respectius infants. Formulari de cerca Esteu aquí JEV commemora el Dia Internacional dels Drets Humans Dimecres,"
"pau que aquest pot ser va ser el programa més tranquil que hem tingut fins ara. Rosa és una persona tranquila, sempre va maquillada d'un somrriure especial i contagiós que li regala ... Continua llegint → El Mag Txema, un funcionari de presons que és",", l'ORTF retratava les dones com treballadores que ocupaven un lloc a l'espai públic, no només a casa. La llibertat per a maquillar-se i per a triar vestit era un reflex de la resta de llibertats. Així doncs, la cultura francesa (de tall europeu occidental"
falsa o inexacta; per manipular els desigs de les persones; per crear frustracions personals; i per falsejar o maquillar la realitat principalment. No obstant això de vegades trobem obres publicitàries que són molt boniques . Que volen,"en lloc d'una cavalcada de reis. És per això que es va decidir tornar a pintar-los, per cert ja fa molts anys que no es maquillen amb betúm de les sabates i no deixen rastre a les galtes dels petits. Per fer de rei no només compte el físic també s'ha de"
"amb l'extrema dreta, però cal tindre en compte que, fins ara, aquesta complicitat sempre s'intentava camuflar o maquillar , de manera que públicament la dreta amb façana democràtica no s'exposara a l'escarni que presumiblement aquesta","empolvoren el nas no són sinó unes bagasses , i sempre m'ha tocat mesurar-ne molt bé el punt perquè no notara que m'havia maquillat ; però, amb el pas i el pes dels anyspareix que la persona a tot s'acostuma, ha deixat de fer-me'n cap comentari: ni per"
"al partit massa tard. De fet, els tarragonins guanyaven al minut 33 per un clar 0 a 5. Aldrich, Serra i Mateos van poder maquillar el resultat. Tampoc no va tenir problemes el Liceo per imposar-se a la pista d'un Blanes. Els de Ramon Benito van repetir","un blogaire que tot just enceta la seva experiència a les Amèriques. En el tercer, una dona de no menys de seixanta anys, maquillada com per actuar a un Music-Hall i amb un abric de visó de quatre dits de gruix, em va fer explicar totes les funcionalitats"
"empresaris del sector del cava consultats no tenen dubtes que la bona marxa de vendes de Jaume Serra a preu molt barat ha maquillat els resultats globals de vendes del cava durant el 2009, que han caigut un 3,7%. També causa inquietud en el sector les",amb les disfresses que ells mateixos han confeccionat per l'ocasió en les últimes setmanes. I sobretot també ben maquillats . Aquest és el cas dels alumnes de l'escola del Petit Estel que s'han pogut veure aquest matí en la rua que han fet pels
"opció independentista extra-parlamentària. D'aquesta manera, els mesos més difícils i perillosos d'ERC quedaran maquillats per la possibilitat de tocar campanes i anar a la processó. És a dir, de mantenir un govern amb l'unionisme més pur i fer","li pregunten ""Et mataran de nou avui?"" El nostre protagonista entra en un teatre. Ramiro inicia la seva transformació maquillant-se amb una foto d'Allende al davant. La sala del teatre està completament deserta. Ramiro-Allende, recrea amb un monòleg"
perden per aquest partit a Alberto i Valderas per sanció i a Cebri per lesió. Els visitants intentaran guanyar per maquillar la temporada irregular que han realitzat. L ́Europa després d ́encadenar 1 punt dels últims 12 disputats intentarà fer,"de l'entorn. Per tant, encara que de manera intrínseca el maquillatge no impedeixi respirar a la pell, el cutis maquillat acaba ""brut"" al final del dia. Llavors, és imprescindible desmaquillar-se a la nit amb un producte adequat. Et"
"tortures i que no demanen compensació economica ni res.... Lamentablement, el govern no ha après res més que no sigui maquillar aquests greus fets i amenaçar de denunciar a Amnistia Internacional, en comptes de netejar el seu pati. La politica del","té el seu propi folklore, la seva música i els seus vestits de gala, en especial els vestits de les dones, que a més a més es maquillen la cara i es posen alquena a les mans i als peus. Una altra mena de festa són els mussems , que es celebren en torn a la tomba d'"
"l'equip local va tenir que jugar-ne 8 amb inferioritat numèrica, el que va provocar que l'equip local aconseguira maquillar el marcador amb el resultat final de 19 a 17. A la fi, la recompensa dels dos punts que es queden a casa i la sensació d'haver",": Es pot fer un a un o en grup. Cada alumne està assegut a una cadira. Als nois els hi diem que s'han d'afeitar i a les noies maquillar-se . Han de ser molt ... Continua llegint → Mitjans audiovisuals Espai d'Arts de Roca Umbert ""Retalls"" dimecres, 29 de maig"
"aconseguit el seu segon gol, mitjançant un llançament de penal córner i, en l'últim minut del partit, Koke Rodríguez ha maquillat el resultat. Un cop aconseguida la victòria, només quedava esperar les notícies que arribaven des del Pla del Bon Aire.","claror del nou dia després de tota quanta cosota i d'aquell son tan profund que us vencé. I es féu de dia ja, i Susanna sense maquillar i més atractiva encara. Les frases de Salter i la concisió, paraules justes i sense turbulències. L'estil ho és gairebé"
"de casa a Europa, van encaixar tres gols en els primers minuts que els va ser impossible remuntar. El gol de Borja només va maquillar el resultat. El secretari tècnic Manel Domènech reconeix que ""hem de fer alguna cosa per canviar aquesta dinàmica que","dia m'ho dic a mi mateixa quan em llevo i em miro al mirall, però quan veig de bon matí la cara que faig, mig adormida i sense maquillar , els ànims em cauen als peus. llegir més Quan no coneixes gaire algú no saps fins a quin grau de confiança hi pots tenir."
", el gol de Buba –que també va fer un doblet- ja va deixar el partit sentenciat, tot i que Jose Flores va acabar maquillant el resultat. El Llagostera B segueix doncs, en places de descens i haurà de reaccionar en un 2014 que començarà,","de llavis, colorets... i sempre amb el consell expert d'una Consultora de Bellesa. En aquest taller t'ensenyaran a maquillar-te , mentre ens ho passem d'allò més bé. Després anirem a sopar a Moncho's per acabar de celebrar bé la Nit de Nadal ben guapes"
"i teleològic -Espanya ja existia a la Preshistòria-, margina descaradament realitats socials com el moviment obrer i maquilla la dictadura franquista. No és un programa d'història, sinó un exercici perillós de retorn al passat més ranci. En","de maquillatge en la pel·lícula lacrimal està relacionada amb pitjor visió. Vuit de cada deu entrevistades es maquillen els ulls més de tres vegades per setmana, i moltes d'elles manifesten dificultats en la visió que millora amb el"
"video reclama a la classe política que s'acabi d'una vegada per totes amb les mentides, aflori la veritat i es deixin de maquillar les xifres: Victoria Grant, una canadenca de 12 anys, explica com funciona el sistema bancari al seu país natal, un",", hipersensibilitat... que les fa més vulnerables a aquests problemes. Totes les dones analitzades que s'havien maquillat al voltant dels ulls presentaven restes de maquillatge en la pel·lícula lacrimal. La presència de maquillatge en la"
"forces minuts el resultat, però finalment el Júnior va fer dos gols més, deixant un 5 a 0 clar al marcador, que només va ser maquillat per un gol de bandera den Jordi Massenello, amb un xut en paràbola des de la frontal que va entrar arran de pal després de",de vida independent i usuari del Servei ... Necessiteu idees per fer-vos una disfressa per al Carnaval? No sabeu com maquillar-vos per semblar Frankenstein o un lleó ferotge? O tal vegada ho voleu saber tot sobre la tradició del Carnestoltes? Si us
"horroritzat . Un món que els estats totalitaris del segle XX van convertir en realitat palpable i que, convenientment maquillat pel marquèting, deu ser encara el nostre."" - 3. Introducció: ""Kafka: voluntat d'escriure"", pàgina 19 ""Per a Kafka la",", les presses ens obliguen a ""anar per feina"". Dediquem uns minuts a la higiene personal, ens arreglem els cabells i ens maquillem de pressa per sortir ràpidament al carrer a enfrontar-nos a la jornada laboral. Per norma general, és durant el cap de"
Fa unes setmanes destacava en un article que torna la pitjor herència dels anys trenta. I és que una extrema dreta maquillada de populisme torna a galopar amb força per la vella Europa si és que en algun moment ho havia deixat de fer. Viktor Orban a,"passejades i excursions, fer la vora a uns pantalons, fer encàrrecs, ajudar en mudances, elaboració de pastissos, maquillar per una festa, ensenyar manualitats, rentar o planxar roba, consells per viatjar, etc. Els serveis per intercanviar"
"fundador i fins ara candidat, Jean-Marie Le Pen, ha cedit el ceptre a la seva filla, Marine Le Pen. Aquesta va començar a maquillar la cara del partit, molt dura i aspre, suavitzant les formes del discurs però no el fons. I fins ara aquest incipient","solució de tots els problemes però ajuden a passar millor els mals tràngols. Tanmateix una persona senzilla, vestida i maquillada de manera sofisticada, pot semblar una altra persona. El curs permet no només conèixer com aplicar Scratch i Arduino."
". Articles | Xifres i trampes Xavier Roig, en un article publicat al diari Avui es fa ressò de la darrera estratègia per maquillar la xifra del creixement econòmic real de Catalunya . La UE publica anualment les rendes per càpita de totes les regions","on l'equip de Xaropclown al complet regalàvem gossos, flors i altres objectes impossibles amb globus de colors i també maquillàvem les cares dels petits i grans que es varen atrevir a posar-se a les nostres mans! Volem donar les gràcies a les persones"
"les discriminacions, i un llarg etcètera al qual ja estem acostumats. Mentrestant CCOO, UGT i la CGT, intenten maquillar la postura contraria al traspàs, demandant un procés de negociació per poder diluir el traspàs al màxim. Un bungalow,","als rics. Intenta enfilar l'agulla amb un raig de sol de la matinada en lloc de fer-ho amb el fil d'un propòsit que no dic. Maquilla la pal·lidesa de color blanc. I així, al final del camí, troba la mitja llimona, o mitja ceba, o mitja vida. dilluns, 7"
"una bola perduda de Teixidó dins l'àrea per establir així el definitiu 2-5. El Noia, a pocs segons del final ha pogut maquillar una mica el resultat amb una falta directa, però Grau ha impedit que Teixidó marqués. El CE Noia s'ha d'enfrontar aquest","he escoltat les altres cançons, i ara està sonant Love is a losing game . Coberta de tatuatges, punxada pels pírcings, maquillada com mai no em maquillaré, la meva ànima bessona, ara ja per sempre desconeguda, canta els jocs d'atzar, d'alcohol, de"
"Sílvia Ferrer i Judith Milla , serviria perquè aquesta última marquès el 5 a 1 a plaer. Daniela Guerro va tenir l'opció de maquillar el resultat, a falta de 20 segons, de llançament de penal, que l'àrbitre va fer repetir. Però no va poder fer el segon","cançons, i ara està sonant Love is a losing game . Coberta de tatuatges, punxada pels pírcings, maquillada com mai no em maquillaré , la meva ànima bessona, ara ja per sempre desconeguda, canta els jocs d'atzar, d'alcohol, de llàgrimes seques i amors"
"resultat de 14 a 2. Però la segona meitat va ser un altre cantar, les jugadores olivenses van eixir disposades a maquillar el resultat i donar tot el que tenien dins...i així va ser, amb un poc més d'agressivitat defensiva es va aconseguir",": ""Diuen que és fastigós jugar amb mi al Trivial"" Es fa estrany veure Jordi Hurtado (Sant Feliu de Llobregat, 1957) sense maquillar i sense un faristol al davant. L'home-concurs d'Espanya ens ha citat al bar El Foment de Molins de Rei, on després sabrem"
"un possible empat. Caterina Ortega va realitzar bones actuacions. Seria a 38 segons pel final que Adriana Gutiérrez maquillaria el resultat amb el 3 a 5 final. Amb una defensa molt vulnerable, el Cerdanyola CH Femení es deixava perdre un partit per","coses i tenir-les en ment. I els dies de gravació és una altra dinàmica. Cap a dos quarts de nou estic a Sant Cugat, em maquillen , vaig cap al plató i apa, a enregistrar programes. Coneixes els concursants i és tota una jornada de matí i tarda parant"
"que va aprofitar l'Osasuna, almenys, per fer el gol de l'honor. Oriol Riera , que acabava d'entrar al terreny de joc, va maquillar el resultat amb una espectacular rematada des del primer pal, de taló, que va entrar per l'escaire oposat de la porteria","de purpurina, que combinada amb una pasta enganxosa del raïm morat i madur, serveix perfectament per estampar la roba i maquillar mans, braços, cames i cares. Dinem a l'àrea de lleure de l'ermita de Sant Gregori a Falset, alguns amb estovalles, amb"
"estan finançades per préstecs. Aquest fet provoca una distorsió evident en el compte d'explotació del 2010 que maquilla el resultat, doncs incrementa la despesa pel valor d'aquestes operacions mentre que els ingressos no varien al ser","de l'hospital Dr. Josep Trueta. La dinàmica de les intervencions > L'equip de pallassos, prèviament vestits i maquillats , i abans de l'inici de les actuacions, recullen la informació necessària de l'estat dels nens hospitalitzats amb la"
"pesat del nacionalisme"", i va recomanar que si es recorre al TC després es compleixin les sentències. El PP va maquillar els arguments darrere la crisi i l'atur juvenil per beneir la llei Wert. Juan Milián va apel·lar ""al dret","per trobar bé les coses i veure perfectament el que fas. A més, també facilita la neteja. I el millor per pentinar-te i maquillar-te és col·locar un bon llum de paret a cada costat del mirall. D'aquesta manera, evites les ombres i t'assegures de tenir"
"amb el control del casino amb un soci estranger ho tindrien francament fàcil per declarar nòmines estratosfèriques i maquillar els beneficis de l'empresa, com ho poden fer actualment directius d'entitats financeres i un llarg etc. En quant a la","costat del mirall. D'aquesta manera, evites les ombres i t'assegures de tenir les pestanyes i els llavis perfectament maquillats . Escullis la il·luminació de bany que escullis, no oblidis comprovar si necessites bombetes. Recorda que nosaltres"
l'Estatut ja no són importants. ERC es llença desesperadament a assaborir la mel del control de les institucions per maquillar la crua realitat que ha perdut el 24% del seu electorat mentre ICV se n'adona que per no fer ben bé res no li calien els,"és difícil trobar un grup que s'adapti a tu, si el trobes pots estar feliç i sinó fer això que he dit i transformar-te, maquillar-te i continuar sent un pallasso i no el director d'aquest circ que és la teva vida. Cada dia us estimo més i us odio més, us"
"Carta por la Ciencia, explica en un article a El País com el govern espanyol no només redueix, sinó que també maquilla les xifres dels pressupostos de R+D. El nostre company Manel Esteller ha publicat un article a El Periódico on descriu","per tirar-ho tot endavant, perquè en un grup de teatre amateur tu ho fas tot, des de netejar la sala fins a cosir la robeta, maquillar-te ... Tot, tot, tot! Hi ha un altre problema: abans hi havia una miqueta més de suport econòmic, però la crisi ens afecta a"
"a convertir-se en un monòleg visitant. Els darrers 10 minuts van suposar un tràmit en el que ni tan sols la Penya va poder maquillar el marcador, al contrari. Exhibició de Xavi Rabaseda que va oferir espectacle en el seu personal 100% en tirs i 16 de","el action man amb braços extraibles al joc raro educatiu per nen de tres dies, fins a la nina ultra-fashion que la pots maquillar i comprar-li un munt d'accessoris. Amb lo bé que m'ho passava jo jugant amb el lego. Nota de premsa de la confederació"
"de la seva tauleta a 140 dòlars (109 euros) La tauleta d'HP no pot passar desapercebuda, la HP Slate de set polzades ha maquillat el seu preu encara més, s'ha rebaixat 30 dòlars més i el seu preu ara és més que assequible i una autèntica ganga si no tens","esponges o raspalls, perquè et poden irritar la pell i empitjorar l'acne. • Si utilitzes esponges o mocadors suaus per maquillar-te , manten-los nets. Què és l'acne juvenil? L'acne és una afecció de la pell que causa la formació d'impureses o grans a la"
els 20 punts d'avantatge abans dels 10 darrers minuts. Només Oliver des de l'exterior i Nacho Llovet a dins han intentat maquillar un resultat que ja era massa complicat de capgirar. Ara a més s'afegeix un nou equip a la possible lluita per la vuitena,", preciosa. Una dona – per al conscient, subconscient i jo diria que fins i tot l'inconscient d'una dona russa – va maquillada , curosament vestida, perfumada: se sent una dona perquè és bonica. El fet de tenir diners, de ser intel·ligent, de"
"d'aquest perfil. La nova direcció, molt més propera i supeditada als mandats del PSOE, ha anat diluint el catalanisme, maquillant-lo de federalisme, és a dir, de cafè per a tots i perdent identitat enfront el projecta de l'Espanya socialista de ZP. Això i",". I als carrers d'Andorra, cada cop que miro les meves compatriotes, em sento orgullosa d'aquelles dones elegants, maquillades i precioses. Les miro, i somric pensant que ho fan molt bé. Si les coneixes més de prop, naturalment poden resultar tan"
"encara no s'ha complert. Un somni d'Alanis, l'escriptor. Els dies d'estiu a Cartago anaven vestits de blanc lluminós, maquillats de blau mediterrani i perfumats de gessamí. Ciutat presumida, quan queia la tarda canviava el vestit resplendent per","un cobriment de cor. No ho confonguem amb el glam , amb els excessos de Bowie , amb en Peter Gabriel vestit amb malles i maquillat de senyora. Allò tenia un sentit. Era part de l'espectacle. Era una estètica treballada que obeïa a uns cànons i a una"
"13 diputats al Parlament el 2003, els esta passant factura. Així doncs, no és massa difícil veure com la necessitat de "" maquillar "" el més que probable mal resultat a les europees és prioritari. L'excusa ""aglutinar les forces catalanistes"" en un",", però sempre molt pendents de les notícies d'última hora. Nosaltres, els presentadors, a més de dedicar un temps a maquillar-nos i pentinar-nos, també escrivim la portada del telenotícies, revisem les entradetes i... cap al directe! Quin creus"
"tothom coneix i comparteix als bars i en converses informals –però que quan hi ha una càmera de televisió semblen voler maquillar i descriure d'una manera més ""democràtica""–, la qüestió sempre acaba sent la mateixa: davant d'això, què fem? La","hauria de defensar Catalunya enfront del PSOE i que no ho esta fent, com en Corbacho, que es un home i no sé si vesteix bé, es maquilla o es fa un recollit en forma de monyo. No só tampoc un fan de la ""carma"" ans el contrari, però trobo patètic, que una dona"
de l'equip cinctorrà sobre el de Tírig ha estat més evident. El resultat de 6-0 és una prova clara. El Tírig ha intentat maquillar al final el resultat amb un gol de l'honor però els seus davanters no han estat avui encertats. La 6a tinenta d'alcalde,popular i un taller de malabars en el marc de la Festa Major i en el marc de la setmana jove un taller per aprendre a maquillar-se que es durà a terme a les 18.00h al Local Social. A la nit hi haurà Festa Jove amb Hotel Cochambre i Discoteca mòbil. Per
"Estic d'acord. Les coses s'han de dir pel seu nom i amb claredat i sinceritat sempre. No maquillar , no ocultar, no enganyar. I com a voluntaria... sento que formo part del grup en el que lliurement em presto Les",". Les professores de l'Escola Montserrat Fajardo havien decorat les instal•lacions amb aquesta motiu i elles anaven maquillades amb caracteritzacions relacionades a la festa. Amb aquest entorn terrorífic, però amb caire familiar, vam poder"
"per endavant i sentenciés el partit. Tot i la pressió immediata i el treball dels locals, tan sols van ser capaços de maquillar el marcador fins arribar al 6-9 final. Amb aquesta victòria, el filial de l'Olímpic Argentona fa un pas endavant a la","quan Manuel Fraga Iribarne era ministre d'Informació i Turisme, en uns moments en què la dictadura mirava de maquillar-se amb més o menys voluntat. La concepció de Gorg defugia, des del principi, la temptació del localisme. Així calgué"
"fonts , no només no ha augmentat, sinó que ha disminuït. Pel que dóna el mateix el que ens diguin, que sempre sabran com maquillar la realitat , tant els uns com els altres. Ara, la qual cosa tampoc vaig a empassar-me són les causes a les quals atribueix","d'estratègia, com en espionatge per a observar sense ser observat (el periscopi), per a enlluernar, avisar, assajar i maquillar-se . Els miralls són a dins de les cases, en la vida quotidiana, i n'hi ha de totes mides, des del de Viganella fins al"
". És una reconstrucció personal en el que és formal, molt divulgativa i amb aportacions suggestives. La narració maquilla el contingut - que parteix d'allò conegut - convertint el llibre en un bon complement a la resta de bibliografia,","per a les nostres aventures... Trobo que xerren massa, potser no calia que publiquessin una foto on surto jo sense maquillar , però segur que ho han fet amb bona intenció, que el Jorge i la Mariale són gent de bona pasta. El clínic de dia 21 d'abril ha"
"del costat matalasser. Dues marques ràpides en tan sols dos minuts han situat un 22 a 9 inabastable, que només han pogut maquillar els visitants amb una marca amb el temps complert, mentre els locals començaven a festejar la victòria i la","l'hora d'entrar a plató, allí ens van col·locar a les grades i vam retrobar als nostres companys concursants, vestit i maquillats per a l'ocasió. Un regidor molt simpàtic ens va donar les darreres indicacions per tal d'animar als concursants, vam"
"un bon partit, han estat incapaços d'anotar cap marca fins que el temps ja estava complert –només ha servit per maquillar el resultat– i han acabat caient als últims minuts contra un equip més sòlid en defensa i ràpid en atac. De bon principi s'","de la roba dels domadors. Simpatitzava amb els pobres animals ballarins imaginaris, i amb els pallassos de cara maquillada i ulls desamparats. Em sentia a la porta d'un espectacle que canviava la vida: no pas la vida quotidiana, sinó l'"
"fetes a partir d'una bona foto i aquesta em va captivar. Una altre exemple de que si la matèria prima és bona, no fa falta maquillar la portada amb elements de més. Tot i arriscar-se amb una foto de grup a la portada (cosa que, per altra banda, sempre","i forestals. Aquesta sessió fotogràfica està pensada per a les mares que cada dia van a mil per hora, que molts cops es maquillen per inèrcia i no per desig, que no tenen temps per recordar o valorar la pròpia bellesa... Perquè et prenguis un moment"
", però, demà aquesta classe dominant, si a darrera hora el populatxo no se li esvera, haurà aconseguit el seu propòsit de maquillar la protesta i despistar el personal. Davant d'això, teníem dues alternatives: abominar d'aquest espectacle o bé","eina per a relacionar-se amb l'entorn social i afectiu alhora que gaudeixin de l'experiència de pujar a un escenari, maquillar-se , trobar un personatge, imaginar.... i crear! El teatre permet treballar multitud d' aspectes curriculars : llengua"
"funcionaments dels hospitals que regeixen, ja se'n carregen els gerents de presentar els comptes sense el detall i maquillant el que els interessa. Això sí, a l'hora de retallar...lo més fàcil, acomiadar professionals, tancar quiròfans i","han anat per les illes buscant la resposta als enigmes ""on està el rei?"" En una sala ambientada, i tots ven disfressats i maquillats per l'ocasió, vem dur a terme el ritual final de l'aventura; els aventurers i les delegades de les illes van anar posant"
"aquesta dinàmica, ans al contrari: simplement desvien les mirades cap a les polítiques neoliberals que intenten maquillar la realitat i els permet, per la via de la poltrona, mantenir el seu propi estatus. Davant d'aquesta situació, cal que","setmana aproximadament a caure. Les de les mans i escot uns vint dies. Quan serà possible fer servir maquillatge? Podrà maquillar-se per dissimular les crostes. Quan caiguin, haurà de fer servir protecció solar. ESPLAC A LA XARXA Arxius per dia:"
"no es pensi que quedaré indiferent. No s'assegura el benestar ni la convivència tombant lleis, corrent aventures ni maquillant la gravetat de les conseqüències'. Per més que ha dit que el referèndum no es pot fer, Rajoy ha fet campanya pel no; no","puntejat, que s'utilitza quan només es vol aconseguir un efecte òptic de farciment de pestanyes sense que sembli que va maquillat , es pot fer tant a homes com dones, i el delineat, que la línia es fa més gruixuda, allargant del final i corregint"
"la situació actual, ja que simplement consisteixen en rebaixar els nivells d'exigència per promocionar , per tal de maquillar així el fracàs escolar. A continuació es comenten aquests canvis i els seus defectes: 1.) Certificat de competències","els protagonistes que fan l'obra en català, ens ensenya com és l'escenari pel darrere i com els actors es vesteixen i maquillen . En el món natal del nen robot Poko el malèfic androide Dester vol aconseguir el poder total. Dester controla els"
el segon semblava que havien descentrat l'equip lila que va anar 15 per sota (16-31). Només una petita reacció final va maquillar el resultat i va donar aspiracions de triomf a les locals ( 22-31). La segona meitat va ser molt diferent. El Nemser va,"; 19:38 Roser - 10 anys - Cardedeu Jo he tingut sort perquè el meu cos no em desagrada, però em fa força ràbia la gent que es maquilla o es fa coses al cos i després et ve i et diu que si fas això o allò quedaràs millor... i li dius que si vaig o em poso d'aquesta"
"el control sobre el cos de les dones pel que fa als drets sexuals i reproductius. Amb l'excusa de defensar la vida, es maquilla la veritable intenció, que no és altra que la submissió de les dones i la garantia de la perpetuació de la mà d'obra barata","; i això no és gaire bo. Llavors com que són famosos donen exemple als altres. Fins i tot hi ha gent de la meva edat que es maquilla i es posa cremes per la pell! Això ja és massa! 10 octubre, 2013; 19:38 Roser - 10 anys - Cardedeu Jo he tingut sort perquè el"
"de plantar cara a la construcció d'aquest model d'Espai Europeu d'Educació Superior (EEES) i, més aviat, intenta maquillar-ne certs aspectes; i per un altre existeix una debilitat organitzativa i de coordinació del sector estudiantil","cal estar prim ni gros ni ser guapo ni lleig, sinó natural, sense tenyits artificials (tret que es faci un personatge) ni maquillats , ni joies ni res que 'despisti' de l' interès essencial que és l'actor o el model o l'artista o la persona (que això també"
"Of i altres rareses de final d'any jo també havia de posar el meu granet de sorra i felicitar-vos un nou 2009 intentant maquillar el desastre general que ens deixa un 2008 en crisi, i no només en sentit econòmic, amb el que a molts ens farà més senzill","h al Museu de la Mediterrània. L'autor ha preparat un acte-espectacle en el que hi participaran nombrosos vampirs maquillats per Kendra Irigaray, maquilladora professional que ha treballat amb molts famosos. La sessió de maquillatge es farà a"
"menys en l'autonòmic ni en els ajuntaments ""perquè tots estan implicats i la reforma que ara pretenen aprovar només maquillarà la llei"". La seua visió està orientada a Europa i el seu govern ""i creiem que ara és el moment just d'implicar-nos perquè","sembla talment un cap d'Ife: com m'agradaria acariciar-lo per saber si és real o una escultura. La senyora del costat es maquilla , presumida, i es mira en un mirall que diu: ""j'adore le printemps""...I le printemps és pura ficció. Tot aquí és"
", és estrany que l'homenet que comanda la Conselleria d'Educació no haja pensat encara en aquesta possibilitat de maquillar els nefastos resultats de la seua gestió. D'altra banda, si ens creiem les seues mentides, i sobretot si –com cal","ferides, cicatrius i bigotis, barbes com a postisseria. Alhora que els maquillaven també els ensenyaven a maquillar-se . Per altra banda, les alumnes de primer i segon d' Estètica PD van maquillar els petits de P3,P4 i P5 com als"
"persones aturades per fer front a la campanya estiuenca, encara que només fos de caràcter temporal, però que servia per maquillar les dades anuals. També considerem que sha de tenir una especial atenció amb els més de 70.500 menors de 25 anys que shan","gènere cinematogràfic amb unes magnífiques ferides, cicatrius i bigotis, barbes com a postisseria. Alhora que els maquillaven també els ensenyaven a maquillar-se. Per altra banda, les alumnes de primer i segon d' Estètica PD van maquillar els"
"i dels quals la protagonista ha sortit sempre victoriosa. Aquest procés, però, no està idealitzat, perquè l'òpera no maquilla el que d'aquests dos personatges diu la història: que Neró va ser un dèspota colèric i que Poppea era una cortesana","Personal i Decorativa per a caracteritzar els petits actors d'aquesta escola. Les alumnes de perruqueria van maquillar al pur estil d'efectes especials de Walking Dead, Zombie Attack...i pel·lícules d'aquest gènere cinematogràfic amb"
"les alers locals. La diferència va ser per moments de 20 punts en el marcador. A l'últim quart l'equip visitant va poder maquillar el resultat, fruit de la relaxació de l'equip local amb la tranquil·litat que el partit estava sentenciat. Sembla ser","En la majoria de casos fer l'Estel és una tradició que es passa de generació en generació. ""La meva mare sempre havia maquillat l'Estel, el meu pare havia fet de dimoni i de mossèn i també ballava a l'Esbart"" explica la Míriam, que fa 20 anys que fa la"
"la solució. Així, tots dos partits han perdut més de 3_milions de vots, pèrdua que en el cas de Nova Democràcia ha quedat maquillada per la llei electoral grega, que atorga al partit amb més vots 50 electes més. Si no existís aquesta norma, en tindria 33","ho faci en breu. Aquesta és una activitat per viure en família. Amb ajuda d'un professional els pares i mares aprendran a maquillar per Carnestoltes als seus petits . I per als més atrevits, també podran deixar-se pintar per aquests! Participa a l'"
"del Mataró , que estava gairebé fora del matx: 38-55. L'equip va buscar la remuntada en el darrer quart, però només es va maquillar el resultat amb el 61-72 final. Jordi Ventura , fluixet com a jugador , nefast com a entrenador. Per cert quants minuts va","el major espectacle del món... FRONTAL: Apareixerà un mestre de circ, amb un pur en la boca, abillat amb casaca roja i maquillat de blanc invitant a entrar al major espectacle del món. PISTA 1 – l'ELEFANT DESAFIANT: Un elefant amb un otòfon de sord i"
"rabia contenida, la noche y el vicio. Orgullosos de su música y de sus origenes, siemps se han expresado a las claras, sin maquillar su lenguaje ni su inconformismo..."" N'crisi Ska Divendres 15 de juliol N'crisi neix el gener de l'any 2008 al Vendrell (","cabell marronós , vistos i molt alegre que sortia acompanyat a les cercaviles de la seva parella la Filomena una dona ven maquillada i maca que portava al cap un mini barret vistos i alegre. Aquets nans foren construïts per en Francesc Cisa. Foren"
"d'alguns centres per part dels respectius ajuntaments? Per què s'ha venut l'exposició com a un aparador que maquilla l'esmentada situació de precarietat, només superada per la bona pràctica dels professionals independents de la","podríem dir que el concert de Manson va ser complert i justet. Complert per que vam veure al reverend en acció, a gent maquillada , a gent encara més maquillada, a gent repartint mastegots, a gent rebent mastegots ... Vam escoltar balades, cançons"
"reduït públic imparable, contagiat d'agitació, com el que assistí la setmana passada al Luz de Gas. Elegància i classe maquillaven al sempre superlatiu sextet The Expressions, principal sentinella de la flama que crema a la discogràfica de Brooklyn","princeses dels contes de fades . Són unes nines primes, camallargues, pàl·lides, malaltisses,que van extremadament maquillades i porten talons altíssims. Entre elles hi podem trobar nines amb aires de Frankenstein, vampires vegetarianes, dones"
: és injust. Si t'equivoques en un càlcul no és culpa meva. Però és que a més era un error voluntari. Ah si? Totalment. Per maquillar el dèficit i esquivar alts tipus d'interès. Bon viatge a la Pl. St. Jaume ESTRÀBIC JO? Preguntat al final de l',". En refereixo naturalment al funest Boadella que cada cop es troba mes còmode entre la dreta més rància de Madrid i la més maquillada de Barcelona, encara que en el seu cas, durant el pas per Els Joglars si més no, ja se li veia el morro al llop. Gràcies a tots"
"de GESOP per a El Periódico - . Sigui com sigui, la convivència amb la líder del PPC haurà de ser forçosa, ara que s'ha maquillat de catalanista –amén de ser una de les ninetes dels ulls de Rajoy-. L'estabilitat catalana passarà, com ara i sempre,",", empreses que es lucren a base de fer sentir a les nenes éssers de color rosa on la seua màxima aspiració és aprendre a maquillar-se i a posar com a models essent subjectes presos a estúpids i agressius rols de gènere, missatges sexistes des dels mass"
"l'entrada el 10 de gener perquè la visita, asseguren, no estava ""preparada"". ""Ha sigut una visita organitzada, volent maquillar o endolcir una realitat obscena des del punt de vista dels drets humans"", va afegir Laia Ortiz, diputada d'ICV-EUiA al","sentit homenatge. dimecres, 17 març de 2010 Per parlar amb meva connexió canillenca m'he posat un vestit formal i m'he maquillat el mínim. Porto talons i cabells recollits; per saludar-nos ens hem donat la mà. Encara no ens coneixem, i veig que la"
"Municipal Socialista, Raquel Sánchez ""una retallada del sistema democràtic i la participació ciutadana que es vol maquillar amb els adjectius de sostenibilitat i racionalització de la despesa"". Per a Sánchez amb aquesta reforma pretén ""","en policia científica de la Regió Policial Metropolitana Sud i dels serveis centrals. El ""mort"" serà un figurant maquillat per l'ocasió. Simularà ser un advocat al qual han tallat el coll en el seu despatx. L'activitat comptarà amb mossos"
"Gil han tancat el definitiu 12 a 0. A les acaballes de la segona part l'Uri ha disposat d'algunes ocasions per tal de maquillar el marcador, però el travesser i Àlex Aguilar han impedit que els visitants retallessin distàncies. El Vilanova, avui",", li fem aquest favor. A ell, i a tot el món sencer. La cosa millora. La bruixa segueix semblant allò que és, però una bruixa maquillada té personalitat, té... bé, caràcter. No és cap bruixa avorrida. És tot un ésser màgic amb poders de convicció. Per això"
"el divendres"". 4. De les candidates, determinem el grau en que compleixen els objectius . Schwartz veu com la majoria maquillem els resultats segons el nostre equilibri psicològic. 5. Decidim quina és la opció escollida. Schwartz es queixa que",", o vestits jaquetes i sabates amb talonets, i arrecades cursis o ulleres de sol fascion (nosé com s'escriu), m'haig de maquillar cada dia, i anar al gimnàs i nosé quines històries més...és a dir sé de que estàs parlant... No defalleixis els escarbats"