"Per avançar en la seva trajectòria artística, interactua amb diversos professionals, cadascú amb un punt de vista diferent, i això a vegades fa que costi i que els projectes no acabin de quallar.","requeria unes instal.lacions relativament costoses, com ara els forns on la cola de les peces enganxades havia de quallar . Així, la difusió de la tecnologia era molt més rígida, molt menys generalitzable, que la del tap de vi tranquil, les"
"Recorda que aleshores en deien ""la terra promesa"", però, quan hi va arribar, no hi va quallar cap projecte.","Aquesta és la imatge que ha publicat Pol Marsà a Twitter. Tot i que en conjunt les nevades són moderades i la neu no acaba de quallar , la Direcció General de Protecció Civil de la Generalitat manté activada la fase d'alerta. La probabilitat de nevades"
"La novel·la se li resisteix, les provatures de Llemotges i Bordeus no quallen i són abandonades, a la recerca del to i la manera propis per a la refeta del món, o sigui de l’obra, després de la desfeta i, més encara, dels finals de l’ocupació nazi i de la guerra mundial que no acaben amb el franquisme.","Aquesta és la imatge que ha publicat Pol Marsà a Twitter. Tot i que en conjunt les nevades són moderades i la neu no acaba de quallar , la Direcció General de Protecció Civil de la Generalitat manté activada la fase d'alerta. La probabilitat de nevades"
"Si tot això qualla es pot acabar incorporant en algun diccionari. Les xarxes, a més, ho potencien.","poc habituals de les comarques gironines i part de la Catalunya Central. A les comarques del nord, un dels punts on més va quallar la neu va ser a Sant Hilari Sacalm. A l'institut de la població es van acabar les classes a les 2 del migdia i van tancar per"
Fa temps que Jordi Casanovas té pendent d'estrena un biopic sobre l'expresident de la Generalitat que no acaba de quallar.,", els vehicles aparcats i les zones enjardinades han quedat emblanquinades. Tot i que a la neu li està costant quallar , a la Carretera de les Aigües, un camí habitual per a la pràctica de l'esport, alguns passejants no s'han volgut perdre"
Tot això quallarà en un projecte de llei que adoptarà el 29 de gener el Consell de Ministres [...].,") ha explicat a Europa Press que tot i que el passat 28 de desembre va nevar en punts com Morella (Castelló) no va arribar a quallar , per la qual cosa l'última nevada que va quallar es va registrar el 25 i 26 de març de 2014. Des d'ahir a la nit les neus han"
"Per ara, la idea ha quallat al món anglosaxó, on des de llibreries fins a restaurants, passant per museus i centres d'estètica- que ofereixen descomptes o activitats especials amb motiu del Blue Monday.","Malgrat tenir un cor endurit, les llavors són capaces de quallar fins trenta vegades el seu pes en aigua i formar un mucilag molt apropiat per a suavitzar i ablanir les asprors de la pell i els llavis tallats, així com per a tractar certes inflamacions oculars i per a fer gomines i gels per als cabells."
"Laporte té l'avantatge que ja coneix la competició, ha quallat una temporada sensacional en el seu actual equip, i és de suposar que Zubi ja deu haver mantingut converses des de fa temps amb el seu entorn.","(Solsonès), Planoles i Ribes de Freser (Ripollès); entre altres. La neu, tot i que afecta cotes baixes, de moment no ha quallat ni ocasiona incidències importants. La previsió actualitzada del SMC per aquest matí i fins al migdia indica que el"
"De passada, a les portes d'unes eleccions europees en què estan quallant missatges antiimmigració, es tracta de donar senyals de fermesa als electors susceptibles de rodolar pel pendent d'un populisme que qüestiona els fonaments de la ciutadania europea.","trossos. Tot seguit , poses un raig d'oli en una paella i les enrosseixes una mica i per últim afegeixes els ous batuts per quallar la truita. Volem remarca que una a l imentació saludable és un estil de vida . Encara que no es tingui temps cal fer una"
Com és que el missatge està quallant tant?,perquè al abocar la següent capa no es barregi. Posar una cullera al revés al abocar la crema per evitar que la fina capa quallada es trenqui i anar donant voltes mentre l'aboquem. 10/12/08 Feia dies que estava rumiant quin pastís podia portar a les
"sigui més favorable i la cita es desenvoluparà en només un dia, ja que segons Esteve el format de dues jornades ""no va quallar gaire"" i, per tant, consideren que amb una sola jornada pot tenir una millor acollida del públic. De fet, esperen que","i posem al forn al bany maria 1 hora. Passa't aquest temps punxem amb un escuradents per tal de comprovar que és ben quallat . I ja ho tenim. (Tampoc cal que quedi net del tot l'escuradents, no fos cas que ens quedés massa sec). Com l'hem fet amb"
de Mas quan ho havia arriscat tot per la independència sense anomenar-la. Ni Ítaca ni la nàutica. És difícil fer quallar símbols quan l'èpica quotidiana està més a prop de l'escatologia que d'Homer perquè la crisi apressa. 'Un govern no s',"mts, la cota no us la sabria situar pq senzillament per sota no precipitava... a partir dels 650 (la cabra) ja començava a quallar als vorals i he pegat mitja volta. Ara em toca planxar de valent per compensar a la companya de fatigues que avui una mica"
"acceptació de la catalanitat. O s'aconseguia això o Catalunya 'moriria' en l'intent. Però aquesta idea no va arribar a quallar , com no quallen els matrimonis feliços sense la idea de divorci legal i possible. Els federalistes de primera o d'","Passar la crema pel colador xinés per separar la pell de la llimona i els petits grumolls d'ou que s'hagin pogut formar al quallar . (aquest pas és important per obtenir una textura perfecte) Un cop està la crema filtrada, afegir la mantega a daus ben"
", en més d'una ocasió cauran sobre una gespa que té números d'estar molt dura. La neu va fer acte de presència a Sòria. No va quallar , però amb la gelada d'aquesta nit, el terreny de joc estarà molt dur. En especial, la popular àrea dels fons sud. Aquesta","amb la llet i ho batem lleugerament. Ho abocam a la paella i anam remenant amb una cullera de fusta fins que els ous hagin quallat . Si volem que quedi més melós, és convenient no coure-ho massa. Destacats La Diputació subvenciona diverses obres de"
"sentit. Parlem de 'Leisure Suit Larry, una divertidíssima aventura gràfica estrenada a la dècada dels vuitanta que va quallar entre públic i crítica gràcies al seu còctel d'humor i sensualitat. Larry Laffer, un cuarentón sense sort, busca l'","hores al forn a vapor. ·Per a la fruita de la passió: Escalfar el suc de fruita de la passió, fondre la gelatina, refredar i quallar . ·Acabat: Servir la sopa freda amb la papada marcada a la planxa i uns daus de gelatina de fruita de la passió per sobre."
"un conjunt de bellíssimes - i mortals - lluitadores. Amb uns físics que van acompanyar en tot moment, el projecte va quallar en tots els sentits, de manera que no va ser massa estrany que les noies tornessin a trobar-se en un títol de voleibol, '","bé, je je je... No te n'adonaràs i d'aquí quatre dies ja tastarà el pastís ;) Aquesta recepta m'encanta, els pastissos quallats en fred són super pràctics i queden boníssims. I per a xocaddictes total! Archive by Author Arranquem la tardor amb una"
"Fins i tot es va negociar amb El Periódico de Catalunya per sortir amb capçalera conjunta els dilluns, però l'acord no va quallar . El gener de 1983, les pèrdues ascendien a 1,36_milions de pessetes per número, gairebé la mateixa quantitat que es","un cop arranqui el bull i ho haguem colat. Tot seguit, incorporarem les panses. Ho taparem a pell i ho deixarem quallar a la nevera. Preparació Fondrem la cobertura i la mantega separadament i ho barrejarem. Muntem les clares amb el sucre a"
"Mascarell, ajudaria l'Ajuntament de Lleida econòmicament en el projecte del Museu, però aquest compromís ""no va quallar "", lamenta Camps. En aquest punt, l'Ajuntament va incloure el projecte de recuperació i construcció en el pla de barris",de pastanagues. Abocar aquesta preparació sobre el bescuit de pastanaga cuit i fred. Conservar a la nevera per tal que qualli . Preparació Hidratar la gelatina. Escalfar una part del coco. Dissoldre la gelatina en aquesta preparació calenta.
esperats. El que es pretenia vendre com a serveis privilegiats per a un receptor amb un poder adquisitiu més elevat no va quallar i els mateixos responsables del centre reconeixien que de mitjana no se superaven les trenta visites per dia. Un cúmul,gelatina en aquesta preparació calenta. Incorporar fora del foc la resta del coco. Deixar a la nevera fins que comenci a quallar . Semimuntar la nata i integrar-la amb molta cura a la barreja de coco i gelatina. Ho taparem amb paper de film i ho
"conjuntament a les eleccions de Vic del 2015. La idea de les llistes unitàries independentistes, que llavors no va quallar , ha agafat cos per una altra via, l'acord pres entre el Moviment Demòcrata Català i Reagrupament. A Vic, Imma Bellafont","5 minuts i colar. Disoldre la gelatina prèviament hidratada, i omplir les càpsules de Nespresso fins a la vora. Deixar quallar a la nevera i congelar. Desemmotlleu submergint el ""motlle"" cap per avall en aigua calenta uns segons en el moment."
a Nàpols). Però el Fòrum de les Cultures va generar un urbanisme i infraestructures amb clarobscurs. Tampoc no va quallar la idea d'un vaixell-hotel amarrat al FòrumEn la construcció del recinte del Fòrum s'hi va invertir 1.985_milions d',"i ho tornem a posar al forn entre 20 i 30 minuts, fins que veieu que la pasta de full es comença a daurar i que el farcit ja està quallat . Descripció Encantadora casa situada a Sant Elm, prop de la platja principal de Sant Feliu de Guíxols. Aquest bonic"
", que ja té les llicències, hi planifica un gran centre d'oci amb una discoteca de l'arquitecte Jean Nouvel. Tampoc no va quallar la idea d'un vaixell-hotel amarrat al Fòrum. Hotels de luxe, el centre de convencions i el rebatejat Museu Blau,","calenta i barrejar-ho bé. Abocar la barreja en el motlle i deixar a la nevera fins que la crema estigui lleugerament quallada . Fondre la xocolata trossejada al bany maria o bé al microones. Afegir les 2 fulles de gelatina restants, barrejar-ho"
"contactes amb gent per veure la possibilitat de fer llista, però també els vam tenir fa quatre anys i, al final, no van quallar en una candidatura. És el màxim que puc dir"", explica el president d'ERC a Osona, Pere Prat, sense donar pistes de qui són",. Abocar-ho en el motlle sobre la barreja de formatge. Tornar a deixar-ho a la nevera 2 o 3 hores (fins que estigui ben quallat ). 32 comentaris: Tens uns avis amb un aspecte envejable i amb un somriure encomanadís. Mooooltes felicitats!!!
"dia que es convoqui la consulta"". Al seu parer, la formació d'Oriol Junqueras ""ha de jugar un paper central per tal de quallar l'aliança entre els partits i la societat catalana"". En una entrevista a Catalunya Ràdio, l'eurodiputat ha dit que l'",". A part, batem els ous i hi afegim la llet. Salem i empebrem i ho afegim al pastís. Enfornem a 180 fins que el farcit estigui quallat i la pasta daurada. 4 comentaris: La provaré de fer, m'ha encantat això de l'afegit d'herbes i espècies. El romaní és"
"tenir notícies de la família"", va recordar la científica. El primer destí del laboratori era el zoo, però la idea no va quallar i finalment ha estat La Caixa qui s'ha quedat amb el trofeu. A partir d'ara, sense vent i sense gelades, l'únic perill","anar al forn amb sucre cremat, tireu-hi tot el preparat. Poseu dins el forn a coure al bany Maria a 140oC fins que estigui quallat i cuit. Reserveu. Muntatge del plat Poseu dues ""quenelles"" de gelat de fruita del bosc de La Fageda, la broqueta de"
"que circula en medis polítics espanyols per després de les eleccions generals, i l'ascens de Podemos el pot fer quallar "" La secretària general del Partit Popular, María Dolores de Cospedal, no descarta un pacte entre el seu partit i el PSOE","cru: api, porro, nap, julivert, bleda, pastanaga, tomàquet, ceba, etc. (Si es vol, abans de retirar-lo del foc se li pot quallar un ou. Aquesta riquíssim picadet a trossets a la sopa) Quan les retirem les verdures del foc, perquè ja estan llistes, s'"
"que circula en medis polítics espanyols per després de les eleccions generals, i l'ascens de Podemos la pot fer quallar . Socialistes i populars ja s'entenen en les grans qüestions. El secretari general del PSOE, Pedro Sánchez, ha donat",". Quan bull una estona, se li afegeix pa integral en quadradets o en rebanaditas i ou, i es deixa un altre bull perquè es qualli l'ou. Quan es retira es tira l'oli. Observació: No és la combinació ideal, per la qual cosa no s'ha d'abusar d'aquesta"
"al barri de Gràcia de Barcelona: 'En qualsevol moment es pot replantejar tot. Si la candidatura unitària no arriba a quallar , pel que sigui, ens ho haurem de replantejar tot.' El cas és que, arran de la petició d'alguns membres de l'ANC, després","del foc, deixarem que es refredi una mica, i anirem posant els rovells d'ou d'un en un, baten enèrgicament per evitar que quallin . Es torna al foc, i es deixa coure fins que arranqui a bullir. Ho tornarem a retirar del foc, i afegirem els fulls de"
"va deixar de treballar amb Re/max per fundar la seva pròpia empresa força abans de l'esclat de la crisi, l'oferta no va quallar però alguns dels anteriors franquiciats es troben a l'atur i evidentment aquella devia ser una proposta més que","(o un altre licor del nostre gust). Abocarem la crema preparada prèviament i ho posarem a la nevera fins que quedi ben quallat . abans de servir, espolsarem pel damunt les atmelles laminades . Cal que estigui fred, però no congelat! El Consell de"
"això no obstant ""un punt de preocupació"", atès que si la proposta de Mas d'avançar eleccions amb una llista única ""ha de quallar abans de febrer, tal com està plantejada, ho veiem objectivament difícil"", després de les ""negatives"" d'ERC,",". Batrem els ous i els posarem com si féssim una truita sense deixar de remenar amb una forquilla o espàtula de fusta, quan qualli ja es pot apagar el foc. El cap de setmana del 19 i 20 d'octubre va tenir lloc al Club Nàutic Vilanova , el Trofeu TANIT,"
"aquests punts en comú que teniu? -- Ells ara fan els plantejament en termes genèrics, i haurem d'esperar que acaben de quallar , perquè encara no hi ha cap direcció ni portaveu visible. I no tenen cap programa ni han fet cap proposta en relació al","gel Els conductors han d'evitar aturar-se, d'aquesta manera s'ajuda a la fluïdesa del trànsit i s'evita que la neu qualli . Així i tot si s'ha de frenar és recomanable fer-ho suaument. Si s'han de posar les cadenes, l'acció s'ha de fer al voral"
"28 de desembre va nevar en punts com Morella (Castelló) no va arribar a quallar, per la qual cosa l'última nevada que va quallar es va registrar el 25 i 26 de març de 2014. Des d'ahir a la nit les neus han arribat a punts de l'interior, sobretot de la","la llet ja estigui bullida i colada, hi poseu la barreja dels rovells, també colada, i ho remeneu enèrgicament perquè no qualli . Aclariu la crema amb llet calenta, la hi tireu a poc a poc i continueu remenant. Escampeu una mica de sucre al damunt i"
a més de 600 milles del líder. Reacció a la marxa d'Ivanov i Bivià amb la incorporació de Bogdanovic Les coses no acaben de quallar al BC MoraBanc Andorra. Els resultats manen. Les victòries arriben amb comptagotes i els nervis per redreçar la,"poc oli. Quan estigui una mica torradet, trenqueu els ous a sobre procurant que quedin centradets. Un cop la clara hagi quallat , traieu-ho de la paella i poseu-ho sobre la llesca; el formatge es va fonent i està deliciós!!! Guten appetit!!! 29 març"
"polítiques intervencionistes del segle XIX o XX. Malgrat tot, Rivera ha celebrat que l'auge de Podem ""ajuda a fer quallar la idea que es poden canviar les coses"", perquè les enquestes assenyalen que ""ja no hi ha bipartidisme, sinó","a Pujalt, Alta Anoia, fa unna hora i mitja ja havien 3cm a la carretera amb la sal dipositada just abans de que comencés a quallar , allà la temperatura ja és unes dècimes sota zero. Pau Mir Molina ha escrit: Albert, encara neva a Igualada?? aqui a Tous"
"Muñiz, però les seves pretensions econòmiques estaven molt lluny del que li podia oferir el club. Tampoc va acabar de quallar l'entesa amb Lluís Carrera, una de les alternatives preferides del club. El català estava disposat a venir, però amb",", a estones amb intensitat i estones més feble com ara. Els carrers no qualla perque ahir a la tarda va ploure i li costa quallar , però els jardins ja començen a estar emblanquinats. 11/02/2014 Els Catarres, Els Pets, Manel i Els Laietans lideren"
"de l'àrea de Pau López i ha fet emmudir un Power8 Stadium, que fins el moment ha estat el gran protagonista del xoc. Tot i no quallar un partit per recordar, els de Cornellà també han tingut ocasions clares per capgirar el resultat. Al minut 28, una nova","que algunes vegades el situen a la de les Pistaciaceae. El formatge és un aliment sòlid elaborat a partir de la llet quallada de vaca, cabra, ovella, búfala, camella o altres mamífers. És la conserva ideal doncs molt difícilment es fa malbé amb"
". El català ha patit una sorprenent i clara derrota davant els Pacers per 98-84. L'internacional espanyol ha tornat a quallar un gran partit (18 punts i 10 rebots, màxim anotador del seu equip) però no ha pogut compensar les baixes de Derrick Rose i",fa malbé amb el transcurs del temps ja que en assecar milloren les seves qualitats en relació al pes. La llet és induïda a quallar utilitzant una combinació de quall (o algun substitut) i acidificació. Els bacteris s'encarreguen de acidificar la
"amb altres persones, relaxar-se mentre feien activitats i sentir-se com a casa"", desvela Sánchez. La idea va quallar de seguida i des del setembre del 2012 persones de diferents edats i necessitats assisteixen a un o diversos dels",se li clava el ganivet al coll i mor dessagnat. Aquesta sang es recull en un perol i algú la remou contínuament perquè no es qualli i serveixi per fer la botifarra negre i el que faci falta. Llavors se'l posa a la pastera on se l'escalda perquè sigui
"hora. Va tenir tant d'èxit que va arribar a obrir sucursal barcelonina, a la vora de la plaça de Catalunya. Però no va quallar . El seu estil era excessivament capitalí. Estimulada per la competència creixent, la cadena ha millorat en tot, fins i","xic de pebre. Aboqueu-ho a la paella (traient abans, si és necessari, l'oli sobrant). Quan l'ou comenci lleugerament a quallar , afegiu-hi el pa a sobre amb molta cura. Doneu la volta a la truita, com si fos una truita de patates. Serviu-la amb un plat"
"seria l'elegit per ser el porter titular, però una lesió en la pretemporada va portar Claudio Bravo a la titularitat i a quallar partits de molt mèrit, fins al punt que en la recuperació del jove porter alemany, Luis Enrique va optar per l'",". Quan la tenguem a punt obrim el forn, l'hi escampam pel damunt i ho deixam uns 10-15 minuts fins que vegem que la llet ha quallat . Bon profit! L'any 1994, els indígenes de Chiapas van aixecar-se per dir prou a la discriminació que patien des de la"
"seva mort, quan en tenia 51. No va poder veure el llibre que Gol planejava publicar amb els seus retrats: el projecte no va quallar mai. Però ara, per iniciativa de Manuel Guerrero i Tinta Invisible Edicions, se n'ha fet una cuidada edició en forma de","d'una espàtula ho aplanem. Posem el pastís al forn prèviament escalfat a 190o durant uns 20 minuts, o fins que el farcit qualli . El treiem del forn i ho deixem reposar uns 20 minuts més. Per anar bé s'hauria de fer la salsa de gerds amb fruita fresca,"
"ho estan intentant fer algunes administracions, recorda, com ara el Comú d'Escaldes-Engordany, que treballa per fer quallar un ens publicoprivat per a la gestió de Vivand. Després d'aquests intents d'aglutinar empresaris de tot el país,","veure alguns objectes de la volta celest com la nebulosa d'Orió. La producció de vi és volgudament molt reduïda: un cop quallat el raïm, s'elimina una part important de la collita per tal d'extreure dels ceps la màxima expressió de la terra"
"el joc de la mà del seu mig del camp, liderat per Thiago Alcántara. L'exblaugrana, amb detalls de geni, ha tornat a quallar un enorme partit i ha demostrat haver recuperat el seu genial nivell competitiu. Tot i això, Aubameyang ha empatat a","elaborat principalment amb llet dovella o de cabra pasteuritzada procedent dexplotacions ramaderes de lEmpordà, i quallat mitjançant quall vegetal o animal. Es menja per postres acompanyat de sucre o mel. Època delaboració: tot lany."
deixar una vegada i es van donar una altra oportunitat. Però sembla que ja no hi ha pega que recompongui una relació que va quallar al plató de La Tuerka i que van portar amb discreció majúscula fins que el de Vallecas va recollir l'acta d'eurodiputat,"principalment amb llet de cabra, ovella o vaca pasteuritzada procedent dexplotacions ramaderes de lEmpordà, quallat mitjançant quall vegetal i/o animal i de pasta tova escorreguda. Es menja per postres acompanyat de mel o de sucre."
"poc habituals de les comarques gironines i part de la Catalunya Central. A les comarques del nord, un dels punts on més va quallar la neu va ser a Sant Hilari Sacalm. A l'institut de la població es van acabar les classes a les 2 del migdia i van tancar per","un moment del foc, i amb cura, barrejar-hi la pasta d'ous i sucre. Cal vigilar que la llet no sigui massa calenta per no fer quallar els ous. Tornar-lo al foc i fer-lo escalfar una mica més, sense que arribi mai a bullir. Apagar el foc i deixar refredar. A"
", els vehicles aparcats i les zones enjardinades han quedat emblanquinades. Tot i que a la neu li està costant quallar , a la Carretera de les Aigües, un camí habitual per a la pràctica de l'esport, alguns passejants no s'han volgut perdre",", i en acabat, just abans de retirar la cassola del foc, hi tireu dins l'ou cru, tot remenant enèrgicament per tal que l'ou qualli i espesseixi el suc. Serviu calent. LLENTIES AMB ARRÒS Ingredients per a 4 persones: - 350 gr. de llenties (poden ser de"
") ha explicat a Europa Press que tot i que el passat 28 de desembre va nevar en punts com Morella (Castelló) no va arribar a quallar , per la qual cosa l'última nevada que va quallar es va registrar el 25 i 26 de març de 2014. Des d'ahir a la nit les neus han","del segle XIX ho recull Madoz en el seu Diccionari (1986: 196) com Tegoyo: una ""granja"" a la vora d'un torrent de lava "" quallada i freda"" entre les muntanyes de Guardilama i Conil que, no obstant això, té un terreny ""de primera qualitat, compost de"
", però se'l coneix sobretot per ser l'autor de la fantasia militar ""El sitio de Zaragoza"". Vegi's com pot arribar a quallar l'assimilació cultural en temps de fort centralisme en l'Espanya decimonònica. La cosa no és d'ara. I qui diu que el",", 100o, velocitat 3. Ja casi ho tenim! Ara posem una mica de la barreja al motlle i hi posarem els profiterols, deixem que qualli una mica perquè els profiterols no ens flotin al posar el reste. Un cop veiem que no es mouran, afegirem el reste de la"
"no debilita CiU, ni el president Artur Mas; tot al contrari. Alguns puretes de la independència havien aconseguit fer quallar una lletania que servia per erosionar el president. Deien: ""Amb el president, sí; però porta la crossa d'Unió i clar...","que quedi uniformement distribuït. Tapem amb un film transparent i ho posem a la nevera com a mínim 4 hores perquè qualli . Jo ho faig d'un dia per l'altre. Desemmotllem, i agafem el paper per una punta i ho traiem de sobre de la base del motlle i"
"ha passat d'ocupar la vintena plaça a fer-se un lloc al 'top 10' de la classificació mundial de la WTA, després de quallar un torneig de Wimbledon excepcional (segona, només superada per la número u Serena Williams). La veneçolana de","(com si volguessim fer un ou ferrat). Apugem el foc i deixem que es cogui un parell de minuts fins que la clara sigui quallada al gust. Si cal, ho rectifiquem de sal. I ja ho podem servir. NOM I EDICIÓ: II Triatló Transfronterera Catalunya - França"
"La nedadora catalana, que aquesta matí s'ha classificat per a la final també amb la segona millor puntuació, ha tornat a quallar una brillant actuació i s'ha penjat el primer metall de l'expedició de sincronitzada estatal. Carbonell, amb la seva","i barregeu-los, amb els ous lleugerament batuts. Aneu remenant constantment, fins que els ous estiguin gairebé quallats . ... Feu un sofregit amb la ceba, l'all, la farigola i el tomàquet en una cassola amb llard. Quan estigui ben cuit,"
"per al pilot del Principat si els moviments contrarellotge que manté per trobar un patrocini important acaben sense quallar . L'afer BPA va perjudicar-lo de forma molt important, ja que disposava de Banco de Madrid com a patrocinador principal","la consistència de la neu i enumerem les conseqüències del canvi del temps: ara quatre flocs, ara ja en cauen més, però no quallen , que si van en totes direccions i els paraigües no serveixen per a res, i la neu que no qualla, i quin fred que fa, i que si la"
"Sí que es Pot, que volia ser alternativa de govern i ha acabat quedant en fora de joc. L'estratègia d'intentar fer quallar un missatge que transcendís el debat nacional, aixecant en paral·lel la bandera social i la del dret a decidir sense",", ara ja en cauen més, però no quallen, que si van en totes direccions i els paraigües no serveixen per a res, i la neu que no qualla , i quin fred que fa, i que si la sopa (sí, servidor s'ha fotut un bon plat de sopa per treure's el fred del damunt), i que si no"
"les benaurances. Si compliu això, va dir, tindreu el regne de Déu a la Terra i una acollida per sempre. El missatge va quallar fondament i continua. I ho perdona tot, i a més, ens ha quedat l'Esperança d'un reviure d'alguna manera, i la confiança","amb el suc de llimona. Quan el tinguem a punt, el tirem per sobre les rosquilles. Ho deixem reposar fins que el glacejat qualli . Mmmh deliciosas! Lo que dices que te ocurre con las galletas, yo no soy una experta, pero por lo que he leído, se debe a la"
hauria valorat a l'hora de posicionar favorablement Andorra. Avions andorrans La inversió estrangera no acaba de quallar amb les expectatives aixecades. Aquelles que s'associaven a grans empreses que aportarien un fet diferencial i,"150 g de sucre i poseu-lo al fons dels motlles. Ompliu els motlles amb el líquid i poseu-los a coure al bany maria fins que quallin . ... Escaldeu els tomàquets, peleu-los i traieu-ne les llavors. Poseu-los a la cassola amb el sucre, la canyella i 1 got"
") i desenes de promeses, estira-i-arrossa amb el col·lectiu sanitari i declaracions d'intencions que no han acabat de quallar . Del pla estratègic de Salut de Gil al MAAS de l'etapa de Rodríguez en el gabinet Martí. Investigats 18 veneçolans per","els ous i barregeu-los amb la llet colada. Ompliu els motlles amb la barreja i poseu-los a coure al bany maria fins que quallin . ... Bateu una mica els ous amb el sucre; afegiu-hi l'oli remenant i, seguidament, la llet. Afegiu-hi la farina, la sal i"
"i Victor Hugo i la cantant Mireille Mathieu, entre altres, van introduir variacions al text original que mai van quallar . En canvi, va arrelar el costum de cantar només la primera estrofa -""Allons enfants de la Patrie...""- i la tornada -""Aux","(*) i triturar fins fer-ne un puré molt fi. Colar. Afegir el rom i deixar refredar, remenant sovint fins que comenci a quallar la crema. Incorporar la nata muntada i barrejar amb moviments envolvents. Passar-ho a una mànega i disposar la crema"
"de l'altre"" cal, sobretot, ""predicar amb l'exemple, no tant explicar-ho"". Moltes vegades, quan millor pot quallar aquesta ""microsocietat"" és durant la convivència de les setmanes d'estiu, quan es duen a terme colònies o campaments.","Per fer el sèrum de llet, posem la llet i el suc de llimona en un got i ho deixem reposar uns 15 minuts, fins que la llet es qualli . Preescalfem el forn a 180o i untem amb mantega dos motlles de 16 cm. En un recipient, posem l'oli, el sucre i les ous. Ho"
"2015), el tercer (el de Pep Guardiola el 2012) i el quart (Guardiola, 2011). Però el primer està en mans del Madrid, que va quallar un 2014 impecable. Va arribar al seu zenit en l'últim partit, que en el seu cas va correspondre a la final del Mundial de","en un bol. Incorporem la meitat d'aquesta mescla a la barreja anterior. Ho batem. A continuació hi tirem la llet quallada i, finalment hi afegim la resta de farina. Ho batem molt bé. Posem la massa divida en els dos motlles. Els posem al forn"
"inquilí havia de ser el Museu Nacional d'Art de Catalunya, però els últims anys els han sortit més pretendents. No va quallar obrir un espai perquè la baronessa Carmen Thyssen hi exposés la seva col·lecció, però el Centre Nacional de Fotografia","parell de tombs. Començarem a fer la truita: abocarem a la paella amb els bolets i els alls, els ous batuts. Deixarem que quallin per sota, si cal amb l'ajut d'una forquilla, farem que es reparteixi bé el liquid per tota la superfície de la paella."
"els republicans, sense entrar-hi en el cos a cos -com sí que fan amb C's-, apel·len constantment el seu electorat per fer quallar la idea conforme el referèndum i la reforma constitucional, segons totes les enquestes, no obtindran una majoria","Boletes de colors Primer de tot barregem la llet i el suc de llimona i ho deixem reposar uns 5 minuts, fins que la llet qualli . En un bol gran, barregem la farina, el cacau, el llevat, el bicarbonat i la salt. Ho reservem. Al recipient de la"
"persones amb tot tipus de conductes sexuals sempre que es mantinguin relacions de risc. Aquest és el missatge que ha de quallar entre els més joves, perquè la por que hi havia abans no es transformi en confiança i desconeixement fins al punt de no",batem molt bé. Hi afegim la vainilla. A continuació hi tirem la meitat de la farina i ho batem; després la meitat de la llet quallada i ho batem. Fem el mateix amb les meitats que ens queden. Un cop tot estigui ben barrejat és hora de posar la massa a la plata
"pactat al setembre. I l'opinió del primer ministre hongarès, Viktor Orbán, que el problema és Grècia ha acabat per quallar entre molts ministres d'Interior de la UE que aprofitaran la seva reunió d'aquest divendres per mantenir la pressió",", barrejarem i llavors, trencarem els ous damunt les verdures. Taparem la cassola i deixarem fins que la clara hagi quallat . Ja podem servir-ho. Abans de l'estiu de 2009 ja es preveia a Catalunya un elevat risc d'incendi, com a conseqüència de"
"no va arribar a cap acord que li satisfés. Ell mateix es va postular llavors per a conseller de Justícia, però tampoc va quallar el seu desig i finalment va ser recol·locat com a assessor. Finalment, ERC el va incloure com a cap de llista per al Senat i","alçada d'un dit aproximadament de tomàquet i deixem refredar-ho (millor a la nevera) fins que qualli. Quan sigui ben quallat , desenmotllem la gelatina de tomàquet i la tallem a dauets. Ara passem a muntar els gotes: al fons i amb l'ajut de la"
"desacord o resignació. I partidaris del 'no' a Mas reconeixen que tampoc han aconseguit imposar el seu relat i fer quallar el perquè del seu veto. Debilitats i abocats a uns nous comicis, els queda, almenys, el consol de la coherència. La CUP no","en una intensa coïssor i envermelliment de la zona, juntament amb un flux blanc característic que s'assembla al iogurt quallat (sento ser tan explícita...). La Candida prolifera quan s'altera el ph de la zona genital, sovint a causa d'una"
"que durant la tarda havia començat a nevar fort; el mateix deien des de la Molina, que destacaven que la neu començava a quallar en totes les seves cotes i des de Masella ja auguraven que la nit seria llarga i que durant el dia d'avui continuaria amb la",", tomàquets ratllats madurs, all picadet, llorer i sal a foc lent i es va remenant. Quan estiguin fets s'hi afegeix un ou quallat o batut i es deixa un altre poc de temps. Al retirar es tira l'oli. Mongetes verdes a amanida Es tenen ja cuites les"
"Marc Muniesa també el condiciona a no marxar, perquè ha entès que en altres països el seu futbol potser no acabaria de quallar . A més, el Barça continua sent ""un lloc segur"" per a ell, ""el millor aparador"" mentre es mantingui en segona fila. Té la","Red Velvet (vellut vermell) és un tipus de massa esponjosa i suau que a la seva composició hi porta ""butter milk"" (llet quallada amb suc de llimona) i una culleradeta de vinagre. Aquests dos ingredients barrejats fan una reacció en que el cacau en"
"oficials encarregades d'alguns dels seus elements com són la llengua o la cultura, era un experiment que no podia quallar . No resulta estrany que, en deixar de governar els qui la promulgaren, haja estat derogada. Des de la imposició no es pot","tot al costat d'un motlle prèviament impregnat amb una mica d'oli (perquè no s'enganxi). Es fica al forn fins que qualli Albergínia: Rica en potassi, fòsfor i clor Es pot prendre amb proteïnes o midó igual que una altra verdura. Cuita al"
"com Aranda de Duero, gràcies en aquest cas a Sonorama. Una fòrmula en què es confia arreu però que a Andorra no acaba de quallar , amb tantes iniciatives que se n'han anat en orris. Per poc que es faci memòria, han estat uns quants els festivals","pel damunt el formatge ratllat. Enfornarem a foc ja calent (180a) fins que la pasta sigui ben rossa i el farcit hagi quallat (i les patates siguin cuites, es clar). Els assistents podran conèixer com segmentar d'una manera efectiva els"
". Homs ha assegurat que des de Madrid es té la idea que el procés català és ""passatger"" i que ell està intentant fer quallar el missatge que han de prendre consciència de la situació per poder ""tenir una relació de veïnatge constructiva"". ""Em","cassó una mica de llet i l'agar agar, ho fem desfer. Ho barregem tot, corregim de sal i pebre, i ho posem en un got. Ho deixem quallar una estona a la nevera. Triturem el tomacó amb la resta de formatge i repetim l'operació amb la llet i l'agar agar, Ho"
"vomitéssim la nostra sensibilitat. En fi, era tota una història humana. L'any següent m'hi vaig tornar a apuntar, i va quallar una bona i sincera amistat. Tant es així que amb motiu d'una exposició meva feta a la Rambla, vàreu venir tu i el teu fill","(com els pitagòrics), són en efecte lacto vegetarians. Molts formatges no són per a vegetarians, ja que es quallen amb els bacteris dels estómacs d'animals. Existeixen moltes varietats dins de la dieta vegetariana en funció dels"
"va ser que es podien trobar per anar a fer un cafè, però n'hi van anar molt pocs. Després, per sopar, però tampoc no va quallar . La tercera va ser la definitiva. Van quedar per dinar i la idea va agradar. Enguany, el col·lectiu ciutadà Tertúlies a","massa, incorporar els ous i repartir de forma homogènia fins a la vora del motlle. Fornejar fins que quedi perfectament quallada i acompanyar amb una amanida de brots verds. Entrar Registrar-me El sector agroalimentari català és un referent a"
", es va referir a ell com ""el difunt Vigoda"". Tot i que al número següent van esmenar l'error, la idea que era mort va quallar i no passaven gaires anys que algun mitjà o altre el donava per finat. Ell s'ho va prendre bé i, quan anava als late shows,",i hi posarem la mescla de maizena. A poc a poc afegirem la llet colada que havíem bullit sense deixar de batre per a què no es quallin els ous. Quan ho tenguem tot incorporat ho durem al foc sense deixar de remenar (és important) fins que comenci a bullir.
"de micro, quan ja és massa tard i el mal ja està fet. Amb el tripartit, el problema de fons era que aquesta denominació va quallar per damunt de la de ""govern d'entesa"" o altres provatures que van intentar vendre els estrategs de comunicació de l'","bosses del pa de motllo. Posarem l'ou dins l'aigua bullint i l'hi tendrem uns 5 minuts o fins que vegem que el blanc ja ha quallat , però no el vermell. Si vos agrada cuit, deixau-l'hi més temps. Retirarem les verdures i en la mateixa paella i sense"
"de Manolo Cadenas es va acomiadar de Polònia impotent, veient com la seva etiqueta de favorita al títol caducava en quallar el seu pitjor partit. El primer atac dels hispans va ser simptomàtic. Acció de minut i mig, sense mobilitat ni idees, que",". No son gens dificils de fer, la última capa la de segellar es fàcil, doncs el contingut estarà fred i aniràs veien com qualla , els sacseges una mica per a que no quedi aire a l'interior i ja està, queden molt be. Nombroses instal·lacions"
"compte el valor professional dels treballadors de la casa"" i ""retornar a l'estructura tècnica el seu valor"". Però fer quallar ""un nou tarannà"" o ""noves maneres de fer"" pot topar amb algunes reticències. La solució: buscar un àrbitre extern que","una truita. Salem. Quan el tomàquet estigui ben concentrat, hi tirem els ous batuts. Anirem remenant, perquè l'ou es qualli sense formar una truita ni una capa continua. Rectifiquem de sal i de pebre. Seguirem remenant fins que estigui quallat"
"es va sentir còmode en tot moment. El de Benavites va demostrar que està en un gran moment de forma. I a la punta, Tomàs va quallar una actuació excel·lent, amb infinitat de quinzes anotats. En canvi, l ́equip de Puchol II es va mostrar molt inferior","qualli sense formar una truita ni una capa continua. Rectifiquem de sal i de pebre. Seguirem remenant fins que estigui quallat al nostre gust . A mi , en aquest cas, m'agrada que quedi sucós, però normalment , els ous remenats amb d'altres"
"no va tenir l'èxit esperat. Va tenir una topada amb un dels seus enginyers. El cert és que la famosa bombeta eterna no va quallar al mercat. Segons ell, ho van impedir les cadenes de distribució, que no volen un producte que només es pugui comprar una","carxofa, que actua directament sobre les bilis i la circulació sanguínia, i que a una dissolució 1:150.000 és capaç de quallar la llet. Propietats de la carxofa La funcio hepato-biliar és fonamental no només en el procés de la digestió elaborant"
"estrenar Mire usté, un format que parodiava la política espanyola a través de gags i imitacions. Però la proposta no va quallar , i dos mesos després el programa desapareixia. Malgrat aquest precedent, TV3 va donar una nova oportunitat al format,","amb mantega una paella antiadherent, una vegada calenta cobrirem el fons amb un cullerot de la massa, quan s'hagi quallat li donarem la volta amb l'ajuda d'una espàtula i la courem per l'altre costat un moment més. Repetirem l'operació fins a"
", aconseguia el més complicat: igualar a 55 primer, i emportar-se la victòria després. Els sis protagonistes van quallar una actuació excel·lent en la que ha sigut una de les millors partides de la competició. El triomf, a més, té doble premi","de la comarca engegaran projectes cooperatius en l'àmbit agroecològic del Garraf Tot i que la neu no va acabar de quallar , les baixes temperatures sí que s'han fet notar durant tot el cap de setmana. El termemòtre va començar a devallar"
"que si la investidura de Sánchez fracassa el 5 de març, Rajoy també tiraria la tovallola, moviment que ajudaria a quallar un pacte entre el PP, el PSOE i Ciutadans que evitaria la repetició de les eleccions"". El que els diaris de la caverna no","espàrrecs amb els ous batuts amb sal. Feu la truita rodona, primer a foc lent per un cantó, tot procurant que la mescla es qualli ; després li doneu la volta per coure l'altre costat. ... Traieu les tripes de l'orada, però no les escates. Renteu-la i"
"perquè és una obertura al diàleg amb altres partits que la pròpia composició del Congrés ha forçat: ""Esperem que pugui quallar i porti a una investidura positiva"", ha afirmat Escarp, que com Iceta ha apel·lat al ""canvi"" al capdavant de la Moncloa.","- 1 culleradeta de canyella en pols - 6 ous ecològics Jo vaig escollir un motlle de silicona en forma de cor, però podeu fer quallar la truita dins la mateixa paella. Vaig trobar unes pomes al fruiter de casa, les vaig pelar i les vaig tallar a llunes una"
anar massa centrat. Els darrers minuts van ser pèrdues constants de temps dels locals sota una intensa nevada que no va quallar sobre la superfície verda. La qualitat del Manresa FS li dóna el triomf contra un Montcada lluitador REDACCIÓ | MANRESA,"que torni a arrencar el bull. Ho deixem coure 2 minuts i ho aboquem sobre la base de galetes. Ho posem a la nevera perquè qualli . Per fer la capa de xocolata amb llet, primer amb una forquilla fem unes marques a la capa anterior perquè aquesta s'hi"
"van desaparèixer bona part de les veteranes (Carme Torrallardona, Art Centre) i intents d'engegar-ne d'altres no van quallar . ""Tothom m'ho pregunta, per què he obert. Els militants del PSOE donen llum verda al pacte amb Ciutadans El resultat d'","Si veieu que l'ou és massa cru, poseu-la un moment al foc, saltajeu-la uns pocs segons més, però, un cop més, no deixeu que qualli com una truita! Veig per internet que tampoco no es posen d'acord amb la matriciana. Tinc guanciale de primera (comprat"
"Ancelotti. Les intencions de transformar aquest Madrid en un equip més creatiu i menys contracolpejador, no acaben de quallar , per molt protagonisme que s'intenti donar ara a jugadors de perfil més constructiu com Carvajal o Isco. Serveixen per",". Forrar un motlle semicircular amb paper film. Abocar la preparació interior i deixar refredar a la nevera. Un cop quallat , congelar. INGREDIENTS PER LA COBERTURA 200 gr de gerds congelats 50 gr de sucre 2 fulles de gelatina 50 gr de festucs"
"satisfeta amb el servei de la gran empresa que gestionava el seu menjador i, després de dues experiències que no van quallar , ha trobat el que buscava en una companyia petita, Tot Oci. Les seves reduïdes dimensions, amb 110 alumnes i 25 o 30 que s'","colador fi, afegirem les fulles de gelatina prèviament remullades i escorregudes, la pols de cardamom i ho deixarem quallar a la nevera. altres ingredients - Daus de pinya - Fruita de la passió - Bastó d ́ametlla torrat Emplatat En un bol posarem"
"Ballesta, va fer un intent d'última hora amb el PSC, tot oferint rebaixar-se el sou. Tot i això, l'acord al final no va quallar , potser per precipitat. Malgrat que la cúpula de CiU va pressionar la d'ERC perquè es reprenguessin les negociacions,","dia 22, i durant 15 minuts, ha caigut sobre Banyoles, de manera feble, calabruix (neu granulada) sense arribar a quallar sobre el terra. Falta de pluja . Sequera continuada a Banyoles: no plou i això queda reflectic amb el calamitós estat"
". Llavors es van deixar al marge les negociacions particulars per aconseguir un acord d'esquerres que finalment no va quallar pel pacte a què Sánchez va arribar amb Albert Rivera. Després del ple d'investidura, el PSOE i Ciutadans van ratificar","de maduixes pel damunt la panna cotta de iogurt i conservem a la nevera fins el moment de servir. És important deixar que qualli a la nevera un mínim de 6 hores, així que prepareu-lo amb antel·lació. Gràcies per visitar el nostre lloc web. Abans d'"
"molt encaixada que s'emportaren després d'un recital. Ricard equilibra la final Ricard, Sanchis i Roberto van quallar una partida perfecta. VAL NET S. GONZÁLEZ Ricard, Sanchis i Roberto van forçar ahir el desempat en la final de la Lliga de","una textura ben fina. Abocar-ho dins de motlles (jo vaig fer servir glaçoneres) i passar-ho a la nevera fins que sigui quallat . Per servir, desmotllar i disposar-ho en una cullereta (o torradetes), napar amb una capa de confitura de ceba i cobrir"
"de la sèrie a Ian, Sanchis i Miravalles per un contundent 25-5. El trio capitanejat pel rest de Castelló de la Ribera va quallar una actuació perfecta per equilibrar una final que està fent les delícies del espectadors, que ahir van crear un","forn però es pot quallar a la paella, com si féssim una truita normal, simplement donant la volta a la truita amb un plat, quallar per l ́altre banda a la mateixa paella....i llestos. Jo, una vegada al plat i encara calenta, li vaig afegir per damunt el"
"a Figueres, la musealització de la casa natal de Dalí. La Fira de la Màgia de Torroella de Montgrí. S'ha de veure si pot quallar com la fira del sector a nivell de Catalunya. També està treballant molt bé l'Ajuntament de Sant Feliu de Guíxols amb el","ganivet i mirem que surti sec, sinó ho deixem 1 minut més, depèn del forn. Jo aquesta vegada la vaig fer al forn però es pot quallar a la paella, com si féssim una truita normal, simplement donant la volta a la truita amb un plat, quallar per l ́altre"
"una polèmica que no sembla que hagi de tenir una resolució clara a final de temporada. El nou fitxatge no acaba de quallar , especialment després d'una lesió que va frenar la seva inclusió al grup. El cos tècnic, a més, no està trobant en el",", barrejant bé tots els ingredients, i seguidament el vaig posar al motlle, i cap al forn....i en 3 minuts ja ho tenia quallat . Per comprovar que és cuita punxem amb un ganivet i mirem que surti sec, sinó ho deixem 1 minut més, depèn del forn. Jo"
"Podem, que Catalunya pugui votar. L'objectiu és acabar de completar el canvi. Jugarà un element positiu, si acaba de quallar , l'acord amb IU i les confluències. Hem d'anar tan units com sigui possible, no per vèncer el PSOE, sinó per vèncer el PP.",i aboqueu-la a la paella. Aboqueu-hi la crema d'ous i els carbassons i remeneu uns segons fins que els ous comencin a quallar . És important que no quallin del tot. Afegiu-hi una mica de pebre negre i serviu-los immediatament. Buon appetito! [ La
"Unió decidirà si es presenta als comicis: 'Som perfectament conscients de les dificultats que aquesta opció pugui quallar per qüestió de temps', ha assenyalat Espadaler, que reconeix que si no és possible formular-la, es plantejaran si s'",. Aboqueu-hi la crema d'ous i els carbassons i remeneu uns segons fins que els ous comencin a quallar. És important que no quallin del tot. Afegiu-hi una mica de pebre negre i serviu-los immediatament. Buon appetito! [ La Pasta per als Catalans és un
"la situació actual i que se senten desubicades, orfes"". El líder d'Unió ha afirmat que ""veiem difícil que això pugui quallar abans del 26-J. Per a nosaltres són unes eleccions clarament inoportunes"". ""Però en tot cas fem aquesta crida a","i llavors els aboquem damunt les sardines. Ho posem tot al forn a 180o, fins que la pasta estigui dauradeta i els ous ben quallats . Es pot fer també amb pollastre, desossat i filetejat. dijous, 27 maig de 2010 dimarts, 18 maig de 2010 La setmana"
"), mort l'any passat. Considerat com un dels grans autors de còmics de tots els temps, Hereu de Manuel Gago, Bermejo va quallar la seva empremta gràfica amb 'Las aventuras del FBI' i poc després, va sorprendre amb la sèrie 'Apache'. Bermejo va","massa que esquitxaria els tocinillos i els espatllaria). Cal deixar-ho coure a foc baix (100o) fins que els tocinillos quallin (40 minuts aprox , però depèn molt del forn). Quan siguin freds els desmotllarem i els servirem acompanyats de"
". Primer l'escollit va ser Paul Rodgers, amb el qual van visitar aquest mateix Sant Jordi el 2008. L'invent no va quallar . Ara hi tornen amb Adam Lambert, un jove nord-americà sortit del talent show American Idol. A priori, l'aposta sembla","gruixuda. Els pancakes tradicionalment acostumem a ser més petits però més gruixuts que una crep. Quan estigui quallat d'una banda, ho girem amb cura i deixem que qualli de l'altra. Quan el pancake sigui cuit, el traiem del foc i el posem en un"
"Madueño va intentar tirar endavant una nova ""gran revista plural, reivindicativa"" amb la federació veïnal, però no va quallar perquè, segons ell, la FAVB s'ha burocratitzat, ""s'han fet funcionaris"", i la necessitat d'un mitjà combatiu s'ha","a ser més petits però més gruixuts que una crep. Quan estigui quallat d'una banda, ho girem amb cura i deixem que qualli de l'altra. Quan el pancake sigui cuit, el traiem del foc i el posem en un plat. Untem amb melmelada. Procedim fer-ne un"
"que tinga pensada una estratègia per contrarrestar el poder dels dos finalistes de l ́últim Individual. El de Dénia va quallar una actuació de mèrit fa 12 dies a Pelayo, i espera poder repetir-la en un trinquet com el de Vilamarxant on, asseguren","els ous batuts ja porten sal). Ara començarem a fer la truita abocant els ous batuts a la paella i deixant que comencin a quallar una mica. Si cal, perquè els ous arribin a tocar el cul de la paella, anirem aixecant una mica els llegums amb comte de no"
"fidels, rendeix més que a la Catedral, que mai ha sigut un dels seus recintes predilectes. El bon moment de Dani, que ve de quallar grans actuacions, per exemple, el passat divendres, a Vila-real, i la presència d ́un punter determinant com Tomàs II,","un pèl més gros que la paella, es clar) i amb comte però sense entretenir-s'hi gaire, la girem, deixant per tant, la part quallada de la truita a dalt , i la part que encara no ha quallat , abaix. Amb comte, farem lliscar la truita des del plat de nou a la"