"Assistim a uns desacords globals que sacsegen l'ordre internacional tal com el coneixíem fins ara, que tenen el focus principal en la resposta a la guerra d'Ucraïna, però que afegeixen altres escenaris potencialment igual de perillosos, com l'oberta lluita entre els Estats Units i la Xina.",", insultar i sacsejar el cotxe de Mas Un grup de Mossos d'Esquadra han recordat com una multitud d''indignats' va sacsejar , escopir i llançar pintura sobre el cotxe del president de la Generalitat, Artur Mas. Segons han dit a l'Audiència"
"Tant Furest com López Fageda s’adrecen admonitòriament al lector en segona persona, sigui un tu o un vosaltres, per sacsejar la consciència individual d’uns parlants que renuncien al català a la primera de canvi per evitar un conflicte inexistent, per un respecte mal entès o por de no fer-se entendre.","el cinc de nou amb folre el més aviat possible. Tot i que el castell s'ha coronat sense greus problemes, no ha parat de sacsejar i el moviment s'ha agreujat durant la descarregada quan els pisos de terços i quarts han estirat la seva mida. Han"
No podíem imaginar-nos que un virus que va començar a treure el cap a Sichuan acabaria esdevenint una pandèmia que ha sacsejat el món sencer.,", ""equipara els actes violents que es van produir amb l'opinió pública"". La sentència ""diu que és el mateix violentar, sacsejar , pintar, tirar objectes als representants dels ciutadans que fer un article d'opinió o cridar una consigna en una"
Però tot comença a sacsejar-se amb l'arribada de la impremta de Gutenberg.,"van poder ser rescatades amb vida. 29 més van desaparèixer en un mar picat amb onades de fins a tres metres que van sacsejar l'embarcació durant hores. Vuit dels desapareguts eren menors. Les seves mares, totes embarassades, viatjaven amb"
"El 29 de juny, finalment, la votació d’una llei contra el frau sobre els vins aconseguirà apaivagar la tensió i posar fi a una revolta que no només ha sacsejat Occitània i el Rosselló, sinó que ha fet trontollar el govern de París.",". Eren les 07.59 del matí del 26 de desembre del 2004 quan un terratrèmol de 9,1 graus de magnitud en l'escala Richter va sacsejar tot l'oceà Índic. El seu epicentre, a 30 quilòmetres de profunditat, estava situat a unes quantes desenes de"
"Hem estat tots sacsejats per nous desafiaments, per noves formes de treball, d'estudi i de relació.","palestí no ha vist una altra sortida a la crua situació econòmica que pateix, resultat de l'últim embat bèl·lic que va sacsejar la franja. De 27 anys i amb dona i tres petits, aquest gazào viu en una carpa entre dues tombes del principal cementiri de"
"Gala Canut ha sacsejat el món ‘fashionista’ amb Vagary Kalon, firma que ha creat amb el seu guru espiritual.",nou anunci televisiu de Qatar Airlines. L'eclecticisme aterra a la passarel·la S hake before use. Custo Barcelona va sacsejar la coctelera en la multitudinària desfilada que va tancar la tercera i penúltima jornada del 080 Barcelona Fashion a
"ES GUARDEN dir, de tota manera, que si Espanya ha de fer un vídeo com el d’Espanya Global és precisament per contrarestar les denúncies constants que des de l’independentisme polític i mediàtic es llancen contra «l’Estat»: que si el «règim del 78» no s’ha sacsejat les restes del franquisme, que si el feixisme campa al seu aire a Catalunya sense que Espanya el freni, etcètera.","per la xarxa i les va fer seves a través del Twitter del Canal 24 horas. Eren imatges del terratrèmol de 6,3 graus que va sacsejar Christchurch, a Nova Zelanda, el 2011, segons publica FormulaTV. En un tuit ja esborrat, en aquest Twitter escrivien:"
"La humanitat es coneix millor a si mateixa gràcies a Albert Hofmann, el químic que va trobar l'LSD, substància psicoactiva que va sacsejar les arts i les àrees del coneixement.","davant l'Assemblea Nacional la seva decisió. La unitat del socialisme francès mostrada arran dels atemptats que van sacsejar París a principis de gener, va saltar ahir pels aires a l'Assemblea Nacional. Davant el risc que la llei que preveu la"
"Una crisi que ha sacsejat la vida dels estudiants universitaris i dels professors, com ho demostren les nombroses mobilitzacions que s'han organitzat.","d'alçada. Molts municipis de Japó han decidit construir nous murs marítims arran del terratrèmol de magnitud 9 que va sacsejar Japó el març de 2011, i que va generar un tsunami amb onades de més de quinze metres, deixant prop de 20.000 morts i 470.000"
"Sis anys més tard el setmanari s'acobla al ritme del rock local que sacseja França i a la rauxa dels yeyés, els joves ídols musicals.","a l'alcaldia de Sabadell ""12 morts a París van moure el món per la llibertat d'expressió. 150 a Kènia l'haurien de sacsejar : els universitaris poden canviar un país"" 2. Xavier Aldekoa ( @xavieraldekoa), periodista ""L'arrel de l'atemptat de"
"Les idees ultranacionalistes i populistes de Le Pen (48) no han guanyat a França, però han sacsejat una campanya electoral inèdita.",". Va ser dilluns quan un terratrèmol de 5,2 de magnitud, amb epicentre a Ossa de Montiel, a 87 quilòmetres d'Albacete, va sacsejar la zona centre d'Espanya al voltant de les 17.16 hores. ""Deixi anar llast, alliberi's"", li ha dit després de recordar al"
Rússia ha estat sacsejada en diverses ocasions pel terrorisme islamista vinculat a l'Emirat del Caucas.,"un terratrèmol de 5,2 graus de magnitud amb epicentre en aquesta localitat i a una profunditat de 17 quilòmetres, que va sacsejar la zona centre d'Espanya. Va ser dilluns quan un terratrèmol de 5,2 de magnitud, amb epicentre a Ossa de Montiel, a 87"
"Ho té tot escrit a Utopia per a realistes, un assaig-manifest publicat per Empúries que ha sacsejat el debat polític i filosòfic a Holanda.","a la tarda un terratrèmol de magnitud 5,2 graus en l'escala de Richter, amb epicentre a Ossa de Montiel (Albacete), va sacsejar la zona centre d'Espanya. El terratrèmol es va sentir durant diversos segons amb claredat a Castella-la Manxa, Madrid"
"El director teatral Àlex Gnocchi (Borja Espinosa) té una crisi creativa sense precedents per al seu muntatge, que ha de sacsejar l'escena catalana.","sísmica de l'Institut Geogràfic Nacional (IGN) ha detectat 25 rèpliques del terratrèmol que dilluns a la tarda va sacsejar la localitat d'Ossa de Montiel (Albacete). La més forta va ser la que es va generar a les 23.02 hores i que va registrar 2,7"
El 4 de desembre dues notícies sacsegen Europa: el candidat d’extrema dreta guanya la presidència a Àustria i Renzi perd el referèndum en el qual ha apostat la seva carrera política.,", va ser trobada morta a Langtang (Nepal), una zona freqüentada per senderistes i molt afectada pel terratrèmol que va sacsejar el país asiàtic fa onze dies. La noia havia viatjat al país a fer tresc en aquesta parc nacional on els equips de rescat han"
"Durant tot el dia, les imatges del funeral de dos policies van sacsejar les cadenes de televisió turques.","aquest dimarts a 7.557 el nombre de morts a conseqüència del terratrèmol de magnitud 7,9 en l'escala de Richter que va sacsejar el país el 25 d'abril. Segons aquesta font oficials, la població de Sindhupalchowk ha estat la més afectada pel"
Chester Brown va sacsejar el món del còmic -i un grapat de consciències quan el 2012 va compartir les seves experiències com a client de prostitutes al còmic 'Pagando por ello' (La Cúpula).,"de morts, que ja superen els 7.200 Més de 7.200 persones han mort al Nepal a conseqüència del fort terratrèmol que va sacsejar el país el 25 d'abril, segons un nou balanç de víctimes fet públic aquest dilluns pel Centre Nacional d'Operacions d'"
Les eleccions municipals del 24 de maig sacsegen el tauler independentista.,"de 5 graus en l'escala de Richter, que ha tingut lloc al districte de Lamjung, a l'oest de la capital nepalesa, ha tornat a sacsejar el país, segons ha informat el Servei Geològic dels Estats Units (USGS). El Consorci de Reducció de Riscos al Nepal, una"
La sèrie japonesa va sacsejar el planeta però a Catalunya provoca un Hiroshima emocional permanent i transversal.,"dilluns passat, procedents de la ciutat de Pokhara, on dissabte els va sorprendre el terratrèmol de 7,9 graus que va sacsejar la zona. Les fonts consultades van indicar que malgrat la situació de col·lapse que pateix l'aeroport de la capital"
El debut sorprenent de Wim Vandekeybus amb la seva companyia Última Vez l'any 1987 va sacsejar el món de la dansa.,"del Nepal, segons l'ONU Al voltant de vuit_milions de persones es poden veure afectades pel terratrèmol que va sacsejar el Nepal dissabte, segons ha informat l'Oficina del Coordinador Resident de les Nacions Unides al país. ""Segons les"
La decisió de l'alt tribunal sacseja el Parlament.,"forta rèplica del terratrèmol torna a sacsejar un Nepal en runes Una forta rèplica del terratrèmol al Nepal ha tornat a sacsejar les zones ja afectades. Ha tingut una magnitud de 6,7 graus a l'escala de Richter i s'ha notat al Nepal, a l'Índia i a"
"un cas com aquest. Els artistes del fotograma Agitar la pupil·la amb tècniques i moviments cinematogràfics inusuals, sacsejar la vista de les pautes lineals del cinema comercial ""que arrasa amb tota biodiversitat i anul·la el pensament","de reconèixer els cadàvers"". Perquè els forenses també aprenen dels vius. Una forta rèplica del terratrèmol torna a sacsejar un Nepal en runes Una forta rèplica del terratrèmol al Nepal ha tornat a sacsejar les zones ja afectades. Ha tingut una"
"Joan Maragall de Tàrrega, i la va apunyalar diverses vegades amb un ganivet. Aquesta mort per violència masclista va sacsejar la capital de l'Urgell però també tot Catalunya a causa de la joventut dels seus protagonistes. La fiscalia de Lleida","i provoca almenys 1.300 morts Catàstrofe al Nepal. Un potent terratrèmol de 7,9 graus en l'escala oberta de Richter va sacsejar ahir el país asiàtic, amb especial virulència a la capital, Kàtmandu. El nombre de víctimes mortals superava al"
"també ha confirmat que l'acusat serà jutjat per un tribunal popular a l'Audiència Provincial. La mort d'Alba va sacsejar Tàrrega i tot Catalunya, a causa de la joventut dels seus protagonistes. La decisió L'unionisme podria ara mateix",". A més a més, una actuació coordinada a nivell nacional i, en ocasions, també in situ, persegueix l'efecte de  sacsejar l'arbre"" i fins i tot provocar la presentació de declaracions d'impostos complementàries. Barcelona és una de les"
"quatre anys al timó de la degana i més important de les universitats valencianes. Una reelecció sense debats, sense sacsejar la institució, sols propiciaria l'abstenció. A més, faria que els crítics amb la gestió del doctor Morcillo","a vuit_milions de persones, una quarta part de la població del Nepal, ha quedat afectada pel fort terratrèmol que va sacsejar el país dissabte. L'ajuda internacional ha començat a arribar amb comptagotes, però fins a 1.4 milions de persones"
"fet mateix d'escriure com a mètode per ordenar el caos de la vida, la sensació de la força física de crear mons mentals per sacsejar l'experiència lectora amb un munt d'imatges diàfanes a frec de l'horror que, probablement, l'únic sentit que tenen és","terra no dóna treva al Nepal i ahir, sense temps de recuperar-se de l'ensurt del terratrèmol de 7,8 graus que dissabte va sacsejar el país, les fortes rèpliques no van parar. Des del primer gran sotrac, la terra ha tremolat mig centenar de vegades més,"
"que busca?"", li ha dit seguidament, en la línia del portaveu de CiU, Duran i Lleida, que en la jornada anterior va tornar a sacsejar el risc d'una DUI a Catalunya per demanar la consulta. I tornant al País Basc, li ha dit que el PP repeteix que Euskadi és","Ressuscitat. H Un nou sisme de 6,7 graus Richter sacseja el Nepal Un nou sisme de 6,7 graus en l'escala Richter ha tornat a sacsejar aquest diumenge el Nepal, 24 hores després del terratrèmol de 7,8 graus que ha deixat al voltant de 2.000 morts i 5.000"
"social amb el visionat d'un muntatge de vídeos en tres dimensions. Segons l'entitat, és ""un relat d'impacte per sacsejar les consciències i desvetllar la solidaritat envers els qui més ho necessiten"". Un altre apartat de l'exposició",". La terra s'esquerda al Nepal i deixa més d'un miler de morts Un fort terratrèmol de 7,8 graus en l'escala de Ritcher va sacsejar ahir el Nepal i va deixar milers de morts i un panorama desolador amb edificis ensorrats i un nombre indeterminat de"
"que es va poder veure fa un setmana en el programa Salvados, de Jordi Évole? No res. Més enllà de la intenció d'Évole de sacsejar l'audiència per les llacunes, els impediments i la desinformació acumulada sobre el 23-F, el fals reportatge, i","a l'altre extrem de la barra. Ell, parapetat rere el diari esportiu, va controlant al paio de la màquina. Aixeco el braç i sacsejo el got buit, indicant amb l'altre dit, al temps que els meus llavis dibuixen un mut ""un altre"". Espero pacientment que"
"Penal. El conflicte va començar com una protesta pacífica ciutadana en el marc de les Primavera Àrab que el 2011 van sacsejar la regió i que va forçar el president Bashar al-Assad a anunciar la derogació de la llei d'emergència, en vigor des de","de vi. Quan shagi reduït el vi, hi afegim els pèsols, la menta i la branca de canyella. Ho deixem coure tapat a foc lent i sacsegem l'olla de tant en tant. Quan ja gairebé estiguin cuits els pèsols, hi afegim la botifarra negra a rodanxes. Ho"
"drets i deures sigui el pilar fonamental per assegurar la cohesió social"". L'Espanyol arriba al Calderón amb ganes de sacsejar la part alta de la classificació Un cop segellat el pas a quarts de final de la Lliga de Campions, a l'Atlètic de Madrid se","del navegador. Posem tots els ingredients dins el sifó. A continuació el carreguem amb les dues càrregues, el sacsegem i el refredem a la nevera. És molt important que estigui fred. Per fer la preparació : Introduïm tots els ingredients"
"la seva dimissió el 29 de gener de 1981. El mateix dia que investien el seu substitut, un intent de cop d'Estat va sacsejar el Congrés i el país. Superat el cop d'estat del 23-F, Suárez va continuar en la política. Va fundar el CDS, amb el qual es","jo només la mirava a ella. Estava segura que la ràbia encara li durava, perquè caminava amb pas ferm i jo sentia el meu cos sacsejat molt fort contra el seu pit. Sempre em porta en una mena de bossa de tela, adaptable, que es penja al davant, passant pel"
", mentre que els diputats del PSOE i del PSC ja han avançat que la rebutjaran. Els mossos diuen que van escopir, insultar i sacsejar el cotxe de Mas Un grup de Mossos d'Esquadra han recordat com una multitud d''indignats' va sacsejar, escopir i llançar",o el Joel jugaven a l'altre bàndol?. I la mort sobtada d'en Torralba?. Justament en el moment apropiat. Un calfred la va sacsejar . Potser havia sigut massa innocent en donar per fet que havia mort d'un infart. A l'entrar al poble una gran explosió és
"i obertura que ha tingut Catalunya amb ells"". Ha assegurat que la principal causa de la crisi econòmica que va sacsejar el seu país va ser la liberalització financera del 1994, ""en ple auge del fonamentalisme liberal"". Així mateix, i","un inútil esforç per crear una espurna d'il·luminació. Grans raïms verds, pengen en forma de diamant dels braços que es sacsegen com un cefalòpode perseguint la seva presa. Les llàgrimes diamants, es gronxen al so de la mateixa musica cristal·lina"
"catalans. La tramitació també va menysprear el risc sísmic, fins que a finals de setembre una sèrie de moviments van sacsejar la zona. Al cap de set mesos que el Ministeri d'Indústria va ordenar l'aturada de l'activitat de la Plataforma, el seu","això sí, ben nostrada). Jo he de dir que m'ho vaig passar d'allò més bé, si exceptuem el fred polar de la sala, com de costum sacsejada per onades excessives d'aire acondicionat. Vaig tenir l'oportunitat de xerrar una bona estona, en un ambient de"
". És, per cert, la primera a Catalunya que ofereix una recreació històrica inspirada en les carlinades, que van sacsejar el país durant gairebé tot el segle XIX. L'eix central de la narració històrica serà el mateix que l'any passat,","així és la nostra Féina accelerar-la. Com deia Che Guevara, no esperis que la poma que caigui de l'arbre, a vegades has de sacsejar l'arbre amb força perquè la poma caigui. A curt termini, hi ha molts problemes, un dels més grans és la divisió de la"
"tot el temps, cosa que fa el seu titular molt vulnerable al desgast dels anys. Pot resultar injust, però una sola foto pot sacsejar actualment un regnat. TVC serà ambaixadora dels Xiquets de Valls el 2014 Valls. (Redacció).- El quilòmetre zero del","l'història bíblica, hi ha gent que està tan arrapada a les columnes que sostenen l'edifici econòmic i social que, si les sacsegen , s'enfonsa tot (i per això hem acabat creient que no ens queda més remei que suportar-los com un mal menor). Fins i tot"
"femenines, entre elles Leonor Watling o Ángela Molina. L'exlíder de Los Ronaldos, que durant els anys 80 i 90 va sacsejar els fonaments de la música juvenil de l'estat espanyol amb lletres irreverents i descarades, tancarà una nit que haurà","no passa res. De sobte, un renou que va augmentant dintensitat es deixa sentir, al mateix temps que un petit tremolor sacseja la sala. Es miren els uns als altres. La sala, centímetre a centímetre comença a descendir... Editat per darrera vegada"
"i els altres 182 islamistes han estat condemnats es remunten a l'agost de l'any passat, quan una onada de violència va sacsejar el poble d'Al-Adua, a la província de Minia, després del desmantellament de les acampades a les places de Rabea","a Polònia. Que n'apreguin! Veure el president Montilla aferrat amb posat estoic al timó mentre el vaixell es remou sacsejat per les onades de la indignació és una d'aquelles imatges que queden en la memòria. Per qui és i per com pensa, pel que"
". Exvocal del Consell General del Poder Judicial ""La meva recomanació de llibres per a l'estiu va adreçada a qui vulgui sacsejar les neurones i no estovar-les: per què passa el que passa, quines són les claus per entendre el poder i el seu exercici, de","] La mecanització a la verema està arribant al punt culminant de veure cada cop més vinyes emparrades pertot apunt de ser sacsejades per arrancar-ne el bruscament el raïm. A l'oblid queden les portadores, els carros i els matxos que s'han anat veient"
"per quasi 7000 illes, que va deixar 4.900 morts i unes pèrdues econòmiques de 14.000_milions de dòlars. Aquest tifó va sacsejar les consciències fruit del qual se celebrà a Varsòvia el mes de novembre passat una cimera per intentar pal·liar els","x 200 cm). En cas necessari pots plegar-la o retallar-la. Catifa teixida a màquina. Neteja la catifa amb l'aspiradora, sacseja i gira-la amb regularitat. Taques seques; s'han d'eliminar immediatament fregant acuradament cap al centre de la"
un bon primer pas? L'anunci per part del PSC el mes d'abril passat de la seva proposta de llei electoral per a Catalunya va sacsejar en el seu moment el panorama polític. Mentre al Parlament avançava lentament el treball de consens entre diversos,"pensà dues vegades i hi entrà. S'adormí profundament sobre un banc. El següent que recordà és la veu d'un home mentre el sacsejava amb suavitat: ""nen, nen aixeca!"". Somnolent i espantat va encorbar-se i tracta de veure qui li estava parlant. Era un"
", que durant trenta-quatre anys ha tingut diners a l'estranger sense regularitzar que provindrien d'una herència, va sacsejar bruscament la política i la societat catalana, que encara paeixen la revelació de qui va presidir la Generalitat","de feixes ombrívoles en aquestes altituds. Ja estan florits (són els primers arbres que hem vist florir) i cada cop que sacsegem branques, deixen anar uns petits núvols grogs de pol·len. Per la desil·lusió dels nostres convidats, a les trampes no"
"les sospites sobre la desaparició. Però va ser absolt per falta de proves. Una sèrie d'espantosos assassinats tornen a sacsejar la tranquil·litat del poble dos anys després, i Seth està convençut que Mark ha tornat, però convertit en un ésser","altre. La casa era tan vella, tant, que si es tancava de cop, tremolaven els fonaments, la xemeneia tossia i la teulada es sacsejava deixant caure la neu. Però no era tan fràgil com semblava. "" Llegir la resta "" Som especialistes en ungles danyades en"
"ocasions de perill. Marc Bartra, a la sortida d'un córner, ha rematat de cap fora en una acció aïllada. Amb l'objectiu de sacsejar el seu equip, en el minut 63 Luis Enrique ha fet un doble canvi: Sandro i Munir han entrat per Pedro i Neymar, que han tingut","ncia ja pareixia sencera. El pare estava en el balcÃ3 fumant-se un cigarret, d'esquena a l'escena. Carles, plorant, va sacsejar a sa mare sense obtenir resposta. Com havia vist en les pelÂ·lÃcules, li va tocar el pit per veure si el cor bategava,"
"Europa al pou. La nit més llarga de Vandellòs Deia Sèneca que, cada cert temps, és necessari desenrotllar la memòria per sacsejar tot el que hi ha emmagatzemat. Bons deixebles d'aquesta filosofia d'extreure del record allò que hi havia dipositat s'",", imperialista, explotadora i sense escrúpols amb els més desafavorits. Així, des del terratrèmol que va sacsejar Haití ara fa un any, Forges ens diu, dia rere dia ""Pero no te olvides de Haití"". Perquè tanta insistència en aquest petit"
"-Granada, PSG, Rayo Vallecano, Eibar i Ajax. Fidel a les rotacions, Luis Enrique les va mantenir i va tornar a sacsejar l'equip en un partit en què no s'esperaven gaires experiments. A la porteria, l'errada a París no va pesar a Ter Stegen,","Un nou sisme de 2,3 graus a l\'escala de Richter, segons l'Institut Geogràfic Nacional, ha sacsejat aquest divendres a la matinada la zona pròxima a la plataforma marina del projecte Castor, situat davant la costa de l\'"
", és catedràtic d'ètica de la Universitat Ramon Llull. Autor prolífic, acaba de publicar 'La revolució ètica' per ' sacsejar consciències', 'activar el pensament' i reivindicar 'el compromís' d'una societat que ha de canviar si vol","on tenim el conill, repartint-la una mica per tot arreu. Acabem d'escurar el morter i afegim a la cassola tota la picada. Sacsegem una mica la cassola i deixem que segueixi fent xup-xup fins que el conill sigui ben cuit. A primera hora del mati, posarem"
"de Múrcia identificant la corrupció com ""unes poques coses"", l'alba del primer dia laborable va tornar a sacsejar els ciments de la política espanyola. En una macroredada amb epicentre al quilòmetre zero, però que es va estendre per","tindrem l'aigua escalfant-se. Ràpidament, després de les primeres voltes, tirarem l'aigua a la cassola i la sacsejarem lleugerament. Cal que el foc sigui ben viu. Quan l'aigua de la cassola arrenqui el bull, contarem 5 minuts, baixarem el"
", i convertit en opositor al sistema arran d'un judici per la mort d'un manifestant en els conflictes socials que van sacsejar Atenes per les mesures de la troica. El salt temporal avança a bon pas en la primera part, tot i llicències en la","dormir. He agafat el son i al cap de poca estona he sentit que tot el cotxe es movia i he cridat. Em pensava que l'elefant ens sacsejava el cotxe. Llavors hem sentit l'Alan que cridava i hem tret el cap a fora. Resulta que una hiena, després de tirar a terra la"
" de Bartumeu a un gran favor"" per als sindicalistes La possible renúncia de Toni Martí a optar a la reelecció va sacsejar ahir el panorama polític andorrà. Les reaccions van tenir un ampli espectre i van anar de la ""incredulitat"" expressada","i devastats per la guerra. Serena de Dolors Garcia i Cornellà El dia de la Candelera de l'any 1428, un fort terratrèmol sacseja Catalunya. La jove Serena, que viu a Barcelona amb la mare i les seves germanes, ha pogut sobreviure, però haurà de"
no deixa de sorprendre. Se sabia que l'asturià no tenia només un sistema de joc i ahir va fer servir la llibreta per sacsejar l'equip i plantar-se davant el París SG en el partit que decidia la primera plaça del grup amb un sistema revolucionari i,"alta definició d'alguns dels seus èxits. El proper escollit serà Jet Set Radio. Ha arribat, doncs, el moment de tornar sacsejar els esprais, posar a punt els patins i pujar el volum del nostre transistor al màxim . Entre Yakuza i Yakuza, l'estudi de"
"de l'ajuntament. ""L'individu, sense que hi hagués cap policia local que li prohibís l'accés, va travessar la tanca, va sacsejar Platero, fins que 'a galop' va posar orgullós els seus gairebé 150 quilos de pes sobre el seu fràgil cos de cotó, com diria","pluja quan realment no està plovent. Ho solventarem en properes hores quan es pugui accedir. La natura quan es cabreja, sacseja i posa al seu lloc el que s'ha edificat pel mig sense miraments. A cambrils es va arribar a una intensitat de 12 L/m2 en 5"
urnes i a reconèixer res d'específic per a Catalunya. En aquest sentit cal dir que s'ha desaprofitat l'oportunitat de sacsejar el tauler d'escacs amb la dimissió d'Eduardo Torres-Dulce com a fiscal general de l'Estat. Corre la creença popular,. La versió policial es basa en el fet que la patrulla dels mossos va haver d'abandonar el barri després de ser el seu cotxe sacsejat per un centenar de persones. Poc després Solidàries Mataró feia públic un vídeo del moment de la discussió inicials
"la base des de baix -és a dir, fer que més joves se sentin responsables del sistema- és una bona manera d'intentar refer o sacsejar el país amb més força. Tanmateix, crec que els joves de 16 a 18 anys no van acudir massivament a les urnes el 9-N.Tenen més","una complicitat entre el mediador (imprescindible en aquest cas) i el lector: el llibre es llegeix, però també es sacseja , es belluga, s'aplaudeix... Il·lustracions molt suggeridores, originals i senzilles. Amb el punt, la línia i els"
"Fedra, de Racine, arran del petit fragment que recitava en la tragicomèdia Barcelona, de Pere Riera (TNC, 2013); la va sacsejar . Borja Sitjà, actual director artístic del Romea, ja havia programat aquest clàssic el 2002, com a director del","Lozano. L'actualitat informativa de la setmana ve encapçalada pel terratrèmol de 8,9 graus a l'escala Richter que va sacsejar Japó la matinada de dijous a divendres. Parlem d'aquest fenòmen meteorològic i de com s'està vivint al Japó en quatre"
"de Kenji Shiga, el director del Museu Memorial de la Pau de la ciutat japonesa d'Hiroshima: ""La mostra té la voluntat de sacsejar consciències i s'erigeix com a símbol de la pau"", va argumentar Shiga. ""Té sentit que es faci a Catalunya, ja que tots dos",alto al foc. LAgencia Meteorològica nipona ha revisat i elevat avui a 9 graus a l'escala de Richter el terratrèmol que va sacsejar divendres la costa nordoriental de Japó convertint-lo ja en un dels de major magnitut de la història. De les
"motivacions xenòfobes, racistes o ultradretanes. La divulgació de la imatge pel popular Bild i altres mitjans va sacsejar de tal manera la societat alemanya que la mateixa organització es va veure obligada a desmarcar-se de la iniciativa.","picat ben petit. Deixem que acabi de coure's i reservem. Quan l'estofat estigui pràcticament fet, hi tirem els bolets, sacsegem bé la cassola perquè tot quedi ben barrejat i deixem coure uns 5 o 10 minuts. Rectifiquen de sal, si cal. El suc cal que ens"
"socials que s'han fet patents després dels atemptats terroristes de París. Deu anys després de les revoltes que van sacsejar les banlieues de les principals ciutats del país, el primer ministre francès va parlar d'un ""apartheid territorial,",", cases de familiars i pisos pont durant gairebé dos anys. L'11 de març de 2011, un terratrèmol de 9,0 graus de magnitud va sacsejar el nord-est del Japó i va causar un tsunami que va colpejar la costa del país en menys de mitja hora. Les onades de gairebé"
"espectadors van quedar colpits davant del televisor contemplant Ciutat morta. El documental havia aconseguit sacsejar consciències, despullar vergonyes i alimentar la sensació que som un societat narcotitzada a la qual li encaixen les","seva bella guia, Kate, per realitzar un creuer pel riu. Tot transcorre amb normalitat fins que, de sobte, el vaixell és sacsejat per un cocodril gegant i s'encalla en un illot. Quan cau la nit, el grup de turistes es converteix en una presa fàcil per a"
"plural i amb la Catalunya plural"", però sense rendir-se a ""cap tipus dedesafiament o xantatge"". Aznar també va sacsejar els partits d'esquerra, espectre al seu parer dividit en tres potes: ""els que han decidit enfonsar el seu propi vaixell","salsa de tomàquet i una culleradeta de sucre. Es barreja tot molt bé i es deixa coent a foc molt lent durant 10 minuts més, sacsejant de tant en tant la cassola. CAÇÓ AMB PATATES Ingredients per a 4 persones: - 500 gr. de caçó ("" cazón "", també anomenat"
"embranzida del primer lustre postsotrac -un lífting, també- va quedar frenada després. La mateixa crisi que va sacsejar el comerç va congelar la regeneració urbanística prevista en la segona fase dels plans d'intervenció traçats després","amb dues cullerades d'oli; reserveu-los apart. A continuació, s'afegeix a la cassola el bacallà (amb la pell) i es va sacsejant contínuament el recipient durant 10 minuts, perquè la pell deixi anar la gelatina. Tot seguit hi tireu dins la cassola"
"una font republicana. ""DE BONA FE"" / La qüestió és que les noves evidències de la instrucció judicial del cas ITV van sacsejar la jornada. Les converses d'Oriol Pujol amb l'empresari Sergi Alsina en què li garanteix gestions perquè pugui",". Poseu una mica de sal a les rodanxes de lluç i afegiu-les a la cassola, deixant-les coure entre 5 i 8 minuts, però sacsejant la cassola a intervals de 1 minut. Salpebreu els filets de llenguado amb sal, pebre i pebre dolç. En una paella amb una"
"donen suport. Hervé Falciani: ""La por ha de canviar de bàndol: acabem amb la impunitat dels rics"" Fa gairebé cinc anys va sacsejar les finances mundials quan va copiar 130.00 fitxers de la seu del banc HSBC a Ginebra, on treballava en el departament",", en el vostre esmorzar combineu i oferiu vàries d'aquestes coses: LÀCTICS La 1. Llet La 2. Iogurt natural (queda molt bo sacsejat , i barrejat amb cereals) La C 3. Pa amb mel i mató HIDRATS DE CARBONI C 4. Cereals (els de xocolata són els que més triomfen)"
"contra Cardenal. I al federació catalana només en va ser un instrument. Això és el més trist"". ""Ahir el Madrid es va sacsejar la mandra i el premi va ser un golàs de Marcelo, impressionant, celebrat amb una significativa pinya amb Ancelotti. I",planta para testejar. Obri la tapa del recipient i introduir el material de mostra dins. Tancar el recipient amb força. Sacsejar el recipient 30 segons (60 segons si el material de la mostra es una part dura de la planta) fins que que el color de la
". Carlos Kameni ha passat desapercebut, sense haver d'exhibir-se en cap aproximació local. Luis Enrique ha intentat sacsejar l'equip amb l'entrada de Rakitic per Rafinha, sacrificat en les tasques defensives però poc participatiu en atac. Els","artificials, sinó en un ús intel·ligent de l'escalfor. Reno, Nevada. Un seguit misteriós de terratrèmols sacseja la ciutat durant mesos i mesos. I a mesura que passen les setmanes, els sismes apareixen amb cada cop més freqüència."
"d'Atenes, davant de diverses pantalles, el dia 28. Les eleccions celebrades a Grècia diumenge passat tenen força per sacsejar tot l'escenari europeu. No només perquè l'arribada al poder de Syriza pugui suposar la revisió de la política","amb Gaza. Però els generals volen més la guerra, i renyen com uns nens amb una joguina: 'És teu, és meu!' [Mira sacseja les seves ulleres de sol, de muntura violeta, parodiant una baralla de germans] . Cal sentit comú... L'ONU ha activat"
", des d'on arriben vents de canvi que pretenen remoure la filosofia política -i especialment l'econòmica- a Grècia; sacsejar la Unió Europea i la troica amb una imminent negociació sobre el seu deute i de passada servir de mirall a altres estats","el pebrot i els tomàquets en una cassola amb l'oli. Afegiu-hi els cigrons, els espinacs i brou de la cocció dels cigrons. Sacsegeu la cassola i quan arrenqui el bull, afegiu-hi el bacallà i deixeu que s'acabi de coure tot junt. ... En una cassola amb oli"
"aconseguit en poc temps modificar l'agenda política de la principal potència econòmica d'Àfrica, que ha aconseguit sacsejar una regió sencera. El Txad, el Camerun i el Níger s'han aliat per combatre aquests talibans negres que s'han atrevit a"," perquè els ciutadans puguin fer els seus donatius . Un terratrèmol de magnitud 7,3 graus en l'escala de Richter va sacsejar dimarts Haití, el país més pobre d'Amèrica. L'epicentre es va ubicar a 10 kilòmetres a l'oest de Carrefour, a prop de la"
"que és habitual la seva idea d'una cançó popular que no passi per alt les amargors de la vida sinó que hi aprofundeixi per sacsejar consciències. Diumenge, al seu pas per Barnasants, a l'auditori Barradas, va aparèixer armat amb el fosc i",", entre el Puig de Montfalgars (1.680 m.) a l'est i a l'oest el cim del Costabona (2.464 m.). Al segle XV el municipi es veié sacsejat per un terratrèmol, a resultes del qual s'hagué de refer part de l'església de Santa Cecília. L'església està dedicada"
"compacte, ""ara la voluntat és proclamar la música i la cultura com a eines i armes de participació social"" que convidin a sacsejar consciències. Clownia és més que una programació concentrada en dos dies de grups, actors i pallassos. ""És un espai de","d'un reguerot mentre xiulava la bomba que esclataria al mig de la carretera. El fred era intens i el vent de tramuntana ho sacsejava tot, asclant troncs d'arbres i arrencant marquesines... "" Carrer del carbó "", Marilar Aleixandre A punt de fer setze"
", 1967) ha publicat una cinquantena de llibres i ara presenta una reivindicació de l'ètica amb clara voluntat de sacsejar consciències. A l'inici del llibre cita el Nobel Aung San Suu Ky, el qual manifesta que l'autèntica revolució és la de l'","vidre, com els de les fotos) i els poso al foc. Els deixo bullir fins que acabo de fer la confitura. Els retiro del foc, i els sacsejo per treure'n l'aigua. No els deixo assecar! Llavors aboco la confitura ben calenta, just acabada de fer, fins el coll"
"cedit el domini als blaugranes -tot i que també ha tingut les seves opcions com una bola al pal de Mia Ordeig- a l'espera de sacsejar el partit amb l'entrada dels joves David Torres i Ferran Font, que s'ha encarregat d'obrir la llauna amb la desena falta","de 2009 La tempesta imminent es percep en l'aire. Els trons ressonen cada cop més a prop. S'ha aixecat un fort vent que sacseja amb fúria les branques dels arbres. La seva remor, damunt la teulada, és salvatge i sonora. Han callat els ocells. Les"
"fundació que recollia fons per a una causa solidària. L'entitat va fer la seva pròpia versió de l'anunci i va aconseguir sacsejar les consciències dels passatgers, que passaven de la diversió a la compassió en una fracció de segon. El vídeo ha tingut","(la nit anterior va beure molta aigua i es va estressar molt). En M és el que més bona pinta fa, dorm com un tronc fins que el sacsejo suaument en una cama. Ara de dia la cosa canvia, es veuen els ràpids, les pedres, la vida ... passem ràpidament la zona de"
"), ja ha estat comparat per molts amb el famós llargmetratge d'Al Gore ""La veritat incòmoda"", pel poder de tots dos per sacsejar consciències i denunciar greus problemes mediambientals. El principal organisme de protecció ambiental xinès va",", es presenta un paio d'uns 50 anys amb unes pintes 'xunguíssimes' i una barba de cinc metres (com a mínim!). S'acosta sacsejant un pot de menjar de gat, ens agafa el gat i sense dir res, marxa. SENSE DIR RES! EL MAL PARIT! Des d'aquell dia, el Marc no"
"del Banc d'Espanya contracten a Gómez-Acebo & Pombo"". També destaca en portada: ""Crimea: un any de l'annexió que va sacsejar el mapa energètic europeu"", ""Alierta vaticina una pujada del PIB del 3%"" i ""Bankia posar els 800_milions de fiança per","estic tranquil, perquè ningú no me les podrà prendre. Però cap al tard es va aixecar un vent molt fort que bufava i bufava i sacsejava el petit avet. El pobre pregava en va per lliurar-se del vent, però aquest el va sacsejar tantes vegades que a la fi no li va"
". L'equip blaugrana ha començat l'últim període amb un desavantatge d'onze punts (71-60). Xavi Pascual ha intentat sacsejar el partit competint sense Ante Tomic ni Tibor Pleiss, però el conjunt valencià ha sabut mantenir la renda gràcies a un","culte a Plutó Les construccions grecoromanes han resistit el pas del temps, dels homes i dels terratrèmols que sovint sacsegen aquests paratges Fris del temple d'Adrià, en el que es plasma la fundació d'Efes (l'original és al museo d'Efes)"
"de Malaysia Airlines va caure abatut per un míssil a l'est d'Ucraïna amb 298 persones a bord, ahir una nova tragèdia va sacsejar el món de l'aviació comercial i va deixar centenars de famílies en dol. Un Airbus A320 de la companyia low cost","del silo son amb rampes (flaps) adossades que es mouen amunt i avall gràcies a l'acció de cilindres neumàtics els quals sacsegen les botelles de forma rítmica i controlada mitjançant un PLC. D'aquesta manera, es poden evitar les voltes, fent que"
"el càncer, però després qui et torna la teva vida?"" Va dedicar tota la vida a l'escultura fins que l'any 2007 un càncer va sacsejar tots els seus plans. Es va aferrar a la bicicleta per enfrontar-se a la malatia, per fer més suportable el tractament i","teu Pad Thai, fent girar els fideus a la forquilla com si d'espagueti es tractés. El teu amic mira amb condescendència, sacsejant el cap, i aixeca la mà per demanar-li al [...] Descripció:La paraula tamarinde prové de l'àrab (tamar hindi – dàtil de l'"
"perill la meta d'un Casillas que, excepte en una ocasió, responia amb encert. Veient el perill visitant, Del Bosque va sacsejar la banqueta. Pedro i Cazorla entraven es escena per desig del tècnic espanyol mentre que Bernat substituïa un Jordi",", més intel·lectual que sentimental. El dramaturg se sobreposa al teòleg per a donar-nos la tràgica estampa d'un home sacsejat per dispars resolucions, en el més profund, dramàtic i perfecte desenvolupament psicològic d'un ànima turmentada."
"d'un pilot, està castigada socialment i laboralment amb l'exclusió. Fa uns anys, els termes depressió i suïcidi ja van sacsejar el país teutó amb la mort del porter de la selecció alemanya Robert Enke. El 10 de novembre del 2009, aquest home jove, un","se'l posi al seu gust a taula. Nosaltres el varem afegir a la cassola quan l'arròs era ja quasi cuit, varem remenar-lo be sacsejant la cassola (no amb la cullera), també vàrem aprofitar per afegir-hi els ous del verat que es couen molt ràpidament. Quan"
va discórrer amb alternances climatològiques: estones de pluja al migdia sense suspensions i sol a la tarda. També va sacsejar el torneig la derrota del prometedor australià de 19 anys Nick Kyrgios en el duel de la mateixa generació contra el suec,"...] 24 de May. de 2013 16 de May. de 2013 Cap a les dotze de la nit torno a despertar-me. Ja no sé quantes vegades van. El vent sacseja la tenda, a vegades amb cops violents que sento venir de lluny, a través d'un brogit greu i violent, que arrossega l'aire"
"naixement a la 'revolució pingüina', el germen del que serien, cinc anys després, les protestes estudiantils que van sacsejar el president conservador Sebastián Piñera. Ara, a prop de Bachelet temen que a la mandatària li passi el mateix que al","bebè a llençar-lo a l'aire, un acte que podria ocasionar una lesió irreversible al nadó coneguda com a Síndrome del Bebè Sacsejat . - Els ossos del tòrax són igualment flexibles, de forma que davant d'una pressió excessiva no es trenquen sinó que es"
"de les fronteres un impuls. 'Hem posat rostre a la història d'Alpha Pam, que és la de molts altres' La mort d'Alpha Pam va sacsejar la societat, i el cas continua encara per la via judicial. Havia arribat a Mallorca feia vuit anys provinent del Senegal","opinió dels ciutadans. En 10 anys ens hem afartat d'anar a manifestacions, aquella va ser com obrir una ampolla del cava sacsejat , l'escuma ha desbordat i ja hem perdut el compte de les manifestacions viscudes i els temes pels que sortíem. Lluitàvem"
"de Hong Kong contrasta amb l'immobilisme amb què Pequín va reaccionar a les protestes a favor de la democràcia que van sacsejar l'excolònia el setembre de l'any passat. La limitació en el nombre d'entrades, que entra en vigor, a més, de manera",protecció dels cultius. Tot el que es necessita per a realitzar el test es troba dins del Kit. El mètode de preparació es sacsejar durant 20-30 segons el recipient amb les boletes juntament amb la mostra de la planta. Tot seguit es realitza el test amb
aconseguir les seves restes en la qual des de fa un any s'imposa Podem. Però les eleccions andaluses han tornat a sacsejar el tauler amb el fenomen Ciutadans. La traducció al castellà de la marca catalana d'Albert Rivera s'ha fet major d'edat,", creant atmosferes omníriques i omplint l'espai de commoció sense que això impliqui la possibilitat de deixar de sacsejar el cap. La zona ha enregistrat fins a cinc incendis en el que va d'any. Els nacionalistes alerten que les noves"
"8,4% de la despesa militar en aquesta zona, amb Ucraïna al capdavant. La CUP demana ""no deixar perdre l'oportunitat de sacsejar "" els ajuntaments El diputat de la CUP David Fernàndez s'ha mostrat convençut que la formació de l'esquerra","dificils de fer, la última capa la de segellar es fàcil, doncs el contingut estarà fred i aniràs veien com qualla, els sacseges una mica per a que no quedi aire a l'interior i ja està, queden molt be. Nombroses instal·lacions hidràuliques pateixen"
"a Edimburg. Els nacionalistes escocesos es disposen a fer un canvi històric en la política a Escòcia i, de passada, sacsejar la de tot el Regne Unit. Si les enquestes no s'han equivocat, l'SNP aconseguirà la gran majoria dels 59 escons que","En una cassola poseu tots els ingredients en fred. Tapeu-la i poseu-la a coure molt a poc a poc uns tres quarts d'hora, tot sacsejant la cassola de tant en quan perquè no s'enganxi. Poseu-ho a punt de sal. ... Poseu en una paella una part de la mantega,"
"de la situació actual, com també tots i cada un de nosaltres de forma individual. Els seus arguments no només van sacsejar les consciències dels que érem presents, amb exemples del que impliquen algunes de les nostres decisions i el que molt","m'hagi abandonat de sobte (Johannes Brahms deia que sense l'artesania, la inspiració és únicament una canya sacsejada pel vent). El vertader motiu d'aquesta dificultat cal buscar-lo en un fet personal, totalment trencador i penetrant."
"no saps com anirà. No hi ha un moment en que tot estigui bé, sempre hi ha una mica de tot. També hi ha noticies tristes, que sacsegen aquest petit mon personal, la mort de la periodista Tatiana Sisquella que sovint m'acompanyava els dissabtes i","temps, diabòlica, car, en girar esquena contra esquena, s'agafen els uns als altres dels braços i s'aixequen de terra i sacsegen els caps de l'un costat a l'altre com bufons, i giren com si estiguessin bojos"" [139] . I llavors, com assenyalava En"
"s'hi amaga en Suca. I darrera en Suca s'hi amaga en Carles Sucarrats. Aquest músic, compositor i provocador es proposa sacsejar emocionalment el públic de l'Ateneu Bar amb una sessió de música que ell mateix descriu ... Exposició de més de 2.500",", en especial perquè tots creiem conèixer la història, però no és veritat. Ha estat tan desvirtuada, modificada i sacsejada per mans i ments alienes, que només podrem copsar el seu valor (com sempre, dit sigui de pas), anant a la font primigènia."
"aquesta raó) Conseller Nacional La Garriga commemora, un any més, laniversari del bombardeig que el gener de 1939 va sacsejar la vida al municipi. Els actes programats inclouen, en primer lloc, la inauguració de lexposicióCatalunya","en la comida veo que me mira rato y rato y al final me dise àvia, me sembla que això no te fa res, eh? La senyora segueix rient sacsejant els malucs molsuts i dient estoy vieja, soy vieja, i una de més jove li diu tú nunca serás vieja, con ese carácter que"
"d'enfrontar-se al món, una manera de descobrir i d'adquirir coneixements... I hi ha llibres que tenen ànima... que ens sacsegen o bé pel que expliquen o per com ho expliquen o simplement ens atrapen per la història del seu autor o la vida del propi","s'ha de valorar si el nen té febre posant-li la mà al front. Cal fer servir el termòmetre, i, si és de mercuri, és important sacsejar-lo bé fins que el mercuri baixi. S'ha d'estar al costat del nen mentre el té posat (de 3 a 5 minuts), ja que com que és de vidre es"
"les entitats i associacions de la ciutat, com a resposta a la imatge que s'havia projectat d'Olot davant de fets que van sacsejar la nostra vida col·lectiva. El Manifest va ser llegit a les dotze del migdia del 30 de desembre de 2010, a la plaça major d'","essent un nen com tots els altres nens que viuen fora de les filferrades, més enllà d'on s'estenen les cases de drap sacsejades pel vent"" Fem dissabte? Manual de prevenció de residus a la llar Sinopsi Guia per produir menys deixalles a la llar,"
"una nova legislatura amb David Cameron al capdavant, les eleccions als districtes locals del passat 2 de maig acaben de sacsejar per complet el tauler electoral de l'illa. La Genrealitat de Catalunya - Departament d'Interior, Relacions","d'un ordinador, d'un llapis o d'un full de paper... però els ulls em pesen, un badall s'escola per la gola i... Em va sacsejar un cop de vent amb la remor d'una música d'acordió de suro que em mormolava el nom de Laura a cau d'orella. Amb un sobresalt"
"vam ser testimonis d'un impressionant desplegament policial suposadament per combatre la multireincidència que va sacsejar la tranquil·litat del nostre barri. Durant prop de tres hores, 70 agents dels Cos de Mossos d'Esquadra, de la Policia","més de dues llengües. I això no és res més que incultura i ignorància. Travessem l'estret de Gibraltar i l'aeronau és sacsejada per fortes turbulències que duren poc, però. La imatge que tenim davant els ulls és espectacular. El sol ja força baix,"
"petites. Val a dir que ens els fenòmens reals tot plegat és una abstracció perquè els estímuls externs van canviant, tot sacsejant els sistemes. Ni la temperatura del subsòl s'estabilitza ni la concentració d'humitat a l'atmosfera arriba a un estat","l'il·lumina. Construïda als peus del volcà Misti – Arequipa , en aimara significa ""darrera del pic""- és, com tot Perú, sacsejada periòdicament per terratrèmols de diversa intensitat. Segons ens expliquen, la ciutat suporta diàriament 10"
"tot abans de l'obra de Pablo Picasso, va produir una enorme commoció internacional amb un ressò que encara ara continúa sacsejant les nostres consciències. Com a resultat de la investigació realitzada per a la pel·lícula documental que acompanya","no tenia res més, i no sabia ben bé què acostumaven a menjar aquestes coses. Per això, aquest matí quan m'he llevat he sacsejat la guardiola amb forma de porquet i l'he obert mirant de no fer gaire soroll. L'he posat entre el coixí i el matalàs i l'he"
"assenyalar un compositor de l'Estat que hagi encarnat els ideals de trencament, de modernitat i d'avantguarda que van sacsejar la realitat musical d'Occident al llarg del segle XX, el millor candidat seria probablement Josep Maria Mestres","que des de fa cinc mesos estan viatjant per Sud-amèrica i que la matinada de dijous passat van viure el terratrèmol que va sacsejar el Perú. Precisament els va sorprendre a un cyber-cafè al ple centre de Lima, quan es disposaven a actualitzar el seu"