"per ""evitar possibles fraus"". Ara, el departament de Territori i Sostenibilitat hi introdueix ""millores"" per tal d'"" agilitzar i facilitar la tramitació del descompte"" Els hostalers volen més implicació del sector del comerç a Girona 10 GIRONA |","; ""El Govern preveu créixer el 3% fins al 2018 i que l'atur baixi del 20% el 2016""; ""Salvador Victoria va trucar a Indra per agilitzar pagaments a Púnica"". ""Podem esclata. El cofundador i ideòleg del partit populista, Juan Carlos Monedero, dimiteix de"
. La digitalització de les proves evita la impressió de 19.000 mamografies L'ICS i Althaia es coordinen per estalviar i agilitzar la transmissió d'informació REDACCIÓMANRESA Les mamografies que es fan en el marc del Programa de Detecció Precoç del,"un moment extremadament difícil des del punt de vista pressupostari, havíem de buscar mesures"". I, sobre si hi es podrà agilitzar el tram final del segon rescat a Grècia, el ministre afirma que ""hem perdut molt temps, però jo espero que en aquests dies"
l'increment de peticions de joves que es volen incorporar a l'agricultura. L'any 2011 es van simplificar i agilitzar els criteris per facilitar la seva incorporació i el resultat és que hi ha hagut un increment d'unes 100 sol·licituds,"algunes de les formacions que subscriuen el manifest, es propicie ""la màxima col·laboració amb la justícia"" per a "" agilitzar l'aportació de tota la documentació requerida"". En la mateixa línia, s'ha acordat que si és així ""l'Advocacia de la"
". Aquests li van demanar que els lliurés la cartilla del compte que havia obert juntament amb el número secret per agilitzar els tràmits amb la Seguretat Social i així poder començar en pocs dies a treballar. L'home, que portava més cinc anys a l'","per Capel són impartir cursos d'idiomes adaptats a les necessitats laborals de les empreses turístiques de la ciutat, agilitzar els tràmits per obrir noves empreses o revisar els requisits per atorgar subvencions a les entitats juvenils, entre d'"
"i amics qui en surt beneficiat, a qui li pot interessar passar pel nou pont. Era necessari? Segur que la intenció és agilitzar el trànsit, puix no vull malpensar que es tracti d'un cas de corrupció o d'especulació urbanística. L'obra es decidí","dilluns, quan tingui lloc la reunió amb els sindicats. Avís d'alerta a les entitats Cocarmi vol fixar un calendari per agilitzar el retorn del deute Els impagaments i endarreriments en els pagaments de la Generalitat a les farmàcies catalanes han"
". Aquesta nova aplicació serà accessible a través de la pàgina web de l'Ajuntament. La nova eina informàtica pretén agilitzar els tràmits urbanístics. Així, el regidor d'Urbanisme, Ramon Bacardit, ha explicat que, fins ara, les persones","electorals de Badalona i en 20 ciutats espanyoles més. El MAE no és un sistema de vot electrònic, sinó un sistema per agilitzar la gestió del procés electoral. Amb aquesta eina s'aconsegueix immediatesa en la remissió de les dades de"
del Palau de Justícia. Es tracta d'un nou model d'organització laboral que té com a objectiu modernitzar i agilitzar l'administració de Justícia. En aquesta segona fase adaptaran l'espai dels Jutjats de Girona a les noves necessitats,"l'actuació ha continuat amb la tercera ronda de castells. Si bé aquest tercer torn havia de tornar a ser conjunt per agilitzar l'actuació, finalment les colles han completat els seus castells per separat. Els Castellers de Vilafranca han"
"com incrementar la vigilància dels Mossos d'Esquadra a les zones rurals, més coordinació entre cossos policials i agilitzar les denúncies. Càritas estrena a Gelida nou pisos de mitjana estada per a urgències socials Gelida (ACN).- Gelida (Alt","i el privat, o les baixades de salaris. A França es comencen a aplicar mesures similars. L'únic que potser no es fa és agilitzar el mercat laboral. I és una llàstima, perquè em sembla una clau del gir que ha fet l'economia espanyola i catalana. Quins"
"del sòl havia passat de la Fundació a Olivia Hotels. Garcia Bragado i altres membres del consistori van ser els que van agilitzar la tramitació, els va donar un tracte de favor com si el projecte encara fos de la Fundació. Millet i Montull van","remunerada. A causa del lent avanç del projecte, el 2001 es va crear un wiki vinculat a Nupedia que tenia com a finalitat agilitzar la creació d'articles de forma paral·lela, abans que aquests passessin al sistema de revisió per experts. Tots dos"
"al recinte firal en lloc de fer-ho a la plaça de la Vila i mantenir la colla convidada que per enguany se suprimeix per agilitzar la jornada. Finalment, per manca de temps, es va decidir convocar una assemblea extraordinària per aprovar els nous","han tingut només dues voltes. És l'objectiu marcat tant pel caixer senyor com la junta de caixers, amb la voluntat d' agilitzar la festa. A les dues manco quart ja s'havia acabat el caragol. Mentre, grans i petits han pogut viure amb intensitat un"
la comarca i a gairebé 90.000 usuaris. La nova maquinària ha de permetre estalviar temps en la localització d'avaries i agilitzar la resolució i el temps d'interrupció del subministrament elèctric en cas d'avaria. L'actuació ha comportat una,"un nou model de jornada castellera, una diada que pensi en l'espectador. Avui Tarragona ha demostrat que és possible agilitzar , i molt, el ritme d'una actuació castellera. Haurem de veure si el model és sostenible quan les colles provin les seves"
del sòl havia passat de la Fundació a Olivia Hotels. Garcia Bragado i altres membres del consistori van ser els que van agilitzar la tramitació i se'ls acusa de donar-los un tracte de favor com si el projecte encara fos de la Fundació. Millet i Montull,"(AMI), Josep Maria Vila d'Abadal, va reafirmar el seu compromís amb el procés sobiranista i va avançar que pretén agilitzar les dinàmiques de l'administració municipal i que es replantejarà les dedicacions dels regidors. I va fer una crida a"
"de Barcelona, el Consell Comarcal i la Mancomunitat del Cardener que haurà de marcar el full de ruta que ha de permetre agilitzar el procés i reprendre el servei ""amb la màxima celeritat possible"". El grup establirà uns indicadors de l'activitat","el mateix. La rigidesa de l'estructura burocràtica obliga en ocasions a cometre irregularitats administratives per agilitzar una gestió urgent en un hospital, per exemple, però això no és corrupció"". La diputada Alba Vergés, d'ERC, va advocar"
"de saturació del Jutjat al qual es recorri. Els experts consultats ja van advertir a Europa Press que la Policia intenta agilitzar al màxim els tràmits d'expulsió. ""La clau en aquests casos és ser més ràpid que la policia"", explicava un d'aquests","d'Espanya al Kazakhstan (país veí al Kirguizistan) i d'una altra, amb la companyia asseguradora amb l'objectiu d' agilitzar la repatriació, perquè la documentació està en rus i s'ha de traduir. S'han efectuat correctament tots els tràmits i"
"d'habitants que té Espanya-, molts d'ells cap a Europa, cosa que suposa una important font de riquesa i ocupació. Agilitzar l'aparcament per a persones amb discapacitat Barcelona. (Redacció).- Barcelona fica en marxa un nou protocol pe","han cancel·lat els seus vols des d'Europa amb destí a Tunísia arran de l'atac i igualment han organitzat avions per agilitzar el retorn dels turistes. La societat civil va començar a mobilitzar-se, a través de les xarxes socials, després de la"
"coses que mai han dit. En aquest sentit, apunta que tant ell com els seus companys feien ús del telèfon privat ""per agilitzar la feina"" i lamenta que l'Ajuntament hagi donat credibilitat al que és clarament un muntatge orquestrat contra la seva","o canviïn d'illa rebran una compensació de 30.000 euros. L'acord manté les ajudes per fills i recull un compromís per agilitzar el retorn del personal mobilitzat, segons fonts sindicals. En aquest punt, els sindicats han reiterat la necessitat"
"ha explicat que s'han introduït una sèrie de modificacions en la gestió administrativa de la institució per tal d' agilitzar el procés de signatura del responsable que autoritza el pagament, la qual cosa farà possible una reducció dels dies",", i Rajoy ha contestat que ""no"". En tot cas, ha avançat que té intenció que el Congrés també treballi el mes d'agost per agilitzar el procés de tramitació dels pressupostos perquè vol deixar-los enllestits abans d'acabar el mandat. Diu que"
"a través d'un enginyós sistema ideat per l'artista Albert Gusi. Conveni d'Endesa i l'Ajuntament de Barcelona per agilitzar el pagament d'ajuts per pobresa energètica La tinenta d'alcalde de Qualitat de Vida, Igualtat i Esports, Maite Fandos",minuts al país per explicar la situació. El govern i les FARC van anunciar un pla per reduir la intensitat del conflicte i agilitzar la consecució d'acords a l'Havana amb la finalitat de crear les condicions per arribar més endavant a un alto el foc
"s'inclourà la titularitat, la tipologia de l'edifici, i es determinarà què es pot fer i què no. Aquest pas permetrà agilitzar els permisos de llicències d'obres al nucli antic que podrà autoritzar directament l'Ajuntament i no hauran de passar","la persona interessada per fer una petita entrevista. La nova APP és una nova eina de comunicació pràctica que permetrà agilitzar l'oferta i la demanda de voluntariat. Per ara, sense haver iniciat la difusió ja hi ha hagut 16 persones que han"
"fictícies, mantenir el preu per sota d'aquesta quantitat. Sant Vicenç dels Horts llença una aplicació mòbil per agilitzar els tràmits dels veïns amb l'Ajuntament Sant Vicenç dels Horts (ACN).- L'Ajuntament de Sant Vicenç dels Horts (Baix","accés. L'edifici de nova construcció tindrà 840m2 destinats al CDIAP que permetran reduir la pressió assistencial, agilitzar les llistes d'espera dels infants, millorar la qualitat de l'atenció dels infants més vulnerables i de les seves"
"i debatre, ""amb calma"", el seu document de propostes. També han instat a la delegació del Govern a les Terres de l'Ebre a "" agilitzar "" les reunions amb les administracions locals i entitats del territori per acordar una posició de reivindicació","d'esquerres: 'No guanyaran"". ""Carmena no diu la veritat. Nega que com a jutge degana tingués competències per agilitzar l'execució de desnonaments, però la llei vigent el 1994 les hi atorgava amb claredat. Qualifica de 'batalla política'"
. La policia belga segueix buscant l'autor de l'assassinat múltiple i ha demanat la col·laboració ciutadana. Per agilitzar la cerca ha distribuït tres vídeos del moment de l'agressió. L'atacant es va cobrir el rostre amb una gorra i unes,"del familiar desaparegut i, si és possible, alguna fotografia o qualsevol altre tipus d'informació que pugui agilitzar la identificació. És preferible que la mostra d'ADN sigui dels fills del desaparegut, ja que la fiabilitat a nivell"
"de les Garrigues i el Pla d'Urgell com Arbeca, Puiggròs, Miralcamp, Golmés i Mollerussa. Roqué també ha instat a agilitzar els peritatges de les finques que han patit danys, sobretot tenint en compte que demà dimarts és festiu, Sant Joan, i com","situació ""s'ha acabat a la Comunitat Valenciana"", ha subratllat Montón. Per esta raó, ha aprovat esta instrucció per a agilitzar l'aplicació de la sanitat universal sense excepció, que després serà regulada per una norma aprovada pel Govern"
"Baldisseri. Entre aquestes, alguns prelats destaquen com podria ser necessari ""l'exigència de simplificar i agilitzar els procediment judicials per concedir la nul·litat del matrimoni"", va explicar Baldisseri. Altres conferències","a aquest diari que en els pròxims dies es reforçarà la plantilla de funcionaris de la comissaria per, essencialment, agilitzar el servei de la tramitació de documents a estrangers. Es cobriran les vacants, i s'intentarà traslladar a Tarragona"
"centre de recepció de queixes per problemes generats per pisos turístics, que implicarà ja certa externalització per agilitzar el control de l'activitat, però va deixar clar que la ""capacitat inspectora es limitarà a l'Administració"".","de repassar les partitures. En aquesta ocasió, Elisenda Roca s'ocuparà de la direcció escènica. El seu objectiu és agilitzar els canvis entre cançó i cançó perquè la durada delxou no sobrepassi l'hora i mitja. ""Les cançons que es fan amb el cor"
"principals línies de recerca de més de 300 experts. Tot i que s'ha fet en paper, també es pot trobar a Internet per tal d' agilitzar la cerca. El rector, Sergi Bonet, ha destacat que és un projecte amb vocació de servei públic i que busca que el","100.000 euros. Però la majoria dels dards llançats durant el debat anaven contra la reforma del codi civil, que pretén agilitzar certs tràmits de l'anquilosat sistema judicial grec i paral·lelament estalviar en despeses. El principal sindicat"
a cada dona pels danys morals i les seqüeles psicològiques patides. CiU demana a Margallo que pressioni Rússia per agilitzar les més de 600 adopcions pendents de nens russos Barcelona (ACN).- El portaveu d'Exteriors de CiU al Congrés dels,"a 18). A Tortosa, els afectats esperen que també s'ampliï l'horari d'atenció i es reforci la plantilla de personal per agilitzar el procés, tot i que ahir encara no s'havia concretat res. A Tortosa, al matí, es van repartir 16 números per a espanyols ("
", Jordi Xuclà, ha demanat aquest dijous al ministre del ram, José Manuel García Margallo, que pressioni Rússia per agilitzar els més de 600 processos d'adopció de nens russos que estan a l'espera que entri en vigor el nou conveni signat entre els","demanda de passatgers, l'aeroport reforçarà ""els serveis destinats als passatgers"" per minimitzar els problemes i agilitzar tots els processos, apunten fonts de la instal·lació que dirigeix Sonia Corrochano. L'operació sortida de l'agost es"
"de la cobla, l'any 2001 Tarasca, formació vinculada als Lluïsos, va enregistrar Balls i danses del món. L'Espanyol vol agilitzar les sortides dels descartats Thievy, Sergio Tejera, Cristian Gómez i Germán Parreño La porta de sortida és oberta de","dels que havien descarregat fins avui, el dos de vuit amb folre. La primera ronda, que havia de ser conjunta per agilitzar la durada de l'actuació ha vist tres castells correlatius però no simultanis. Ha estat en el segon torn quan han plantat"
"de la presidenta del Brasil, Dilma Rousseff, a través de Twitter. Instal·len un cabrestant en una platja de Lloret per agilitzar els auxilis de persones al mar El nou dispositiu de seguretat ha estat batejat com Punt Taronja i s'ha instal·lat en un","d'on anteriorment hi havia la part fonda de la piscina, i on hi ha una porta d'accés directe a la piscina i que va permetre agilitzar la recollida pi. L'exvicepresident del Tribunal Constitucional (TC) Ramón Rodríguez Arribas ha afirmat que els"
"(Selva) s'ha convertit en la primera ciutat catalana que instal·la a la sorra d'una de les seves platges una màquina per agilitzar l'auxili de persones que s'ofeguen al mar. Es tracta d'una espècie de cabrestant, un torn sobre el qual s'enrotlla una",", ha disminuït la pressió a la zona. Hi continua havent casos, però n'hi ha menys i el protocol de denúncia s'ha tornat a agilitzar l'últim mes, explica el portaveu de la plataforma La Barceloneta diu Prou, Sergio Arnás. En una recent reunió amb la"
"declarat Bé Cultural d'Interès Nacional. Ara, l'Ajuntament i la Generalitat han arribat a un acord que permetrà agilitzar els tràmits per facilitar la feina a aquells veïns que decideixin rehabilitar el seu tram. Es dóna el cas que la muralla","per no utilitzar-lo. Sobre els 12 detinguts, ha destacat la col·laboració del Col·legi d'Advocats de Tarragona per agilitzar les declaracions i que sortissin en llibertat aviat, un fet, ha dit, que sol ser habitual per a delictes contra la"
"de dos països diferents. Encara queden, però, alguns ""problemes per solucionar"" com per exemple crear un protocol per agilitzar la repatriació de difunts a França, establir pautes perquè la policia francesa pugui interrogar o agafar mostres a","poden fer aflorar ingressos extres entre 5.000 i 11.000_milions d'euros anuals. Per això cal augmentar la plantilla i agilitzar el cobrament dels deutes pendents, que ronden els 26.000_milions d'euros. Tant per UGT com per CCOO, la reforma fiscal"
"al Parc Químic de Tarragona amb una potència extractora de 1.000 metres cúbics d'aigua per hora, cosa que encara podria agilitzar més els treballs al túnel. El buidatge de l'aigua s'està atacant des de les entrades d'emergència 9 i 11 del TAV. La","servei és ""aprofundir en la col·laboració entre el sector públic i privat"". De fet, Ferrer, ha assenyalat que es poden agilitzar les prestacions actuals i incorporar ""nous serveis"", així com evitar desplaçaments a l'hospital. El cònsol menor d'"
"a les fosques i s'ha de cobrir una gran distància entre el punt d'extracció i la zona on ha quedat estancada l'aigua. Per agilitzar les tasques, s'està estudiant incorporar una setena bomba extractora amb una potència de 1.000 metres cúbics per hora","començar de nou"". ¿Espanya és aquest lloc? No en té cap dubte perquè ell ha aconseguit certa estabilitat. ""Però s'han d' agilitzar les coses, facilitar la vida a qui ho ha passat tan malament"". Mas nega el 3% i adverteix que altres partits van cobrar de"
", el pagament del servei es trauria de les quantitats que estan destinades a aquesta autonomia en el FLA. Tot el que sigui agilitzar el pagament als municipis, que afronten molts dels problemes que la crisi ha sembrat i que permeten mantenir en",i el Principat ha demostrat que està preparat per repetir el repte. Negociació per millorar la duana espanyola i agilitzar la circulació Un dels punts més importants en la trobada d'ahir a Madrid dels ministres d'Interior d'Andorra i Espanya
", Panamà o Santo Domingo, i actualment hi ha una xarxa de fiscals amb un mecanisme de comunicació assegurança per a agilitzar les peticions de col·laboració en esta matèria. La Llei de Mecenatge valenciana beneficiarà 14.000 persones i tindrà","Díaz, és l'avenç en les negociacions per millorar les instal·lacions de la frontera del riu Runer amb l'objectiu d' agilitzar el trànsit i evitar cues. Espot va destacar ahir la ""bona predisposició"" per part espanyola fins al punt que el Govern"
". Malgrat que la peça sigui llarga, no molesta ni una sola partitura. El que sí que carrega és una trama que hauria d' agilitzar l'embolic pel bé del ritme. Perquè avui ja no cal indicar tant a l'espectador quin és el motiu de l'enrenou, i la","de 120.000 refugiats entre els Estats membres, així com una llista de ""països segurs"", una mesura dirigida a agilitzar la tramitació --i en part el rebuig-- de les demandes d'asil de persones procedents d'aquests estats, que inclourà els"
"a demanar a la Generalitat que portés més urnes (n'hi havia quatre i en van col·locar tres més) i reforços humans per agilitzar les votacions -per cert, els voluntaris tenien prohibit parlar amb la premsa-. Molts portaven la papereta de casa i","èmfasi en el fet que Espa-nya ha ofert la seva ""màxima col·laboració"" i la seva ""experiència"" a la Comissió ""per ajudar a agilitzar aquest procés"". En aquest sentit, va recordar que ella mateixa està parlant aquesta setmana amb diferents ONG per"
"injustificat dels càrrecs públics. D'acord també a dotar la justícia i l'Agència Tributària de més recursos per agilitzar les investigacions i els processos. Aquí Rajoy sí que es va estirar una mica i va prometre fins i tot la fixació d'""un","i simplificada"" i quan sigui possible se'ls proposarà un destí ""definitiu"". Abans, rebran classes de francès per agilitzar la integració. Aprendre la llengua és el primer que vol fer Ahmed Janabi, un iraquià de 31 anys que va abandonar Bagdad i"
haver-li cobrat comissions per fer de mitjancer amb diferents ministeris del govern de José María Aznar. Vilar volia agilitzar el procés d'obtenció de les llicències necessàries per comercialitzar els productes fitosanitaris de l'empresa,"que aquesta indústria, que ha perdut presència a Catalunya, és un motor per a les economies locals. Proposen des d' agilitzar els tràmits per a la implantació de parcs eòlics fins a facilitar la construcció d'infraestructures de transport per"
"màxim de 36 mesos (3 anys) per instruir causes complexes per delictes relacionats amb la corrupció amb la finalitat d' agilitzar la justícia penal i evitar que hi hagi una ""sensació d'impunitat i sospites prolongades o indefinides en el temps"".",". En la seva opinió, ""aquesta institució necessita una reforma en profunditat"" per tal de ""despolititzar la justícia i agilitzar el seu funcionament"". Centenars de refugiats trenquen la línia policial i entren a Croàcia Desenes de refugiats han"
en les comunicacions entre els detinguts o imputats i els seus advocats. Una altra de les novetats que busquen agilitzar la Justícia és que les denúncies sobre furts i faltes que no tenen autor conegut no arribin als jutjats. El tràmit,"a la liquiditat del Banc Central Europeu, al quedar fora de l'euro"". Espanya enviarà missions a Itàlia i Grècia per agilitzar l'acollida de refugiats La vicepresidenta del Govern, Soraya Sáenz de Santamaría, ha anunciat aquest divendres que"
d'atenció a les oficines de la plaça Didó per centralitzar les demandes ciutadanes de gent que no té asseguradores i agilitzar les gestions per reclamar als que si en tenen. Ballart va recordar que el consistori té una assegurança de,"treballar amb funcionaris locals per anar ""definint"" els perfils dels refugiats que es quedaran a Espanya i així poder agilitzar els tràmits. Segons va explicar la vicepresidenta, Soraya Sáenz de Santamaría, en roda de premsa, l'objectiu és """
"i ordenar les cues d'usuaris. A més, disposarien d'una porta d'entrada i una altra de sortida al mateix mòdul per agilitzar el pas dels usuaris. La disposició semicircular de diversos mòduls seria possible gràcies al disseny de l'estructura","coercitives per valor de 5.000 euros. A més, el consistori barceloní també es marca un objectiu més estructural: agilitzar el ritme de construcció de vivendes de protecció oficial per tornar als volums històrics de 1.000 vivendes iniciades a"
", que passarien de nou als cent metres originals de la llei inicial. De l'altra, mirar de trobar fórmules per agilitzar la redacció dels entorns de protecció. I és que López admet que el desplegament del text del 2003 no ha estat efectiu -
, donar un termini de 18 mesos perquè l'equip de govern de Fossas posi en marxa el procés de reestructuració, que busca agilitzar i evitar l'actual multiplicitat de funcions. A partir d'aquí -va subratllar el rector- es dissenyarà el futur mapa de"," per filar més prim en fer complir la llei i que es garanteixin els drets. Així, la fiscalia de menors de Barcelona, per agilitzar el procés i ser més garantista, va atendre 39 peticions de xicots del CIE que deien que eren menors d'edat, dels quals
del servei d'un lletrat com es pot resoldre el seu problema i el cost que pot suposar. D'aquesta manera es pretén "" agilitzar la comunicació entre el client i el professional"". La persona que contacti mitjançant el WhatsApp caldrà que s'"
"cas, aquest tràmit coincideix en el temps amb el fet que el Govern basc d'Iñigo Urkullu proposa a ETA crear un comitè per agilitzar el desarmament quan la banda estava a punt d'emetre un comunicat per posposar-lo indefinidament. Així ho presenta 'El",de Son Sant Joan. Es tracta d'imatges amb una tecnologia que simula una persona real. Amb aquest sistema es pretén agilitzar el procés de seguretat i aportar informació detallada al passatger en diversos idiomes perquè quan arribi al control
", el 13437, i altres 100 euros per tenir els mateixos dos números finals que el tercer premi, el 07637. El PS apostarà per agilitzar tràmits empresarials i una llei d'emprenedors El PS va avançar ahir tres de les propostes que, segons el seu primer","repressiva"". Així mateix, s'ha mostrat partidària que la investigació penal passi a mans del ministeri fiscal per agilitzar els processos. I que es redactin noves lleis que s'adaptin als canvis socials. També ha reivindicat la feina dels"
"Hagel, l'única persona amb autoritat per firmar les transferències de presos. A Hagel li ha faltat coratge polític per agilitzar el tancament d'un penal que continua sent sinònim de menyspreu a la legalitat i tortura. La marxa de Sloan, que ha negat","implicats"", va concloure. En qualsevol cas, els ministres han volgut enviar el senyal que faran tot els possible per agilitzar la negociació i entrada en vigor de les noves normes europees, que inclouen tests en condicions reals de carretera."
"que s'està implantant a distints partits de Catalunya, i que aviat arribarà a Cornellà de Llobregat, funcioni per agilitzar els processos i que no sigui la manca de mitjans el que la faci fracassar."" Navarro també va insistir que cal donar una","saturació és tan gran que és difícil fins i tot demanar-lo. El Govern central, va dir, vol incrementar els recursos per agilitzar el procés de peticions d'asil. En el ple de l'ajuntament, Colau, que dimecres que ve viatjarà a ciutats europees amb"
"comparteix que ""cal implantar l'ús de l'expedient electrònic a totes les jurisdiccions, més enllà de la civil, per agilitzar els processos, estalviar tasques rutinàries als funcionaris i evitar perdre temps als litigants"". López Chocarro, a","ansietat. Fa uns dies, l'intèrpret de 53 anys i la germana de la seva exparella es van reunir a Los Angeles per tractar d' agilitzar el trasllat de les restes de la jove al seu país. A més, se'ls hauria vist entrar a l'apartament en què White va aparèixer"
"es concedeixi més competències als procuradors, com recullen les recomanacions del llibre blanc de la justícia, per agilitzar la tramitació dels processos. Secretaris judicials i funcionaris també posen l'alerta en el perill que representa","ha dedicat a les iniciatives legislatives del PS, després d'anuncia una proposició de llei de l'emprenedoria per "" agilitzar , simplificar i impulsar l'activitat dels emprenedors"". Aquesta proposició se sumaria a les iniciatives"
"per aprovar el pertinent informe sobre la reforma de la llei d'enjudiciament criminal (LECrim), una norma orientada a agilitzar la justícia penal, ""enfortir"" les garanties processals i regular noves mesures d'investigació a través de les","a institucions i entitats socials, s'ha de potenciar la seva formació professional i les classes de llengua i s'ha d' agilitzar l'homologació de titulacions. Aviat hi haurà oportunitat de veure si alguna cosa de tot això succeeix. Gitanes"
"no només passava per la reforma del Codi Penal. També inclou una modificació de la llei d'enjudiciament criminal per agilitzar la intercepció de les comunicacions en aquesta mena de casos, i per regular l'accés als operadors de serveis. L'","ha apuntat que es preveu un termini de dos anys perquè estiga llesta esta llei --tot i que ha indicat que s'espera ""poder agilitzar els treballs i que donar la major celeritat possible""--, que pretén regular ""tots els aspectes relatius a la seguretat"
"simultània dels textos mitjançant la càmera i les converses en un altre idioma amb l'ús del micròfon. L'objectiu és agilitzar les converses en un altre idioma i fer-les més fluides i naturals, segons explica aquest dimecres l'empresa al seu blog","del punt de vista de les infraestructures, el gran projecte és, sens dubte, el Corredor Mediterrani"" i per a finançar i "" agilitzar "" la seua finalització, ha apostat per ""impulsar vies de finançament com el Pla Juncker o el Fons Europeu de"
"en situació de dependència i que estan en espera resolució dels seus expedients"". L'entitat considera que agilitzar estos expedients ""suposa atendre estes persones, algunes en espera des de fa més de tres anys, i recorda que els centres","els líders dels 28 de cara a la cimera sobre refugiats de caps d'estat i de govern d'aquest dijous. La cimera també preveu agilitzar les mesures acordades fins ara i reforçar la cooperació amb països com Turquia, la protecció de les fronteres"
"en Marxa i l'alcalde van estar d'acord en que ""quan es necessitin les instal·lacions per un ús puntual, és important agilitzar el procés d'autorització i que, per tant, no passi pel Ple"". Des d'ERC es va demanar que, a l'hora d'acceptar les","Albiol a reunir-se la setmana que ve al Parlament per trobar ""coincidències que beneficiïn a tots els ciutadans"" i agilitzar ""el diàleg i el consens"". ""La greu situació actual a Catalunya requereix deixar de banda els interessos de partit i"
"el cas, Alejandro Luzón, treballa a Madrid i no l'entenia. Més endavant, Pujol va canviar a la llengua castellana per agilitzar la declaració. Va tornar a explicar que el seu pare, Florenci, va fer una fortuna important durant els anys del",". En la seva recent visita a Brussel·les, Erdogan ja va avançar que només posarà el seu granet de sorra si la UE accepta agilitzar el procés d'adhesió, eximeix de visats els ciutadans turcs que vulguin entrar en territori comunitari i considera el"
"posar ordre en aquest servei que ""és clau per al ciutadà sense recursos"" i ha detallat que han aplicat tres mesures per agilitzar les resolucions. El personal de la comissió s'estava força hores al telèfon per resoldre dubtes i consultes dels","estratègia que ens ha de conduir a rendibilitzar al màxim el viatger internacional. Millorar la connectivitat aèria, agilitzar els processos d'emissió de visats o de devolució de l'IVA són altres dels aspectes derivats en els quals, sens dubte,"
"de Gestió de l'Espai Públic mantindrà un equip actiu tota la nit per recollir les incidències que es puguin donar i agilitzar les actuacions d'emergència. L'ajuntament, a més, trasllada als centres d'ensenyament la recomanació de suspendre",la seva aparició de la irrupció del procés sobiranista i ha assegurat que el seu executiu l'únic que ha fet és agilitzar la Justícia perquè els jutges i fiscals disposin de millors eines per fer la seva feina Afecta el possible acord entre
"ha proposat que les tres administracions tinguin accés a una única base de dades dels ciutadans que tributen, per agilitzar i buscar la màxima eficiència a l'hora de lluitar contra els evasors. Malgrat això, Franco ha dit que la col·laboració","bons"". Buenos Liberto aposta ara per una nova estratègia de venda per internet per facilitar la comoditat del client i agilitzar l'entrega dels articles. Tot i així, la prestigiosa firma segueix amb la seva filosofia i essència de sempre. El '"
"professional i amb contrastada experiència"". TVE argumenta també que les contractacions ""s'han hagut d' agilitzar en convocar-se amb escàs marge de temps les eleccions andaluses"", però UGT critica en una nota que no se n'hagi informat","polivalent o si tenien un pla B per rebre'ls. Ribó ha reprotxat al Govern de l'Estat que ""no s'ha esforçat precisament a agilitzar este tema"" que ""pensàvem que anava a ser ràpid"". Per esta raó, ha assenyalat que ara mateix volen saber ""quan van a arriba"
judicials a canvi d'assessorament per al desenvolupament de noves aplicacions informàtiques que permetin agilitzar la justícia de Madrid. Un dels que han cobrat aquests diners és el mateix Vieira i l'ordre de pagament prové directament,"mantenir una trobada amb el president de la Comissió de Llibertats Civils del Parlament Europeu per mirar d'avançar i agilitzar les negociacions amb els diputats d'Estrasburg. Al pis on va morir el presumpte cervell dels atemptats de París,"
"assegura que la Comunitat de Madrid disposa d'un sistema de gestió processal que es va activar l'any 2010 i que permet agilitzar els tràmits dels expedients judicials. Segons explica, la Comunitat de Madrid va requerir la col·laboració de jutges",", encara que en diferents nivells, es repetiran dues vegades cada any. Els països de la UE també s'han compromès a agilitzar el procés de liberalització de visats de cara a l'octubre del 2016, un any abans del que estava previst. Els seus"
"aquest anunci després de la reunió del consell de defensa nacional a la capital, ""l'actual context geopolític exigeix agilitzar el reforç de les forces armades"", cosa que ""s'ha de fer en els propers anys"" . Aquesta mesura, que estarà en vigor els","alumne desavantatjat dels països candidats, obtindrà una de les seves principals demandes: obrir nous capítols per "" agilitzar "" les negociacions de la seva adhesió, tot i la clara oposició de França i Alemanya, i també de Grècia i Xipre. La"
"del Poder Judicial (LOPJ) que, entre altres aspectes, racionalitza el repartiment dels assumptes entre jutjats per agilitzar la Justícia. Catalá ha explicat que un dels principals objectius és ""reduir el temps de resposta dels òrgans judicials","per part de la Guàrdia Urbana. És per això que ha defensat la necessitat de signar un nou conveni de col·laboració per agilitzar aquest tipus d'operatius. L'objectiu és que en cap punt de la ciutat hi hagi comerç il·legal ""descontrolat"". Recasens"
"del Pirineu. L'associació demana que, com a pol d'activitat econòmica del territori, Andorra es comprometi a agilitzar i flexibilitzar la concessió de permisos de treball per als veïns de les comarques veïnes. Mera i Da Silva també van","de la llei de simplificació administrativa aprovada abans de l'estiu pel nostre Parlament, amb l'objectiu d' agilitzar l'activitat econòmica i de disminuir-ne la càrrega burocràtica. Tercer. Reimpuls de la política industrial i suport"
"treballadors socials o la policia. El programa Radars de l'Ajuntament de Barcelona n'és un exemple. I per l'altre, agilitzar i facilitar la via judicial, pantanosa i eterna, que convida poc a aventurar-se en un mar de plets en una etapa de la vida","entre la UE i l'Àfrica, i que avalaran avui a la cimera de Malta més de 60 líders de governs europeus i africans, pretén agilitzar aquest procés amb vista a frenar i alentir els fluxos migratoris. A canvi Europa promet més diners i noves perspectives"
"de ""set interins i quatre eventuals"" per fer front al ""dens any electoral"". ""Aquestes contractacions s'han hagut d' agilitzar al convocar-se amb escàs marge de temps les eleccions andaluses"", afegia. RTVE al·lega que com a servei públic està","optin per realitzar l'abastament de mercaderies -que habitualment es du a terme a Tolosa- via Barcelona, per tal d' agilitzar el procés d'importació davant les eventuals retencions a la duana. ""Hi ha empreses que estan fent arribar el gènere a"
dels grups parlamentaris han de mantenir per tractar la proposta. La vicepresidenta ha insistit que cal agilitzar l'aprovació de la llei de règims locals per donar resposta a 'realitats territorials' com l'expressada per les tres,"de la comarca. L'actuació ha consistit a instal·lar uns nous circuits de control i protecció amb l'objectiu d' agilitzar la seva resposta en cas d'una eventual incidència i minimitzar, així, el temps d'interrupció del servei. Aquesta"
"bolquin a ajudar aquest sector amb tots els intangibles que no són diners però que fan la vida més fàcil a un emprenedor: agilitzar els visats i permisos per a treballadors estrangers, reduir les traves burocràtiques, millorar el tracte fiscal del","en el meu Govern tots estiguin a disposició de la justícia"". Les paraules van ser interpretades com una llum verda per agilitzar causes empantanagades contra integrants emblemàtics del kirchnerisme. El president electe es proposa derogar el"
"les pensions mínimes, quan això no suposa un gran estalvi, ""perquè no els importa la gent"". A més va remarcar que cal agilitzar molts tràmits de la CASS, i instaurar la recepta electrònica i el règim del tercer pagador. L'exposició va estar","en el meu Govern tots estiguin a disposició de la justícia"". Les paraules van ser interpretades com una llum verda per agilitzar causes empantanegades contra diferents integrants emblemàtics del kirchnerisme. Brussel·les obre el metro i les"
", des del 2005, la construcció d'una sèrie de residències, que estan encara en part pendents. ""És necessari agilitzar la construcció de residències públiques i incrementar el nombre de places a les concertades per donar resposta a la",a tots els vehicles particulars en diversos eixos que travessin la capital en direcció a la seu de la trobada per agilitzar el trasllat de les delegacions oficials. El ministre de l'Interior va suggerir als parisencs que aquestes dies deixin
", que en principi es considera provisional, excepte en casos molt greus que impliquen maltractament a l'infant. AGILITZAR LES ADOPCIONS / L'avantprojecte també proposa que no pugui adoptar qui hagi tornat un menor que tenia en adopció o la","Díaz i Domènech li van recordar a Chacón els seus temps de ministra de Vivenda, quan va assegurar que es disposava a "" agilitzar "" els desallotjaments. Visiblement irritada, la candidata socialista va negar-ho categòricament i va regalar al seu"
"Harris Neil Patrick Harris és un actor simpàtic, però potser li falta l'habilitat d'improvisació necessària per agilitzar un espectacle d'aquestes característiques. Els acudits que va anar llançant van deixar a desitjar, ja fos per",per als treballadors del sector públic i tampoc es conforma endurint les lleis i reforçant els òrgans judicials per agilitzar les causes. Els socialistes també prometen introduir en l'educació temaris que formin els alumnes en valors contra la
"d'una mateixa província s'especialitzin en uns casos en particular, que no afectarien l'ordre penal, i que permetria agilitzar la resolució d'aquests assumptes i unificar criteris. Per oferir més equilibri de les càrregues de treball en els",té una versió web. L'1×1 del debat Carme Chacón: Acorralada. Hauria desitjat estar a Miami mentre li recordaven que va agilitzar els desnonaments. Potser després del debat d'ahir torna a estar quatre anys desapareguda de Catalunya Francesc Homs:
"reforma de la llei orgànica del poder judicial que busca introduir un paquet de mesures organitzatives destinades a agilitzar la instrucció dels procediments, a través d'una especialització més gran als tribunals i un millor repartiment d'",", que el govern valencià 'gaudeix de bona salut' i que el que hi ha sobre la taula és 'un full de ruta clar' que s'ha 'd' agilitzar , treballar més i millor per implementar l'acord polític d'investidura'. El cap del Consell ha afegit que 'no hi ha"
", l'Executiu ha optat per canvis puntuals per millorar la implantació de les noves tecnologies als jutjats, agilitzar la feina en els més saturats i reforçar els jutges que instrueixen macroprocessos. Així mateix, per millorar la lluita","la Generalitat disposa d'escassos marges de tresoreria. Com que gairebé tot és interpretable, és certa la voluntat d' agilitzar la tramitació de lleis ja aprovades sobre pobresa energètica i emergència habitacional. Tan verdader com que les"
en la terrible decisió que va prendre (i si algun factor hi va tenir pes zero). L'obertura d'un camí terrestre permetrà agilitzar el rescat de l'avió a partir de dimarts L'obertura d'un camí terrestre fins al lloc de l'accident aeri de la setmana,"Ministeri de Foment i el Consell Insular de Menorca en matèria de Carreteres. ""La intenció d'aquest equip de govern és agilitzar al màxim els tràmits perquè la millora d'aquest tram sigui una realitat el més aviat possible, sempre d'acord als"
"de dimarts L'obertura d'un camí terrestre fins al lloc de l'accident aeri de la setmana passada als Alps permetrà agilitzar la tasca dels equips de rescat a partir d'aquest dimarts, segons informa la televisió francesa BFMTV. Les restes de les","o l'esforç per informatitzar la justícia a través de l'expedient electrònic han contribuït a ""modernitzar i agilitzar el sistema judicial"". Bonet, directiu de la Federació:""El partit serà una festa"" LLUÍS RIBERA Les seleccions"
"disposa d'un Centre de Serveis Socials específic (en total, 10) que funcionaran fora del seu horari habitual per poder agilitzar el màxim la tramitació d'aquest ajut i on s'hauran de dirigir les famílies. L'objectiu és garantir la qualitat de vida",", un total de set habitatges de la zona. L'Ajuntament de Girona i els propietaris afectats mantenen reunions per agilitzar tràmits per arreglar els immobles i establir plans de neteja de sotabosc. L'incendi crema, en total, 36 hectàrees. Les"
"paviment, l'enllumenat, les zones de passeig i inclús la rehabilitació d'algunes façanes"". El comú aprofita que ha d' agilitzar el procés d'obra de la separativa d'aigües per tal d'impulsar un projecte integral que beneficiï el nucli urbà del","separació per evitar xocs frontals, que permetin reduir significativament la sinistralitat. I també una millora per agilitzar els desplaçaments, de manera que els conductors que utilitzin el tram viari reduiran a la meitat el temps a la carretera"
"de passatgers espanyols, la vicepresidenta ha dit que ""estem parlant amb els responsables de la companyia per poder agilitzar de la forma més ràpida possible la nacionalitat dels passatgers"". ""No podem fer públic el llistat de passatgers, tan","professionals del trading online. Després d'anys d'investigació, FXGM va desenvolupar la plataforma perfecta per agilitzar i fer més còmodes les operacions dels traders. Actualment, Meta Trader 4 permet personalitzar 100% la seva interfície"
", diverses fonts van indicar que les formacions polítiques treballen per mirar d'avançar la formació del govern per agilitzar també l'aprovació de la llei que ha de facilitar la reestructuració de BPA, encara que de moment no ha estat possible","el futbolista té l'origen en la seva etapa a Liverpool, al Regne Unit. Acusació i defensa han pactat un acord que podria agilitzar els següents passos. En cas de dubte, a favor del procés. L'editorial d'Antoni Bassas, transcrit David Fernàndez"
"aquesta àrea que l'aeroport d'El Prat"". A més, Leluc considera que ""les dimensions de l'aeroport de Perpinyà permeten agilitzar i fer més fluids els procediments dels viatgers"". Pablo Crespo: 'Gürtel és un muntatge polític organitzat per","vehicles fins a situar-se en prop de 55.000. ""Hi haurà prop de 200 agents de circulació i policia distribuit pel país per agilitzar el trànsit"", ha explicat Rodríguez. Per tal d'evitar aglomeracions, el servei de Mobilitat recomana consultar les"
"i la seva ""agilitat"". El motiu, segons el director, és que les dimensions de l'aeròdrom de Perpinyà permeten agilitzar i fer més fluids els procediments dels viatgers, com poden ser embarcar l'equipatge o passar pel control de la","ha fet propostes concretes, amb un compromís ferm: Com a principals novetats Ciutadans Compromesos proposa agilitzar l'aplicació de la Llei del cens i centralitzar en un únic organisme el control i manteniment del cens. Pel que fa al cens"
 avança en primícia que la Fiscalia tramitarà els certificats de defunció de les víctimes espanyoles sense l'ADN per agilitzar la paperassa a les famílies. La d''Abc' dóna el màxim honor a la imatge dels dos bessons de 16 anys detinguts a Badalona,"abans que s'implantés la llei de simplificació administrativa aprovada aquest 2015, que en principi ha de servir per agilitzar els tràmits burocràtics a l'hora d'engegar un negoci. De l'altra, des del departament d'Economia del Govern s'"
", ha emulat els seus antecessors presentant un pla per modernitzar la justícia i que les noves tecnologies ajudin a agilitzar el sistema i desterrar per sempre més les imatges de jutjats atapeïts de papers. L'administració de justícia és la que","com a representants. Així, destaquen que el PSOE pot millorar els procediments administratius que permetin agilitzar autoritzacions com les de l'arrelament i el reagrupament familiar. També creuen que els socialistes poden impulsar"
"ajuda financera. El ministre d'estat grec Alekos Flamburaris va suggerir que Varufakis li havia demanat a Lagarde agilitzar les negociacions per arribar a un acord com més aviat millor. En una entrevista amb el diari Naftemporiki, Varufakis",". La remodelació de la normativa també pren mesures per evitar l'anomenada ""pena de telediari"". També es busca agilitzar la justícia evitant les macrocauses, que ara es podran separar en diferents peces, i es limita la incomunicació dels"
"registres civils no seran privatitzats, sinó que la seva gestió serà adjudicada als registradors de la propietat per agilitzar el seu funcionament i posar fi a les demores que pateixen els ciutadans quan reclamen algun tipus de documents. Catalá","-d'entre 30 i 45 metres quadrats- per als joves i la segona posar en funcionament deu jutjats especialitzats en "" agilitzar els desnonaments"". Més tard, a Defensa, va protagonitzar una fotografia lluïnt avançada gestació mentre passava"
(el 21 i el 22 de maig se celebrarà una cimera a Riga amb els veïns de l'est de la UE) i aquest procés durarà mesos. Per agilitzar les discussions en la cita de Pedralbes -que té una durada prevista de dues hores i mitja amb prou feines- els,les seves dades identificatives. Les persones són reutilitzables per a altres esdeveniments de multitud i permeten agilitzar el retrobament entre pares i fills. Catalunya acaba el 2015 amb 60.280 aturats menys que l'any anterior Al conjunt de l'
"de la Unitat de Suport per a Causes per Corrupció, una d'elles per a Brugal Actualizado 16/04/2015 17:03:39 CET Demana agilitzar informes policials del cas 'Brugal' i transcripcions de les declaracions d'imputats en el cas 'Factures' La Comissió","preparació"" que dura aproximadament mig any més i que permet que, un cop sobre el terreny, es pugui ""assegurar el tret"" i agilitzar les gravacions. Afers exteriors es va estrenar l'any 2003, i es va acomiadar el 2009 després de cinc edicions, l'última"
"del còmput i s'eliminen les dilacions no imputables a l'Administració. D'altra banda, s'aproven mesures per a agilitzar l'actuació dels tribunals econòmic-administratius i reduir la litigiositat, promovent la utilització de mitjans",". Merkel ha presentat així la declaració aprovada pel seu partit, la Unió Demòcrata Cristiana (CDU), en què es pretén agilitzar la deportació de nouvinguts que estan condemnats tant a presó com a llibertat condicional. La proposta concep que els"
", potser més de la meitat de la seixantena que crec que n'hi ha"". La ministra creu que amb la modificació de la llei es podrà agilitzar la feina amb els Comuns i que, tot i que la decisió del Govern sobre les actuacions a més de vint metres dels monuments","d'avanç era molt lent, un empleat anomenat Larry Sanger [consulteu entrada] va crear un wiki [consulteu entrada] per agilitzar la creació d'articles abans de ser revisats. I així és com la Wikipedia, encara sense nom ni consciència, va començar a"
"per a un sobreseïment. L'alt tribunal reitera de nou la petició a la jutge perquè divideixi la causa en diverses parts i agilitzar la seva tramitació. Segons han informat aquest dilluns fonts judicials, la devolució de la causa a Alaya era el pas",", Dolors Carmona, que considera necessària la revisió de TURECAV i posa en dubte si es tracta de la millor ""fórmula"" per agilitzar les contractacions. Per la seva banda, el conseller de la minoria, Jordi Minguillón, que formava part de la majoria"
"que és ""summament raonable i convenient"" dividir la macrocausa dels ERO en peces separades amb autonomia per agilitzar la causa. Com ja ha apuntat el fiscal, la proposta de divisió seria en una peça sobre la implantació del procediment de","trobades i reunions que es puguin realitzar a la vila encampadana, és instaurar una jornada en què els ciutadans puguin agilitzar i resoldre dubtes, demandes i inquietuds. Les persones interessades en mantenir una reunió amb el representant del"
"llei d'enjudiciament criminal, s'estan debatent al Congrés. ""En això estem treballant, a reforçar l'Estat de dret, a agilitzar la justícia i a garantir els drets de tots els ciutadans i les llibertats públiques"", ha assegurat. Una sonda de la NASA","a Llagostera i requerirà l'expropiació d'uns metres de parcel·La de tretze propietaris de la zona. Per tal d' agilitzar aquest tràmit, el consistori vidrerenc ja ha iniciat converses amb aquest ajuNtament del gironès. ""Els mateixos"
"afectacions en la circulació de trens. Hi haurà, però, afectacions entre el 27 i 30 de gener: Per motius tècnics i per agilitzar el restabliment de la línia, entre els dies 27 i 30 de gener la R8 prestarà el servei entre Martorell i Mollet del Vallès i","cessions de sòl per projectes d'interès nacional, perquè es pugui continuar fent projectes. I una a altra és que, per agilitzar tràmits, les altes, modificacions i baixes d'activitats econòmiques es facin en un lloc únic, perquè ara es fan al Comú"
mediació familiar. Des del departament de Justícia es fa anuncis donant a conèixer la mediació. Creu que pot ajudar a agilitzar la justícia? En determinats conflictes com els de comunitat i d'espai públic o els familiars si es treballen amb,"i de quins són els seus últims criteris administratius i jurisprudencials, per tal d'evitar i suavitzar conflictes i agilitzar el control tributari. A canvi d'això, les empreses, paral·lelament, hauran de portar a terme determinades"
"aprovat per la Generalitat el 2003. ""Comportarà un salt de qualitat, ja que en tenir el planejament al dia aconseguirem agilitzar la tramitació, guanyant en temps i en seguretat"", ha manifestat l'alcalde, Joan Loureiro. El primer pas és compilar","Joint Distribution Committee, que donava suport econòmic a les famílies que esperaven a Barcelona i tractava d' agilitzar els processos d'emigració. L'organització estava representada a Barcelona pels germans Joel i Samuel Sequerra. La"