"i els seus presidents', va dir Monago. 'Així que tot el pes de la llei cap a ell', va etzibar el president extremeny, sense esmentar el nom del president català. Respecte de la possibilitat que Catalunya esdevingui un estat, Monago considera que la","Sebastià Pons, que va tenir una gran acceptació entre el públic de l'època. Després del poema de Pons, és de justícia esmentar Pau i guerra, de Gabriel Alomar; Per a la Creu Roja, d'Àngel Guimerà; l'extraordinari cal·ligrama de Josep M. Junoy,"
"des de 1919, per la bona memòria dels presidents Lluís Bachs, Emili Caula, Santiago Sobrequés i Salvador Martí, per esmentar els presidents traspassats amb els que vaig tenir més tracte, i pel treball coratjós dels presidents Figueras, Vila,","projectes. Tot i que es tracta d'una aportació particular del seu autor i no un encàrrec de cap corporació, val la pena esmentar les Bases para la Constitución federal de la Nación Española y para la del Estado de Cataluña, en què Valentí Almirall"
"de l'extrema dreta, els altres ens encenen semàfors vermells i tots plegats són incapaços d'escriure un article sense esmentar el nazisme cada tres línies. Em sembla que ens estimem més Espanya alguns independentistes que molts intel·lectuals","el dubte de com canalitzar l'energia per vies de la desobediència civil. Benny Tai, un dels líders del moviment, va esmentar ahir la negativa als impostos, endarrerir els pagaments d'arrendaments o piratejar la tasca del Consell Legislatiu."
"els decorats de films com Con una pistola en cada mano, de Cesc Gay, o va crear el món visual de Floquet de neu, per esmentar dos dels seus treballs més recents. Abans, havia tingut l'oportunitat de passar per rodatges com el de","en la ment dels espanyols, tasca en què estan comptant amb suports tan sorprenents com inexplicables. Rajoy no va esmentar Podem ni mitjans de comunicació, especialment cadenes de televisió que conviden sovint Pablo Iglesias, però entre"
". No podem seguir el cas Blesa a la vegada que el de la infanta Cristina, el d'Iñaki Urdangarin o el de Jaume Matas, per esmentar a penes tres o quatre dels grans. Sols la lectura dels dos-cents folis i escaig del jutge Castro ens deixa exhausts",cultural de transformació i integració social i el de reconèixer la tasca de moltes associacions corals. Sense esmentar que els ingressos obtinguts amb la venda d'entrades es destinaran íntegrament a La Marató de TV3. La funció es
"citar, com molts periodistes gals, uns cinc o sis presumptes casos, inclosa una primera ministra. De Chirac podria esmentar el presumpte cas (sigui dit sempre per precaució legal) de Claudia Cardinale, aparegut a la premsa seriosa italiana i","compartida que en aquest termini el que s'està resolent és el problema de tots"". En aquesta línia, ha volgut esmentar dos aspectes que, al seu parer, són bàsics a l'hora d'assolir l'objectiu que és té: aconseguir tenir una visió"
reforçar el pes i el paper social de l'entitat. En aquell article vaig tirar pel dret i fiant-me de la meva memòria vaig esmentar els diferents presidents de l'entitat grupista que jo tenia associats al meu record. I feia esment dels traspassats,"el poble tingui les explicacions corresponents a això. Diu més coses, però vull centrar l'atenció en les que acabo d' esmentar . En primer lloc, vull deixar clar que Liberals d'Andorra, em remeto a hemeroteca i arxius per a qui ho dubti, fa temps que"
"Hores abans, en un programa de Televisa, Rajoy va considerar que és una ""prioritat"" que el dirigent de CiU, al qual no va esmentar directament, recuperi el seny, un objectiu que va posar al nivell de la continuació de les reformes estructurals i la","consideració per Moscou. ""Sempre ensopeguem amb una oposició, fem el que fem"", es va queixar el president rus, que va esmentar com un exemple recent els intents de desprestigiar els Jocs de Sotxi 2014. Putin va advertir que Rússia defensarà cada"
"evitar la sobreocupació d'estudiants i per mantenir la línia 11 pel Barri Vell, però també per la Gran Via. En concret va esmentar dues opcions. Aquestes opcions s'han lliurat a l'alcalde, Carles Puigdemont, com a president de la taula de mobilitat",", llaunes o pots de vidre amb menjars diversos, o salses com l'allioli de la Casa Mas, per exemple, si em permeteu esmentar un producte concret. La qualitat també varia, i no està justificada la prevenció que a vegades hi ha enfront d'aquests"
"societat tot i estar ""íntima i indissolublement vinculats a la personalitat del senyor Iñaki Urdangarin"", sense esmentar a la filla del Rei entre les operacions realitzades per poder beneficiar-se d'un tipus impositiu inferior a la",", o del 2,2% per a Catalunya, es poden fins i tot superar, si no apareixen nous riscos a l'horitzó. Únicament s'ha d' esmentar que per al 2015 es poden observar alguns riscos derivats de la dificultat d'aconseguir governs estables i forts, amb"
aigua. Fins al punt que molts cops es pot creuar el riu fent un salt des de la llera. Quan CiU va guanyar les eleccions va esmentar com una de les seves prioritats la recuperació del cabal d'aigua del riu Onyar. A banda de la mala imatge que ofereix el,"al diari 'Ara, al reclamar eleccions ""ja"" amb tres candidatures sobiranistes, que representarien, encara que no va esmentar cap partit, CiU, ERC i la CUP. Tot i així, el coordinador general de CDC, Josep Rull, va assegurar ahir en una entrevista"
"? Té assegurança? Qui indemnitzarà la víctima? Posats a tenir en compte drets i deures de tots els ciutadans, acabem per esmentar també la incorrecció que comet el vianant que passeja sense miraments per un carril-bici, cas que també hem presenciat","ella són per haver apuntat a persones ""involucrades en operacions antiterroristes"", en referència al fiscal que va esmentar al missatge i que va presentar una denúncia en contra seu. Després de destapar-se la investigació anticorrupció fa un"
", Jorge Fernández Díaz i José Manuel Soria, entre d'altres dirigents. A l'auditori del Palau de Congressos i sense esmentar en cap cas el ""pla"" que va anunciar fa una setmana per a Catalunya, Rajoy ha assegurat que ""votar és un dret democràtic""","seguit, Mas va reiterar que la solució al conflicte català amb el conjunt de l'Estat haurà de passar per les urnes. No va esmentar el concepte referèndum, ni el de les eleccions anticipades. Es va limitar a assegurar que ""seran només els vostres vots"
"club a 230_milions d'euros. I, a més, ha deixat encaminada la gran reforma del Camp Nou. En el seu comiat, tot i això, no va esmentar el fons del problema i tot va quedar en que hi ha hagut amenaces cap a ell i la seva família. No va donar explicacions sobre",", molt probablement un record o una evolució del déu Janus, de les dues cares, emparentat també amb en Fumera. I ací cal esmentar igualment l'Home de les Orelles, derivació directa del dels Nassos, que surt el dia 30 amb tantes orelles com dies té l'"
"arribat a una conclusió i posar-nos d'acord. Amb referència als comentaris que s'han publicat al Diari d'Andorra, cal esmentar que ni formem part de cap tipus de rebel·lió, ni nosaltres mai no hem cobrat cap tipus de gratificació econòmica per part",", Obama no ha pogut exhibir els èxits socials per atraure aquest vot que se li va volatilitzar quan en el primer debat no va esmentar la paraula dona . El seu rival, que es va retratar amb el seu ""munt de dones"" quan en el segon cara a cara va intentar nedar en"
"grans bancs centrals del món, com poden ser la Reserva Federal dels EUA, el Banc del Japó o el Banc d'Anglaterra, per esmentar el més pròxim geogràficament. El pitjor que podria passar ara per a l'estabilitat de l'eurozona és que l'escassa","un càrrec representatiu, simbòlic. Preguntat per exemples concrets de qui podria exercir el càrrec, Vidal va esmentar els noms de Muriel Casals i Carme Forcadell. La marginació del català per part de les companyies aèries Les principals"
"un referèndum"". De moment, la plataforma ja té vora 14.000 adhesions en una campanya de firmes en change.org. No cal esmentar el mediàtic efecte Gamonal, perquè al nostre territori ""al llarg de les darreres dècades"", recorda Rafet, ""han sorgit","Teatre al costat d'Hongaresa o els irreverents i corrosius amb el poder Pot de Plom) i les d'última fornada (i ara cal esmentar El Pont Flotant, per exemple). El Teatre Gaudí Barcelona programa, novament, La Pavana. Si el 2011 van meravellar amb"
"resposta a les necessitats biològiques d'alimentació, higiene, descans, seguretat, relació i comunicació. Per esmentar alguns exemples, els objectius podran referir-se a assistència i puntualitat, hàbits de vida saludable (",", en el termini de tres mesos, un projecte de llei específic, d'acord amb l'article 56 de l'Estatut. Si bé Mas no ho va esmentar , entre les esmenes d'ERC al pressupost també destaca la modificació de la llei de patrimoni de la Generalitat, del 2002"
"diuen tots els programes de mà i el llibre que s'ha editat). Doncs el nostre batlle en un lapsus, error o desinformació va esmentar durant el pregó que la Festa Major era en homenatge a Santa Coloma... Amb il.lusió ens arribem a sentir i seguir amb cura i","Razón', que obre portada i aconsegueix no citar el PP ni en el títol ni en el subtítol, ofereix un editorialet que, sense esmentar tampoc el partit governant, reclama celeritat judicial per conèixer com més aviat millor la veritat judicial i evitar"
"ha explicat que la decisió té com origen la denúncia d'una persona que afirmava ser ella qui patia el xantatge i que no va esmentar mai que la víctima fora el president de les Corts, un extrem que es va descobrir durant la investigació. Cotino va ser","contra un dels seus líders. ""La seva execució ha estat ordenada pels terroristes de l'Estat Islàmic"", han afegit sense esmentar el nom. Segons el diari 'Bild', divendres passat es va detectar l'ordre d'atemptar contra Bachmann, i de fer-lo durant"
"a Decidir demostra que el ""90%"" de la representació empresarial a Catalunya és partidària del 'dret a decidir'. Sense esmentar noms, el president d'ERC ha dit que els dirigents empresarials catalans que no estan a favor de la consulta","per recuperar el terreny conquistat pels gihadistes, Obama se sent reivindicat en altres teatres geopolítics. Va esmentar Rússia com a exemple del que es pot aconseguir amb la diplomàcia i les sancions. ""Avui Amèrica s'aixeca forta i unida als"
". És clar, s'ha d'adaptar a la nova posició de responsabilitat, i això requereix temps i facilitats, no entrebancs. Per esmentar un dels entrebancs com a exemple, el tercer fill, Construcció, com que no té solució a mitjà termini, ara el pare, Sr.","a Espanya ""justícia, reparació i garantia"" perquè no es repeteixin els crims del franquisme. Un dels punts que no es van esmentar durant el debat va ser el dret d'alimentació, mentre que el de la justícia universal només va ser esmentat per la"
". Ompliu tertúlies amb el pentinat de Neymar, amb les marcianades d'Alves i amb les rareses de Messi quan no acostumeu a esmentar ni el nom d'un sol jugador de l'Espanyol i encara menys els seus pentinats, neures i manies. Lluïsa Espigolé: ""El","tenir conseqüències"". També va reclamar la màxima duresa contra la corrupció, ""un càncer que no podem tolerar"". Sense esmentar el cas Gürtel, Aznar, però, només és va mullar per ell, tot assegurant: ""Cadascú ha de respondre dels seus actes. I jo us"
"un Estat propi, sinó que té un Estat en contra; i només perquè el nostre projecte és de futur, és d'aspiració, deixem d' esmentar les moltes proves d'aquesta afirmació. * Durant més d'un segle i mig, Catalunya ha volgut modernitzar i federalitzar","va passar"", va dir el ponent, que va lamentar també que els bancs no hagin facilitat els crèdits. L'economista va esmentar la flexibilització del mercat de treball i la disminució de la despesa pública com alguns dels ajustaments a fer. Les '"
"ara sociòlegs o pensadors, però en què predominen els creadors, siguen poetes o prosistes. Entre els artistes, podem esmentar Joan Vinyoli, Joan Margarit, Enric Sòria, Vicent Alonso, Lou Reed, J. W. Goethe, Cesare Pavese i un llarg etcètera. A","entrar un any abans al mercat laboral. Hauran d'eludir, naturalment, un atur juvenil de més del 50%, però Wert no va esmentar aquesta part de l'assumpte. Tampoc va afegir que, lògicament, estudiar menys que altres dóna a una persona menys"
", i aquestes diferències van molt més enllà de la ""dialèctica"" entre governs i de la immediatesa de l'actualitat. Sense esmentar el document que el govern espanyol ha registrat al Congrés de rebuig a la consulta, ha manifestat que ""moltes vegades la","que, cada cop que he abandonat una de les meves destinacions, m'he sentit apreciat. Té alguna anècdota digna d' esmentar ? Només com a anècdota. En unes jornades sobre policies locals a les quals vaig assistir, hi havia un ponent que no parava"
"de comunicació, Mas ha destacat que Suárez era un polític que proposava ""a grans reptes, grans solucions"". Sense esmentar Mariano Rajoy, Mas ha comparat que ""Suárez mai va mirar cap a un altre costat, va mirar de cara, es va enfrontar de cara als","impulsava l'associació Art Barcelona però, de nou, va quedar en el paper mullat d'un dossier luxós. No es pot deixar d' esmentar un altre projecte fallit de fira d'art generalista a Catalunya, Inart, organitzada per la revista Bonart, de la qual"
hi hagi els cent_cinquanta o dos-cents camions per allí la cosa serà diferent. El nivell del rectangle que ja us vàrem esmentar ha baixat força i cada cop es veu més la geometria on les màquines han d'esgarrapar la terra i endinsar-se cada cop més,"l'ull de l'huracà per l'origen i destí de més de 450.000 euros per assessorar diversos governs llatinoamericans, ni va esmentar la paraula en qüestió, però va deixar caure la resposta: ""El seu odi, el nostre somriure"". En tot cas, molts assistents"
"sobiranista. Ho ha dit durant la presentació de la nova planta de la companyia a Parets del Vallès, tot i que sense esmentar explícitament el procés independentista: ""Sé que està passant per una situació difícil, però té determinació, així",". Si creéssim el segell Herralde-Lara deixaríem a tothom petrificat"". En el sopar d'homenatge d'aquella nit va esmentar aquell desig. El seu pare va crear un empori editorial però ell el va ampliar amb passió i vocació internacionals. Si"
"de fàrmacs, incloent anticancerosos, analgèsics, antihistamínics, nous additius alimentaris o plaguicides, per esmentar sol alguns exemples, i han estat autors de més d'un centenar de publicacions científiques sobre el tema en revistes","més categoria. La presentació d'aquest model és més que correcta, amb materials durs però de bona execució. Si s'ha d' esmentar algun però és la ubicació del comandament de l'ordinador al quadro d'instruments que obliga a passar la mà per dins del"
"la crisi oberta entre Ucraïna i Rússia a càrrec de la independència de Crimea, entre d'altres assumptes. Sense esmentar el procés sobiranista obert a Catalunya, ha volgut deixar clar, en resposta als portaveus d'ERC i Amaiur, que la seva","conjunta les corporacions comunals i el Govern, i que s'haurà de concretar en els propers quatre anys. Més enllà d' esmentar temes concrets, però, Naudi va explicar que el que es busca és estar ""alineats"" amb la corporació local amb l'objectiu"
"sols va haver d'acudir a la Policia a prestar declaració, i després se'n va anar. ""Em van cridar a declarar perquè algú va esmentar el meu nom en el procediment i estan fent investigacions"", ha assenyalat. Tot i això, ha reiterat que no té ""res a veure""","n'hauran d'assumir les conseqüències, tant per al seu propi país com, de vegades, per al conjunt"" de la zona euro. Sense esmentar Iglesias ni Tsipras, Moscovici va reconèixer que tem un contagi polític que pugui espatllar el miracle de la"
"a Toronto el 2009, comprada el 2011 per la japonesa Rakuten i associada a França amb FNAC i a Itàlia amb Feltrinelli). Cal esmentar també els intents de traslladar al món del llibre l'èxit de la plataforma musical online Spotify: és el cas de l'aliança",", però tampoc volem que res canviï"", va subratllar. Instants abans també s'havia referit a la força lila, a la qual no va esmentar en cap moment -ni ell ni la resta de dirigents que van intervenir-, quan va afirmar que el socialisme català és hereu ""d'"
ha estat l'emprat en qualsevol confrontació militar amb les lògiques adaptacions temporals i materials. Ja vaig esmentar fa unes setmanes de la dubtosa oportunitat d'anar a Madrid al Congrés a explicar això que aquí ara venim anomenant el,"de televisió, però el nostre moviment no va néixer en un plató de televisió ni en un cenacle"", va afegir. A qui sí que va esmentar sense reserva va ser CiU i ERC. Segons el seu parer, des que governa Artur Mas de la mà d'Oriol Junqueras ""hi ha més atur i"
"amb força darrerament trobem Xavier Aliaga, Raquel Ricart, Anna Moner, Núria Cadenes, i, entre els més joves, cal esmentar Marc Pallarés, Xavi Sarrià, Felip Tobar i Joanjo Garcia. De l'escriptura de l'excés, de l'orgia del llenguatge","durant la darrera legislatura s'ha fet una política comercial valenta per poder dinamitzar i enfortir el sector i va esmentar diversos projectes per poder seguir consolidant el comerç com la flexibilització dels horaris comercials, accions"
"en la convenció del PP a Barcelona. El president, que ha recordat el seu pas per Tipel com a director d'exportació -sense esmentar el nom de l'empresa- ha admès que sovint la sortida a l'exterior és ""un viacrucis"", però ha destacat que en els darrers","aquesta comissió"", ha dit. Indirecta de Mas a Rivera El president de la Generalitat, Artur Mas, ha recordat, però sense esmentar el seu nom, que l'exdiputat de Ciutadans, Jordi Cañas, també va ser imputat per un presumpte delicte fiscal. Mas ho ha"
"president espanyol ha assegurat que ""obrir camins a l'exterior, guanyar tamany i innovar són claus de l'èxit"". Sense esmentar en cap moment el president de la Generalitat, Rajoy ha afegit: ""Això és el que estem fent junts i ningú hauria d'obstruir","prostitutes i ha suggerit que se l'està jutjant per ""pràctiques pervertides"". Un parell de prostitutes van esmentar experiències ""brutals"" de sexe anal. ""Dec tenir una sexualitat que, en comparació amb la mitjana dels homes, és més"
", Jordi del Rio, Manuel Castells, Núria Ventura... i una llarga llista qüestionen la posició oficial? I això sense esmentar els que ja han marxat del partit. La sensació és que les mateixes peces que el 1978 van saber soldar una proposta política","i que es va actuar de ""bona fe"". En tot cas, ha indicat que ja s'han realitzat trucades entre dirigents de CDC i UDC, sense esmentar qui són, per solucionar el conflicte, que ""ja s'està resolent"", amb vista a la reunió del Comitè Executiu Nacional de la"
"gener, passant de 9,2 a 8,9%. La preocupació per l'atur segueix sent el principal problema per als espanyols i així ho va esmentar a l'abril el 80,3% dels enquestats pel CIS, encara que baixa dos punts sobre el mes anterior, i també la inquietud per la","aquelles que no siguin suficients ""perquè tothom tingui una qualitat de vida digna"". En aquest sentit, va esmentar la necessitat de desenvolupar la llei a través dels reglaments corresponents. ""On no arribi la pensió de la CASS haurà"
"l'al·lusió a la higiene dels catalans va aixecar polseguera. Al cap dels anys de Parga, es justificava així: ""No vaig esmentar mai Catalunya, només es van queixar ells."" A De Parga li agradava definir-se com a liberal. Però en el seu pas pel","en dosis apreciables, continuem bevent en les mateixes fonts culturals, artístiques, especialment literàries. Per esmentar una mostra, ja des d'aquestes valls, mentre Espanya ha decidit en els darrers temps nomenar uns ambaixadors catalans,"
"durant aquests cinc anys, i ha elogiat el seu ""carisma, senzillesa, valentia, coherència i humilitat"". Després d' esmentar la ""sobreexposició"" a la qual s'ha vist sotmesa i les amenaces que això li ha comportat, ha agraït que hagi suportat","enrere quan es va mostrar partidari de prolongar la concessió de l'autopista que passa per aquest territori. Vila va esmentar la soga a casa del penjat, ja que va fer aquestes declaracions a Mataró, capital de la comarca que fa gairebé 46 anys que"
". Construir un instrument per mesurar la calor que intercanvia un bacteri amb el seu entorn"". Evito la temptació d' esmentar el doctor Bacterio i li pregunto per la utilitat d'allò. Em mira amb compassió: és el que comporta haver donat 40 anys l'","de la humanitat. ""Crec que s'ha fet molta feina des que es va aprovar el pla de gestió"", va afirmar Ferrer. La candidata va esmentar que, pel que fa a aquest espai, s'han arreglat camins, s'han posat senyalitzacions i ecocomptadors de visitants, s'ha"
"Catalunya pot ser lliure enfront dels qui neguen la consulta i pensen que tot està ""lligat i ben lligat"". Tot i que sense esmentar directament que aspira a captar votants que tradicionalment han votat al PSC, Maragall ha dit que la candidatura es","el seu reconeixement com a matèria escolar. En la seva apassionada intervenció parlamentària, Martín Peré va esmentar algunes experiències que ja estan en marxa a Espanya, com les que s'han implantat en col·legis de ciutats com Bilbao i en"
"li deia això és quan li va etzibar 'ets un fill de puta'. Una altra cosa que ha explicat la dona, i que ahir Espadaler no va esmentar , és que va enviar una carta de disculpa a Pere Navarro. Una carta que també va facilitar als mossos d'esquadra. L'","que s'allargarà la trobada, no que executin una obra in situ. Pel que fa als espais on es distribuiran, la consellera va esmentar els jardins de la Casa d'Areny-Plandolit i la plaça Major. Caldrà veure si el ministeri arriba a temps de rehabilitar"
"suport explícit al dret de decidir dels catalans. Per la seva banda, el candidat socialista Martin Schulz no ha gosat ni esmentar Catalunya. I Alexis Tsipras ha proposat una solució federal i Jean Claude Juncker s'ha tancat en banda. A continuació,","del PP. Per això els populars han començat una ofensiva contra Ciutadans, que inclou una curiosa decisió: la d' esmentar el partit en català, és a dir, no anomenar-lo mai 'Ciudadanos'. Segons El País, el PP vol atacar Ciutadans"
"judicials; per exemple, el 8% als jutjats de Barcelona i l'Hospitalet, els més importants de Catalunya. I, això sense esmentar el consell de molts advocats als seus clients: parla en castellà, és millor no molestar el jutge.... Ja ni parlem de la","ahir ""l'esforç"" que ha fet la seva formació pel que fa a l'atorgament d'ajudes directes a l'educació. En concret, va esmentar que si abans de la crisi econòmica es destinaven 700.000 euros a aquest àmbit, el pressupost per enguany preveu una"
"clares respecte el procés sobiranista endegat a Catalunya, i ho contraposa a l'actitud d'altres partits sense esmentar cap sigla en concret. ""El dia 25 tenim l'oportunitat de votar el futur, i ara que comencem a veure el nou país, n'hi ha que","al Congrés dels Diputats demanant mesures per reduir la mortalitat a les carreteres espanyoles, en la que també va esmentar la unificació en els 7 km/h del topall de superació de la velocitat permesa a partir de la qual els radars s'activaran per"
"europeu sigui l'obesitat, de manera que l'OMS no dubti a qualificar-la d'epidèmia. Però, a més de l'obesitat, podríem esmentar l'asma, la malaltia crònica més freqüent en la infància, també conceptuada com a epidèmia per diversos organismes","ja que els textos que hi ha en aquesta matèria són de l'època dels veguers. La nova normativa haurà d'incloure, segons va esmentar el candidat, qüestions relacionades amb les noves tecnologies com la videovigilància i les proves d'ADN. Una altra"
"Sé el que hi ha aquí dins i estic convençut que seguirà"", va continuar. Finalment, va parlar del seu futur, tot i que sense esmentar el nom del club nord-americà. ""Estic il·lusionat pel projecte tan important que ha sortit per a mi i per a la meva família","l'obertura de noves oportunitats. El diàleg al qual estan apel·lant els Liberals al llarg de la campanya també es va esmentar en el seu discurs, així com la necessitat que no s'enfronti els funcionaris amb el sector privat. La formació també vol"
". Alonso s'ha pronunciat sobre els moviments al PSOE en relació al procés d'elecció del nou secretari general, i en esmentar al càrrec socialista -que sona com a candidat a substituir Alfredo Pérez Rubalcaba- ha utilitzat l'esmentada","PP a Bankia. ""I tot per salvar el soldat Rato"", va assenyalar, en referència a l'expresident de l'entitat. Sánchez va esmentar Luis Bárcenas des del primer moment al resumir la legislatura que acaba en tres conceptes: precarietat, impostos i l'"
"d'armes a països on hi ha un risc clar que s'usin per cometre violacions greus de drets humans. En el cas espanyol, cal esmentar vendes a Colòmbia, Sri Lanka, Israel i Veneçuela, per exemple. L'entrada en vigor del TCA hauria d'evitar aquest tipus","resultats molt brillants"", va apuntar amb ironia el president del Govern. Igual que Pedro Sánchez (PSOE), Díez va esmentar en el seu primer minut del discurs la bèstia per a Rajoy: Luis Bárcenas. La dirigent de la força magenta va basar bona part"
"fins ara -des del govern català, però també des de l'estatal el 2008- de mitjana en l'últim quart de segle. Això, per no esmentar l'informe de la Junta d'Extremadura, discutit fins i tot pels autors de les noves balances, que denuncia que Catalunya","uns orígens seculars: del règim nyiginya, passant per la primera i la segona república i fins al règim actual. També cal esmentar el paper dels colonitzadors que van dividir el poble ruandès tot creant estatus diferents entre les ètnies, marcant"
"davant d'un jutge, sinó exiliant-se, perdent la Corona o bé amb la proclamació d'una república"". En aquest context cal esmentar també un concepte que torna a estar aquests dies en boca de tothom: l'abdicació. ""És una altra manera de solucionar l'","inesperat: ""Mira, mira: un... Avui parlo com a mare Hi ha una cosa que procuro evitar quan m'expresso públicament, i és esmentar el fet que sóc mare. No m'agradaria transmetre la sensació que això em dóna un plus de legitimitat per opinar sobre"
"del govern del PP que encara té molts aspectes pendents en diversos àmbits, com ara el fiscal. El ministre també va esmentar la importància d'avançar en la reestructuració financera i de fer més passos cap a la unió bancària europea que, al seu","història. Tenim el millor equip i quinze dies per fer gols"", va indicar Moreno, que va demanar el vot ""meditat"" i, sense esmentar Podem i Ciutadans, va fer una crida a ""no deixar-se endur pels cants de sirena de partits que no tenen un projecte clar"". """
", entre els anys 1925 i 1961, va acollir dones joves que s'havien quedat embarassades sense estar casades. ""Algú em va esmentar l'existència d'un cementiri per a nadons, però el que he trobat va més enllà"", ha assenyalat Corless, que ha fet aquesta",", ""així com la islamització de la regió adoptada per entitats extremistes"", assenyala la nota. En el pla intern i sense esmentar al grup islamista Hamàs, l'OAP advoca per reforçar la reconciliació nacional palestina en línia amb els acords"
"està fent una feina de sensibilització entre les persones que van perdre els seus familiars. Aquesta fossa, que no es va esmentar en el transcurs de la Comissió de la Veritat i Reconciliació, ha rebut el nom de Saigón i està situada en una de les bases","de la II Guerra Mundial (1939-1945), però tampoc no l'anomena. El lema inscrit a la moneda, només ""70 años de paz"", sense esmentar Europa. A la web s'explica que fa referència a Europa, però això és un altre motiu per a la polèmica: s'oblida de la Guerra"
"econòmics i socials. Com segona activitat, han hagut de relatar la situació de Catalunya durant la Guerra Civil, esmentar l'etapa revolucionària, les col·lectivitzacions, l'economia de guerra, els refugiats i les condicions de vida de la","sessions hi ha hagut convidats d'excepció que han vingut a ensenyar a jugar als seus jocs, d'entre els quals cal esmentar Màrius Serra, Oriol Comas, Víctor Baroja o el mateix Enric Aguilar. ""Esbrinarem què va passar: ho devem a les famílies"""
"uns han parlat ""bé i altres, malament o molt malament"", mentre que hi ha hagut persones que han anat a la ""jugular"", sense esmentar noms, però en tot cas ha desvinculat les seves reflexions sobre el seu futur de la consulta sobiranista, en què s'ha","de 22 Mb. per segon, i els clients finals mitjançant connexió WiFi, a 5 Mb. per segon. L'executiu no s'ha estat d' esmentar la col·laboració en la implementació del projecte a Xile amb Telefónica, a Nova Zelanda amb Vodafone, i a Australia amb"
"la foto i el revés de 'la Roja' a les seves primeres pàgines, així com que 'El Punt Avui' faci avui una portada sense esmentar el rei Joan Carles i el rei Felip malgrat que l'editorial es destina a això per, bàsicament, qüestionar l'exaltació",a explicar la intervenció andorrana del BPA i a citar els mafiosos internacionals denunciats pels EUA sense ni tan sols esmentar els Pujol. Aquest últim diari assegura que hi ha tranquil·litat al Banc de Madrid que queda sota supervisió del Banc d'
". Una diversitat que neix de la nostra història, ens engrandeix i ens ha d'enfortir"", ha dit el Monarca, sense esmentar l'auge de l'independentisme a Catalunya. La defensa de les llengües cooficials també ha ocupat una part important del","també en la de Barcelona hi han competit primeríssimes figures internacionals. Només per recordar alguns noms, es pot esmentar Haile Gebrselassie, Samuel Wanjiru, Patrick Makau, Wilson Kipsang, Stephen Kiprotich, Gete Wami, en la prova"
": la chanson clàssica il·lumina el seu repertori, com va subratllar una de les peces, Little French song, en la qual va esmentar clàssics com Brassens, Brel i Ferré. En escena va estar apocada, presentant cada cançó en francès i en anglès, i","no es ""disfressin"" o es presentin ""transvestits de res"", sinó fidels als principis ideològics. La lideressa no va esmentar cap tema local. Això sí, va vessar desimboltura i va exhibir els seus dots de manar a l'exercir com a mestra de cerimònia"
"concedida fa uns dies a People va confessar que coneixia el mal moment pel qual estava passant la parella. ""L'Antonio va esmentar que tenia alguns problemes amb el seu matrimoni"", va assegurar, i va afegir que el malagueny li havia comentat que ""","desemparat en la seva relació amb la plantilla. ""Potser dos mesos enrere la pregunta era al revés"", ha afegit sense esmentar el nom de Luis Enrique. Al gener, el tècnic del Barça, després de perdre a Anoeta, estava qüestionat; al març, el tècnic"
sentit els sanatoris especialitzats de la muntanya. Seria aberrant enyorar aquestes situacions que s'acaben d' esmentar perquè proporcionaven una feina estable. Les noves tecnologies de la comunicació amenaçaven els mitjans que se,"i Ciutadans estan per apuntalar el que hi ha"", és a dir, l'actual presidenta, Susana Díaz. El cap del Govern central va esmentar , per tant, un per un els seus adversaris, cosa poc habitual, i, per diferenciar-se d'ells, va assegurar que el PP ""no"
"la utilització d'esquers prohibits. A banda, els Agents Rurals van decomissar-los les arts de pesca i les truites. Cal esmentar que els pescadors duien una nevera portàtil de grans dimensions amb l'única utilitat de conservar les truites.","Luis Garicano. L'operació Ciutadans ha fet convergir, doncs, Pedro J. Ramírez, El Mundo, El País i la Sexta, per esmentar algun dels mitjans o periodistes espanyols més influents. La presència de Rivera encara s'ha multiplicat més aquests"
"en valencià amb l'excusa de la reducció de la natalitat, que sempre, curiosament, afecta la línia en valencià. Volem esmentar , pel que té d'heroic i dramàtic alhora, l'exemple de Jaume Sastre, àmpliament comentat i defensat fins i tot fora de les","la política"", ""els adams que floreixen per tot arreu"", ""els conferenciants i tertulians"". Tot eufemismes per evitar esmentar Podem i Ciutadans, als quals el president va arribar a titllar d'""eixelebrats"", malgrat que no els va esmentar de forma"
"que la mesura serà positiva. Ara cal acabar de definir com s'aplica"". El grup socialista, però, va dir que ""segons es va esmentar en alguna de les trobades"" no hi acaba d'haver el consens necessari i que alguns pobles no hi estarien d'acord. L'","evitar esmentar Podem i Ciutadans, als quals el president va arribar a titllar d'""eixelebrats"", malgrat que no els va esmentar de forma directa en cap moment. Davant d'això, Rajoy va igualar el PP en el seu discurs amb el concepte íntim de la"
"els han fet ""respectats, admirats i estimats"" i que han contribuït al ""progrés d'Espanya en el seu conjunt"". Felip VI va esmentar diverses vegades les visites que ell i Letícia han fet tant a Girona com a Catalunya i va destacar que hi han trobat ""","patint ""doloroses separacions dels seus éssers estimats que estan presos o desapareguts a l'Iran"". El president va esmentar els casos del pastor d'origen iranià, Saeed Abedini, detingut a l'Iran des del setembre del 2012; del periodista del"
", Steffen Seibert, ha confirmat que el motiu de l'expulsió és la investigació oberta per la fiscalia, a més d' esmentar ""els mesos transcorreguts sense obtenir resposta sobre les activitats dels serveis secrets dels Estats Units a","ha dues comunitats a l'Índia molt florents i nombroses, des del final del segle II i el començament del III. -- Acabeu d' esmentar Estat Islàmic. Amb l'auge d'aquest grup fonamentalista a Síria i l'Irac, ha saltat a primera plana la persecució"
"abans de l'agost per tractar de recuperar el diàleg sobre l'Estat, o sigui, sobre el futur de Catalunya i Espanya sense esmentar la consulta anunciada per al 9 de novembre i sense saber amb certesa què negociaran. Les portades de les primeres","la ria d'Aveiro i les sardines fresques. El bacallà té menció a part i és deliciosament cuinat a tot Portugal. També cal esmentar el xai lletó rostit en Mealhada o l'ànec, en diverses preparacions. De postres, hi ha els típics dolços de Sant Clara. A"
".' I va recordar: ""Des de les primeries els cristians tenim dret a decidir, si ja va passar en temps de Constantí!"" En esmentar l'emperador romà, una assistent va postil·lar: 'No va ser Constantí, sinó Teodosi.' Un altre va atansar una postal que","que comporten una gran dosi d'esforç en ser territorialment petits. Però no solament ens en sortirem pel que s'acaba d' esmentar . Ens en sortirem perquè els andorrans som gent amb seny, honrada i treballadora. Perquè quan pinten bastos (com, per"
"societat brasilera, amb la pobresa al capdavant. En una línia de denúncia semblant a la dels vídeos de Carla Dauden cal esmentar el documental en format web Who are the Champions, que dóna veu a una dotzena de carioques i explora com els ha afectat","als contractes investigats, va insistir fins a 20 vegades que eren responsabilitat dels executius del club, i també va esmentar 23 vegades el bufet Cuatrecasas quan se li va preguntar pels comptes que podrien suposar un delicte fiscal. Segons"
"del llançament indiscriminat de coets per part de milicians des de Gaza contra el territori israelià. Després d' esmentar diversos atacs aeris i bombardejos que han afectat habitatges i hospitals al territori costaner palestí, Pillay ha","va tractar d'aquesta manera ""d'ocultar la seva malaltia a l'empresa i a l'entorn professional"". La fiscalia no va esmentar el tipus de malaltia que tenia Lubitz, de 27 anys, però alguns mitjans alemanys van informar que patia problemes"
"sessió de control, destaca demanar al govern espanyol que compleixi els acords i que respecti la legalitat. També cal esmentar la intervenció de Miquel Iceta, nou líder socialista, en el que sembla l'inici d'una nova etapa en la relació entre el","i Marta Pujol van comentar això dels 500_milions de pessetes a repartir entre vuit (62_milions cada un), però no van esmentar que la fortuna acabés arribant als vuit_milions. TRANSFERÈNCIA O EFECTIU / Pujol Ferrusola va detallar que el seu avi"
"es van celebrar arreu del principat més de 4.000 actes públics, una brutalitat"". Abans d'acabar, Salvador Cardús va esmentar els ""punts clau"" per a la culminació del procés: ""mantenir la nova cultura col·laborativa entre entitats i moviments,","no en pot disposar. L'imputat es va negar a respondre a l'acusació de Manos Limpias. Pel que fa a la carta de l'avi que va esmentar davant la jutge l'expresident, i que segons ell demostraria que la fortuna oculta procedeix d'un llegat, el"
"ministre d'Hisenda, Cristóbal Montoro, hi anés a donar explicacions sobre ""els avenços contra el frau fiscal"", sense esmentar concretament Jordi Pujol. Malgrat això, la petició dels populars té lloc pocs dies després que el PSOE reclamés que el","preocupació per la carrera política que havia emprès el fundador de CDC. Aquest manuscrit, que l'expresident també va esmentar davant la jutge, no ha sigut aportat per la família com a prova, però el patriarca va admetre que té un ""valor relatiu"""
"que no garanteixi que anirà fins al final en l'assumpte del 9-N. El repàs de la dècada prodigiosa de CiU ha portat Mas a esmentar Jordi Pujol. ""La federació es va crear com a forma d'adaptar-se a una CiU sense Pujol. Això vol dir que Jordi Pujol ja fa 10",", ni la seva activitat professional, ni la seva rellevància social ni la seva afiliació política"" , ha precisat, sense esmentar cap nom concret El titular d'Hisenda ha insistit, tot seguit, que en la lluita contra el frau ""el respecte a la llei i l'"
"fàcils i ara no, tot crema molt més. Abans et penjaves medalles i ara et menges molts gripaus', ha finalitzat Mas, sense esmentar en cap moment la formació dirigida per Oriol Junqueras. Una nena de 5 anys i un noi de 19, ferits greus en un accident a Les","dubtes sobre la convocatòria d'uns nous comicis a Catalunya i ha assegurat que ""esclar que hi haurà eleccions"", sense esmentar expressament la data del 27 de setembre. Mas ha fet aquestes declaracions als mitjans a la sortida d'un acte a Barcelona"
"que arribi a tots els actors i no només als operadors. En la seva opinió, aquestes companyies d'internet, sense esmentar noms concrets, però en clara al·lusió a gegants com Google o Facebook, ""són les que més parlen de neutralitat i són les","), Bermudes (Regne Unit), Illes Caiman (Regne Unit), Montserrat (Regne Unit), etcètera. Capítol a part mereixeria esmentar molt especialment Delaware, Wyoming o Nevada als Estats Units d'Amèrica. O Hong Kong i Macau (la Xina). És que cal"
"cap del Servei d'Hematologia i Oncologia, i tenaç investigadora en matèria oncològica. Tanmateix, no sóc jo qui ha d' esmentar les seues excel·lències cientificomèdiques, contrastades i reconegudes internacionalment, les quals han",". I alguns d'aquests tràmits pertanyen a l'àmbit més imaginatiu dels seus autors, Artur Mas i Oriol Junqueras. Per esmentar -ne dos , només des de la més ardent ingenuïtat es pot programar,... 'Antes rota que roja' L'Holanda-Espanya de dimarts"
". Sense trama, no hi ha corrupció. Sense un nombre suficient de corruptes al poder, tampoc hi ha corrupció. Si es pot esmentar Andalusia com a excepció en el sistema de repartiment, també caldria, sense sortir de la península, remarcar que","durant la vista que el relat dels fets per part de la víctima tenia certs elements que li restaven credibilitat, i així va esmentar que l'home havia declarat que la filla de l'acusat, de 12 anys, l'havia agafat pel coll en una ocasió i que el dia que l'"
", tothom ho ha entès i ha quedat clar, però en comptes de caure en la resignació com en altres indrets que no és moment d' esmentar , aquí augmenta el desig de fer un país millor, per la qual cosa convé deslliurar-se de males companyies, les pròpies i","indefugibles si la independència no ha de ser una mera superestructura. En els aspectes negatius, caldria esmentar : a) que no determina quan es farà la declaració derivada dels resultats electorals; b) que no parla de Declaració"
"a un acte de l'organització espanyola de trasplantaments, Rajoy va apuntar que en una jornada com la d'ahir -sense esmentar la Diada- és moment de recordar que el valor de la unitat permet que ""un andalús visqui amb el cor d'un català"". Usant,","euro, ja que Espanya vetaria l'entrada de Catalunya a la unió monetària"", indica. ""Simplement per aquesta raó, per no esmentar la inestabilitat política, es produiria probablement un èxode de multinacionals i d'empreses espanyoles a altres"
"massa llarg, ja que l'avorriment comença a treure el nas. És temps ara d'organitzar-se, de quadrar calendaris. Sense esmentar les obligacions per guardar el nen, i altres imperatius professionals, us plantegeu matricular-lo a activitats","Barcelona, el que va arrencar la seva ponència advertint als concurrents que ""no tot s'hi val"". I encara que ell no els va esmentar , el públic va pensar en els trabucaires de Cardedeu. Recentment la subdelegació del Govern de Barcelona els va imposar"
"anticipades? No sé si en parlarem o no. No sóc jo qui decideix de què es parla en aquest país. La possibilitat la va esmentar el mateix president. Ho va dir fa un any, i no hi ha anat insistint. Per què? Perquè estem centrats en allò que hem","a finals de mes enviï el pla d'estabilitat a Brussel·les, la previsió de creixement del PIB serà superior al 2,4% que va esmentar en el debat sobre l'estat de la nació. El Fons Monetari Internacional s'ha avançat i ha xifrat en el 2,5% aquesta"
", que esperen que el nou estat els pugui donar més oportunitats que no pas han tingut amb la vella unió. I no en va Salmond va esmentar unes paraules d'Adam Smith, pioner de la política econòmica i autor del clàssic Sobre la riquesa de les nacions, que es",", dolgut i defraudat"" amb les persones que després de deixar la política ""han tingut determinades conductes"", sense esmentar explícitament Rato. Montoro ha revelat a més que ""ni ha parlat ni pensa parlar"" amb l'excap de l'FMI, i ha justificat la"
"de la part més genuïna de la llengua. Entre els seus referents literaris, a banda de Pavese, Rilke i Gerald Durrell, va esmentar com a inspiradors del seu viatge a la infància tres autors catalans: Joan Francesc Mira, de qui va elogiar El tramvia","la Fira i que els demanaven instantànies. Algun ha arribat a dirigir-se a Barberá per a referir-se al 'caloret' que va esmentar en el seu discurs de la Crida que dóna començament a les Falles. L'alcaldessa ha contestat amb ""el caloret electoral""."
"per l'opció 'més favorable per a tothom: per a ells, per a la resta de ciutadans britànics i per al conjunt Europa'. Sense esmentar Catalunya, també ha destacat que el referèndum s'ha fet amb un 'escrupolós respecte a la legalitat'. 'Vull felicitar",". Quatre tòpics madrilenys sobre la benevolència que significa pagar les factures de la Gener, naturalment sense esmentar d'on surten els diners i, finalment, allò d'enviar el Tribunal Constitucional les lleis i als jutjats qui posi les"
"SNP durant vint anys, va assegurar que hi ha ""un nombre de candidats molt qualificats"" per rellevar-lo i, tot i que no va esmentar cap nom, totes les mirades estan posades en l'actual viceprimera ministra escocesa i número dos del partit, Nicola","la Biblioteca Manuel Serra i Moret). Si bé el tret de sortida de les representacions comença el divendres a la tarda, cal esmentar que al llarg del matí del divendres 1 de maig hi haurà diversos actes. A les 11h al Centre Cultural Recreatiu de Pineda, el"
"Menéndez. La jutgessa afegeix que aquestes querelles aporten ""dades i informacions més concretes, arribant a esmentar informes policials"", motiu pel qual els fets denunciats ""han de ser objecte de la deguda instrucció"". La inadmissió de","escriure -i amb molt d'encert- sobre Witkiewicz, a propòsit de les primeres traduccions al castellà. Convé igualment esmentar el número 39-40 de Quimera (1984), amb un llarg reportatge d'Elzbieta Bortkiewicz i Juan Carlos Vidal (autors, també,"
"aprovi, sinó que també es compleixi"". Laura Massana, la diputada del grup parlamentari ICV-EUiA ha sigut la primera en esmentar el canvi del concepte de ""discapacitat"" per ""diversitat funcional"". Massana ha volgut accentuar aquesta","en aquest dia a dia del país, que també s'ha de complir. I si hi ha entrebancs, s'han de denunciar"", es va queixar. Sense esmentar expressament el partit d'Oriol Junqueras, el president va reclamar que ""tots han de remar en el mateix sentit"" si es vol"
"socialista se senti nacionalista. ""Pot ser nacionalista, però sens dubte no és socialista"", exclamava. El que no es va esmentar en cap moment és que precisament a Suresnes és on es van establir les bases sobre el futur model de república federal","als mercats, coordinació de regulacions i regles en sectors com el farmacèutic, l'energètic i l'automobilístic; van esmentar ""útils intercanvis"" en temes com la lluita contra la pesca il·legal i van coincidir a destacar la ""clara direcció"
"arribada de l'altre ramal de la mateixa línia a la Zona Franca. El que segueix empantanegat, i que ahir ningú va esmentar , és el tram central de la línia, entre la Zona Universitària i la Sagrera. A mig any de les municipals, Trias encadena","l'anàlisi més completa fins ara de tots els incidents nuclears de la història: n'han comptat 174 entre 1946 i 2014. Cal esmentar que fins ara les llistes d'accidents de què es disposava contenien detalls de com a màxim un centenar de casos. A més, l'"
"es pugui sentir espanyola d'una manera diferent de la seva. Però hi ha el dret de no sentir-se espanyol, i això ni ho va esmentar . Jordi Savall: 'Sóc un independentista que em sento com a casa a Barcelona, Sevilla i Abu Dhabi' Jordi Savall ha dedicat","per la societat, amb un amplíssim volum de creació i difusió en els nostres dies, servisca com a exemple tan sol esmentar la increïble quantitat de dues_mil imatges que es pugen a la xarxa social Instagram per segon cada dia, segons dades d'"
"originals, adreçades a Mercè Figueres -- totes llevat d'una, que va destinada a Màrius Torres. També paga la pena d' esmentar una altra diferència: el paper de la nova edició és paper de bíblia, cosa que fa el volum més llegidor, tot i tenir més de","*laboració del Da2 Domus Artiun 2002 de Salamanca, i altres individuals, com les gigantografies de Luis Montolio, per esmentar tan sol dues de les trenta-sis propostes expositives que componen el programa d'aquesta dotzena edició. Un programa"
". La gent mereix respostes i mereix no ser marejada com diuen de les perdius. És una obvietat, que quasi no caldria ni esmentar , que la nova consulta del 9N poc té a veure amb un referèndum, i molt més, com encertadament recollia el rotatiu argentí","afegit del grup alemany. Rajoy va agrair, inflant el pit, l'aposta de Volkswagen per l'Estat espanyol. Ni ell ni Mas van esmentar el debat sobiranista, tot i que el president espanyol va destacar que Barcelona i la seva indústria ""es van obrir al"
". Li van preguntar quin llibre del flamant Nobel Patrick Modiano li havia agradat més i la dona va ser incapaç d' esmentar un sol títol. Això sí, va explicar que havia... L'edat del 'brunch' Els brunch es van posar de moda quan érem joves i","com mones"", ha afirmat el president. Mas ha fet aquestes declaracions a Tortosa, on ha visitat la fira Expoebre. Sense esmentar explícitament Monedero ni el partit de Pablo Iglesias, Mas ha utilitzat una metàfora per explicar que ""hi ha oficials"
"com amb les obligacions en matèria de comptes públics, qüestionades per Brussel·les. I és que, al seu entendre i sense esmentar explícitament el sobiranisme a Catalunya, ""els principals riscos són polítics"", no econòmics. Un dels factors en què","ho permetin-- es reprendrà la recerca dels espanyols a Langtang amb un reforç de l'equip actual. Rajoy i Fabra no gosen esmentar Rus i diuen que 'el PP no és perfecte' El president del govern espanyol i del PP, Mariano Rajoy, ha visitat avui València,"
"contribució dels immigrants al Regne Unit, que avui se sent ""orgullós d'haver creat una societat multiracial"". Sense esmentar la formació de Nigel Farage, va advertir que ningú ha d'utilitzar la immigració per dividir i va recomanar desconfiar",", s'arremanga, pren decisions i és capaç de capgirar la situació"", ha assegurat Rajoy. També Fabra ha admès, sense esmentar Rus ni cap altre cas de corrupció que ha afectat les seves files en l'última legislatura, que el PP ""no és perfecte,"
"250 empresaris brasilers i espanyols, amb el fundador i president de l'entitat al front, Joao Doria Jr. Sense esmentar el president de la Generalitat, Artur Mas, ha assegurat que ""alguns espanyols equivocats"", han posat en perill l'","les del 1931, que van propiciar l'adveniment de la Segona República Espanyola -i que a Catalunya, tot i que això no es va esmentar ahir, va guanyar ERC, la qual cosa ara seria una sorpresa. Per Colau, els comicis del 24 de maig, com aquells de fa 84 anys,"
"Rei com la Vicepresidència del Govern han desmentit les paraules de Francisco Nicolás. En l'entrevista també es van esmentar les trobades amb Ana Botella, el president madrileny Ignacio González i amb Miguel Ángel Moratinos a propòsit d'uns","a la petició de no escalfar els ànims i de tenir la festa en pau, però les seves van ser demandes genèriques, fetes sense esmentar cap candidatura. Colau també va condemnar l'agressió -com tots els contendents menys la CUP, que es va limitar a"