"que comprava, n'encomanava més i més als mercaders i supose que els esperava amb ànsia. Els guardava en armaris, els fullejava , els llegia a la fresca de l'hort, i no sé quin sentit li devia trobar a tot plegat, o per què ho feia. Però la passió pels","era l'edat del guàrdia que va multar el vell), tant que permeten llegir un capítol de novel·la d'extensió mitjana, fullejar un parell de diaris i conèixer l'eternitat de l'amor en un i fins a dos intents. En canvi vuit minuts, a partir de certa"
"Espanya castellana el va titular Direcció Lisboa. A Manchón el conec d'un dia que vam coincidir a la televisió. Mentre fullejava un llibre que acabava de publicar sobre Catalunya, em va deixar anar que Pompeu Fabra havia fet la gramàtica pensant d'","d'una víctima i vaig anar-hi. Al començar a parlar em vaig adonar que era una història que es podia adaptar i quan vaig fullejar dues o tres pàgines m'hi vaig decidir"" recorda. A l'arribar a casa ja havia pres la decisió. ""Sabíem que hi havia hagut"
"pot veure's al Canadà, penjat al Museu de Fine Arts de Mont-real. Un bon dia, quan Ferran tenia quatre anys, mentre algú fullejava La Vanguardia, la criatura, que era una mica més enllà, es va posar a llegir en veu alta una esquela que portava el diari;","cándido... bastante tímido. No, en realidad... ¡muy burro!"". La seva escapatòria era, justament, anar al quiosc a fullejar o comprar ""tebeos"". Però l'experiència a l'escola de capellans el va sacsejar. Ell escrivia ""Soy anticlerical porque"
"el vistiplau a la seva investidura. Així consta a l'agenda que aquest dimarts, durant la reunió del Consell Executiu, fullejava Mas. Segons es pot apreciar a la fotografia adjunta a aquest text, l'Executiu en funcions comptava que dimarts 29,",", qui més qui menys, estava preocupat pel que passaria amb el canvi d'any respecte al temut efecte 2000. A mi que m'agrada fullejar la premsa antiga, l'hemeroteca, resulta que el tema predominant del 1999 era què podia passar amb el canvi de dígits i"
"sinistre o sòrdid. Crec que l'únic llibre que vaig veure a les seves mans va ser un d'en Gironella, no obstant diàriament fullejava Los Sitios i La Vanguardia; a l'hora de dinar ens feia cinc cèntims del que havia llegit i l'escoltàvem amb atenció; es","i també els fan servir per fer instal·lacions i collages. Malgrat que estan exposats dins de vitrines i no poder-los fullejar , desprenen el magnetisme de les coses velles i l'atractiu de poder endinsar-se en els treballs més íntims d'uns"
"donin alegria"". Marie Kondo explica que la seva passió per l'ordre va començar de ben petita, amb només cinc anys, quan fullejava revistes de decoració que la seva mare comprava. Avui dia es dedica a això professionalment i va a casa de gent que vol",", mallorquins de soca-rel, quedant sepultades entre l'ossamenta dels tocats i morts per la malaurada pesta. Basta fullejar les estadístiques que roden enguany -doble centenari de la pesta- una i altra vegada per les nostres xarxes"
", però eren actuals i noves, i estaven dotades d'un refinament del detall que només una càmera pot aconseguir. Quan fullejava les pàgines de la revista, esperava topar amb el seu meravellós desordre a gran escala, que s'acostava a la mida real.","i el delegat de l'Estat a la Zona Franca, Pere Navarro. Els seus 'companys' de Seat li van regalar un llibre de fotos que va fullejar emocionat. ""Has d'enviar-ne un a la teva mare"", els va etzibar la Silvia. També es va emportar en aquestes bosses l'"
", una mena d'onomatopeia intel·lectual que encara no s'havia plantejat com lletrejar. Al cap d'uns mesos, mentre fullejava Finnegans wake, va topar amb la frase "" Three quarks for Muster Mark!"", en què el terme quark fa referència al grall d'un","llibres després, quan per fi es podrà tornar a fer (passejar, badar davant d'un aparador guarnit de llibres, entrar a fullejar , demanar consell o donar-lo i que la distància amb els altres la marqui tan sols la voluntat de cadascú). Han creat una"
"en els prestatges d'una biblioteca de Nova York va trobar una antologia de poesia grega traduïda a l'anglès. Mentre el fullejava , trobà en aquell llibre un poema del segle XVI referit al sacrifici d'Abraham. Cap al final, quan Isaac veu que la mort és",", la Casa Calvet, on els llibres es troben literalment com a casa. Cada estança és un bagul dels records que convida a fullejar els tresors que descansen a les prestatgeries, on el silenci contrasta amb l'emoció que genera el fet de saber-se en un"
"David Lean casualment va veure una foto seva a la portada d'una revista femenina. ""Devia ser la primera que Lean fullejava en la seva vida. Vaig tenir sort"", recorda. Poc després va arribar a ella el que probablement sigui el cineasta més","amb una pregunta diària sobre l'edifici, patrimoni mundial per la UNESCO. A més, des del web del Palau es poden fullejar i comprar tots els llibres de la col·lecció El Palau Güell a fons, accedir a una llista de música recomanada per María"
"de la revista Pulgarcito sota el nom de Mortadelo y Filemón, agencia de información. El seu autor, Francisco Ibáñez, fullejava ahir amb un somriure nostàlgic aquell exemplar de Pulgarcito, una relíquia propietat de l'actor Carlos Areces que",". És evident que en les llibreries podem raonar amb el llibreter, formar part d'una tertúlia ocasional i, per suposat, fullejar llibres. No són, però temps per a la lírica, sinó per a la hipnosi del plasma, d'ací que el valor afegit de l'amical"
de persones en països del Tercer Món. La moda sí que incomoda. I molt. Això és el que va descobrir Morgan un matí en què fullejava The New York Times. La imatge de la portada li va cridar l'atenció: dos nens de Bangla Desh caminaven davant d'un mur,", pel passeig de Gràcia fins a tota la ciutat."" Des de llavors, milers de persones surten al carrer per comprar roses i fullejar llibres. Aquest any, el coronavirus ho ha impedit, però no és la primera vegada que cal canviar la data de la diada. Fins"
"d'Artà, de nom Bellpuig. En aquell temps, Guillem Bisquerra feia feina a un hotel, però, com tots els artanencs, ja fullejava la publicació. Fins que s'hi va implicar. Ara fa 43 anys que viu el Bellpuig des de dins. Amb 700 subscriptors, un 10 per","cercar on signa el teu escriptor preferit. Dinar tranquil·lament si el dia acompanya en una terrasseta tot començant a fullejar , llegint només algun punt i de manera superficial un dels llibres adquirits, o tornar a llegir per enèsima vegada la"
"compra perquè s'ha transformat en un document antic. A casa entraven dos diaris: Los Sitios i La Vanguardia. Només els fullejava el pare, excepte el dia que hi havia cròniques futbolístiques, que el meu germà Francesc, que era l'entrenador de",", amb centenars de converses i vídeos en què alguns recomanàvem títols que es podien comprar a distància, però no fullejar ni rebre firmats per l'autor. Jo mateix vaig gravar sis d'aquests vídeos, movent-me per tota la casa per no repetir el"
"gos de Pávlov. Desconsolat, vaig descobrir que dues files més enrere i a classe turista com jo, Alfredo Pérez Rubalcaba fullejava alguns papers que anava comentant amb el seu somnolent company de viatge. No m'ho vaig pensar dues vegades: ""Hola,",", biaixos i prejudicis"". El treball diferencia la lectura d'escombrat (per fer-se una idea general del text, com ara fullejar ) de la lectura immersa (generalment la de la ficció) i de la profunda, aquella que requereix ""fer servir el que ja sabem"
"aquest contrast entre el dins i el fora i de tornada a casa em vaig aturar a prendre un te a la cafeteria de costum. Mentre fullejava el diari, la pluja interior es va estendre cap al pit convertida ja en borrasca de calamarsa. Vaig sentir un fred que","hi ha darrera d'aquestes xifres econòmiques tan desgraciades, aquests percentatges tan freds. Com votarem? Podrem fullejar llibres a la llibreria? Ens podrem emprovar la roba a la botiga? On ens traurem el carnet de conduir? I el vermut, la"
"en què les invencions, els rumors i els desitjos inconfessables ens arriben diàriament. Abans, quan el paper manava, fullejava els diaris esportius al bar i a les dotze del migdia la meva curiositat quedava satisfeta. Ara necessito refrescar les","obligat a les llibreries a ""reinventar-se"" ja que ara han de recomanar llibres sense que els futurs lectors els puguin fullejar . A Barcelona, la llibreria La Carbonera del Poble Sec ha rebut clients d'un en un cada quart d'hora. ""Encara hi ha alguns"
"edició d'hivern de la revista ""Argo"", que edita el Museu Marítim de Barcelona on m'hi vaig topar amb un parell mentre la fullejava . D'una banda, un reportatge a la secció Llevem l'Àncora signat per la periodista Marga Font, on explicava la seva","un exercici senzill: quan a principis de maig la primavera es desboca i hi ha un augment sobtat de temperatura, cal anar a fullejar Les hores, volum 20 de l'O.C. planiana, buscar el capítol dedicat a l'època de l'any en la qual som i comprovar què diu el"
"olímpiques dibuixades al buc. Ho va descobrir Joseph Schirmer, un aficionat a la filatèlia olímpica, un dia que fullejava un llibre sobre la marina alemanya en la Segona Guerra Mundial i va veure una foto d'un submarí del tipus IX C amb les","pel compliment del distanciament establert -2 metres- i les mesures de seguretat. A més, asseguren que permetran fullejar i remenar els llibres de les prestatgeries. Les llibreries afronten la nova fase amb incertesa, però amb l'esperit d'"
no acabaria fins la mort de Fernando VII. Blasco Ibáñez a través de Martí Domínguez VALÈNCIA. Farà d'açò uns deu anys. Fullejava distret als expositors d'una llibreria quan va caure a les meues mans un volum en valencià que em va cridar poderosament,"com a focus generadors de debat i pensament crític, però és l'única cosa que es pot fer, de moment. Per passar-hi hores, fullejar llibres (o olorar-los!), per trobar-hi amics i xerrar una estona sembla que haurem d'esperar. La crisi generada per la"
"fruit de la generosa donació de Clavé. ""No era tant d'internet com de diaris; cada matí es prenia el seu cafè amb llet i els fullejava ; els caps de setmana els devorava"", recorda la seva companya, que ha enganxat en una llibreteta negra les etiquetes",segon diumenge amb la persiana apujada. Res a veure amb les jornades festives pre-Covid en què fer el vermut pel barri i fullejar llibres era un tot en un. Ara els exemplars no es toquen. I ni es pensa a reunir 40 persones per a una activitat. Aquest
"tancaments fronterers Convé més que mai explicar, aquí i a fora, quina és la realitat econòmica d'Andorra Fa pocs dies, fullejava el llibre de J. M. Sánchez de la Campa, de 1851, El Valle de Andorra, examen critico del orígen, naturaleza, y","per als venedors? Com es mantindran les distàncies entre els treballadors d'una mateixa parada? Es podran remenar i fullejar els llibres per part dels compradors? Són interrogants que s'estan plantejant i que amoïnen alguns dels exhibidors,"
", els crèdits de la sèrie Embrujada... Però si haguera de quedar-me'n una, seria la revista The Face. Tan bon punt la vaig fullejar me'n vaig enamorar. Era el tresor que cada any m'enduia d'Anglaterra"". ""A cals meus pares hi havia molts llibres de l'","tornar a treure revisada al cap de 40 anys. És difícil que un autor retingui durant tot un llibre el meu interès; soc més de fullejar i de volar intensament d'una flor a l'altra, com les papallones. Escric perquè llegir em fa mandra, però els llibres de"
"web fa promoció de la revista en paper. I ho fa de manera directa amb anuncis de publicacions, sumaris, possibilitat de fullejar una dotzena de pàgines de cada número o accés lliure a certs articles d'actualitat de l'últim número. Però la promoció",". Seguint pel passadís s'accedeix a una sala amb galeria superior (vegeu la fotografia) on es podrà prendre un cafè, fullejar títols de vell i assistir a actes -amb una capacitat de fins a cent persones-, com ara presentacions, recitals,"
"de Andrade De vegades em passen coses rares. Fa dues nits, per exemple. Pel que sembla, em vaig aixecar somnàmbul i vaig fullejar uns quants llibres que es troben a la meva habitació. Pot semblar estrany, però ja m'havia passat un altre cop, anys","i emportar-se Cuintes a casa ho poden fer al web http://quorumllibres.cat/project/cuintes, en el que és una manera de fullejar el llibre amb exemples d'un grapat d'històries. Uns relats per menjar-se'ls amb els desitjos d'un ""bon profit a totes i"
"passar per muntanyes del Pirineu gironí o platges de la Costa Brava, fet que va fer córrer molts rius de tinta. Només cal fullejar els diaris, tanten l'àmbit local com nacional quan es va produir, per l'escàndol que va representar. Diuen les males",". Molts reconeixen que estaven ansiosos perquè reobrís el mercat i han vingut els primers per saludar els paradistes i fullejar les últimes novetats. ""Si no obrim els tendals a l'agost no podrem respirar"" Alguns paradistes també s'han queixat d'"
"manera de posar en contacte amb la vida més local uns fets que van tenir una repercussió mundial"", raona Ponsatí-Murlà. Fullejar les seves pàgines permet accedir des de la perspectiva actual a les reaccions locals desencadenades per la guerra i",", esperar fora i se't dona el llibre com si fos un objecte perillós. No es pot entrar, no es pot consultar, no es pot fullejar , no es poden tocar els llibres ni diaris ni revistes. No té cap ni peus, com tantes altres coses. Com la falta de premsa als"
". Una novel·la commovedora i terrible que desemboca en l'esclat d'una passió latent. Un llibre breu per llegir, fullejar i rellegir que obre una filera d'interrogants subversius que cerca la força de les paraules."" Cinquanta anys de","literàries. Destaca també la secció Arts Llibres, dedicada al llibre com a objecte d'art en què el públic pot observar, fullejar o adquirir edicions d'artistes destacats com Miró o Tàpies. La literatura infantil i juvenil té el seu espai a la sala"
"Jordi, com ara, a Maó, Ciutadella i Es Mercadal. El bon temps de la jornada d'aquest dijous ha animat a molts a passejar i fullejar els llibres que s'exposen. A Ciutadella, a més, els fillets de les escoles també han aprofitat per sortir i anar a les","llibres i roses al Port pel risc que això implica en un dia on, habitualment, hi ha concentració de persones i tothom vol fullejar pàgines i llibres. De tota manera, comerciants i Ajuntament conviden a tothom a regalar llibres i roses del comerç"
", les biblioteques, un immens aparador de lectures per a tots els gustos, edats i aficions. Aquí podràs triar i remenar, fullejar , llegir les contraportades o alguns fulls a l'atzar per assegurar-te que aquest és veritablement el teu llibre. No",que molta gent no s'havia assabentat de la celebració del Sant Jordi d'estiu. Molts en veure les parades s'han apropat a fullejar llibres i a comprar-ne algun. Una de les llibreries amb parada al Passeig Joan Brudieu ha apuntat que aquest dijous són
"ens hem enamorat de la tranquil·litat del nostre país. Aquesta col·lecció d'assossecs, que el turista pot fullejar amb calma, va començar a fer-se a la segona meitat del segle XIX. Abans d'això, érem una nació de guerres i cataclismes.","destinat a les parades, se'ls prenia la temperatura. Els punts de venda estaven protegits per mampares i no es podien fullejar els llibres com sí que es fa per Sant Jordi, per motius de seguretat sanitària. Tothom que va passar pels punts de venda es"
"al FNC Diagonal a Barcelona i vaig veure exposat el llibre a un dels primers mostradors, com a novetat editorial. El vaig fullejar , començar a llegir amb interès i abans d'arribar a la tercera o quarta pàgina ja sabia que m'acompanyaria durant el mes","Georgina Tamburini i Serra, van explicar que ""la intenció és que sigui una guia que al visitant li vingui de gust llegir i fullejar , que no serveixi només per consultar el que t'interessa en un moment concret i prou, sinó que sigui un material de valor"
"a una cadira. No obstant, no sembla aquest el cas d'aquest estudi antropomètric que ara, 120 anys després, és possible fullejar . A sota de les fotografies, en una cal·ligrafia sempre acurada, figuren el nom, l'edat, el lloc de naixement, la","en una rutina gairebé diària. No sempre a la mateixa hora; podia ser ben aviat per ingerir la dosi de cafeïna matinal i fullejar la premsa, per fer-hi un vermut i tertúlia al migdia, o la primera cervesa d'una nit de festa. La dimensió de l'espai"
"d'Udo Steinberg i vaig trobar, llavors, a través de més recerques, la connexió amb el club blaugrana"" Stascheit deixa fullejar part de tot el material de recerca obtingut, que omple més de 40 arxivadors, mentre explica que la recuperació de la",ha coses que em preocupen. El món de l'art ha caigut en la trampa neoliberal de la productivitat. Tinc un record de petit: fullejar un llibre de fotografies de Miró en què apareix dibuixant a la sorra de la platja. Jo reivindico aquest acte gratuït de
"hores de conversa, entén que això és bo, que no hi ha pedanteria en el fet de voler saber. No tenia estudis. Va deixar de fullejar llibres ""als 14 o 15 anys"", ja no se'n recorda. A mitjans del segle passat, donada la malmesa economia familiar de","obsessius per banalitats. El que porto a dins (a tan poca fondària que és perceptible a simple vista) s'ha desvetllat en fullejar el llibre Embarcacions tradicionals de la Costa Brava, d'Hanníbal Climent i Domènech, publicat als Quaderns de la"
"... -Doncs si t'han de venir a buscar aquí ja em podries fer un cafetó, mentrestant, i posar-me una pasteta, així podria fullejar una mica els diaris... -Va, perquè és vostè, eh? Però quan arribin els col·legues marxo cagant llets! -Si seran cinc","metres que aconseguir que et donin hora a la Seguretat Social. Havia segut a un banc de la plaça Joan Batalla a fer temps i fullejar un llibre que em va donar el Klein, quan vaig sentir una música relaxant. Davant meu, al carrer, hi havia un home tocant la"
"a tots bocabadats. Després de constatar que els llibres que ofereixen per internet no es poden tocar, ni olorar, ni fullejar amb les mans, ni sospesar-los, han decidit obrir uns establiments físics on els clients ho puguin fer. Ha transcendit","història, origen o etimologia, qui busqui informació sobre la toponímia o l'onomàstica d'Osona, aquesta és una obra a fullejar per deixar-se endur pel seu contingut encisador i evocador. Per exemple, rap-buf és la manera que tenen a Centelles per"
"ben poques, però ara no s'acabarien mai. Hi ha cafeteries que financen una obra social, on es poden acariciar gats, fullejar llibres, fer reunions temàtiques, jugar i ser un nen de nou, llegir la premsa internacional, admirar obres d'art... la","indica que és allí com hi és, o hi podria haver, un gorrió teulader, una vespa o una rosa que es bada. Algun cop se l'ha vist fullejar el diari com si en jutjàs la composició, simplement, juga al parxís -tant li és perdre com guanyar- i li agrada el futbol"
. Havia guardat tots els calendaris que penjava a la seva habitació des dels 12 anys. Els anàvem a llençar però els vam fullejar i va ser increïble observar que cada un reflectia la seva afició preferida d'aquell moment de la seva vida. Vaig,"els visitants s'hauran de rentar les mans amb gel hidroalcohòlic a l'entrada i a la sortida de la fira, abans i després de fullejar els llibres i també a l'accés als espais dels actes. De fet, gairebé tots ells tindran lloc a la plaça Major, que comptarà"
"els moments de pluja per visitar llocs coberts, com el monestir de Sant Pere de Galligants o el Teatre Municipal, i fullejar el mapa que havia sobreviscut del xim-xim i en el qual encara es podien distingir els carrers i els punts d'exposició","un departament difícil en un moment complicat i amb gairebé tota la legislatura esgotada. Tornem -metafòricament- a fullejar l'agenda de l'exconseller, que ha quedat truncada: hi havia previst convocar als mitjans de comunicació per a la"
"de les propietats essencials de les coses que han consumit. Fa també uns quatre anys Strominger va començar a fullejar estudis teòrics de la gravetat que es remuntaven, en alguns casos, a principis dels anys seixanta. Interpretats des","periodistes van narrar tot el que anava passant arreu del país. Aquest número especial de VilaWeb Paper el podeu fullejar i llegir punxant sobre aquesta imatge de la portada o, si sou, subscriptors de VilaWeb us el podeu guardar,"
"va cridar l'atenció d' Haru a Alícia Macià, de la llibreria lleidatana Punt de Llibre, va ser la coberta. Llavors el va fullejar i va trobar que la història pintava bé. Macià el recomana: encara no ha pogut llegir la història d'iniciació de la","i Maria Obelleiro, que formen la secció Galeusca de Directors. Tot plegat ho trobareu al VilaWeb Paper, que podeu fullejar i llegir punxant sobre aquesta imatge de la portada o, si sou, subscriptors de VilaWeb us el podeu guardar, tot"
"batles de Montuïri i Inca, Joan Verger i Virgilio Moreno, respectivament. A la darrera hora del programa serà temps per fullejar llibres amb Xisco Nadal, i per parlar de literatura francesa amb un expert com Lluís Maria Todó, professor de la",", a les piques o a les dutxes. Hi ha qui quan seu a la tassa del vàter, aprofita per mirar el mòbil. D'altres aprofiten per fullejar qualsevol revista que tinguin a mà. D'altres no tenen més remei que agafar el pot de xampú i llegir-ne els ingredients"
"i vaig aprofitar l'estona. Em va cridar l'atenció un llibre de Baricco que no havia llegit, Mr Gwyn. El vaig fullejar , em va interessar i el vaig començar -la meva amiga té una butaca magnífica- com qui no vol la cosa. Quan va estar dutxada i","on l'enfila Com que no sé amb què fotre-us la tabarra, em preparo el whisky de mitja tarda, encenc el cigarret i em poso a fullejar els diaris del país i a fer un tomb per Twitter, avui amb ulls de ciència de barra de bar i anàlisi de tertulià que no"
"l'acoblament, però van passar per caixa i per llit, en aquest ordre, 87 colomins. No tots els dies es té l'oportunitat de fullejar un llibre de comptabilitat de la Casita Blanca. El Museu d'Història de Barcelona (Muhba) en té un. És una raresa. Una","a la demanda d'inversors privats, demostra el creixent interès per la inversió responsable. ""Només s'ha de fullejar la premsa per comprovar que es tracta d'una tendència consolidada"", ha assenyalat la subgovernadora del Banc d'"
"amb llibres que es poden agafar per llegir. Confessa que li agrada perquè allà encara és possible fugir del brogit urbà i fullejar un llibre a l'aire lliure. Un dels projectes de l'Ajuntament de Barcelona més singulars va ser el 1930, quan es va","cap de setmana és necessària cita prèvia. Ara bé, el públic no s'hi trobarà les parades habituals per on passejar i fullejar llibres. L'organització ha explicat a betevé que la fira està catalogada com a comercial, un tipus d'activitat que"
"Rajoy, però alguna cosa em diu que dins del seu cap, cada matí, al despertar-se, just abans de prendre's el cafè amb llet i fullejar el 'Marca', té uns pensaments molt semblants als que jo he escrit aquí. La guerra als 17 De memòria històrica se n'ha","? D'un sobre Belén Esteban, Ambiciones y reflexiones, on Izaguirre era l'autor del pròleg. Broncano el comença a fullejar i al·lucina.... ""¿Pero por qué sale aquí Belén Esteban con Puigdemont?"". Incredulitat del presentador,"
", com passa sovint amb els polítics, pot ser una petita oficina de treball. Per si no ha fet el cafè, al cotxe també hi pot fullejar el Regió7 ""ara que ja no em marejo llegint asseguda al costat del xofer"". Aquesta vegada ho fa anant cap a Torelló. Però ha","d'una moto, una forma de viatjar que mai he imaginat utilitzar. Ara bé, no vaig poder evitar la curiositat i, quan vaig fullejar el volum, no vaig poder deixar de llegir-lo, tal va ser l'interès que va despertar immediatament. Tot fa pensar que l'"
"a l'esperit on ve inspirant-se l'esforç de les noves generacions catalanes. Impossible dir tot l'escàndol amb què, en fullejar la Historia de la pintura en España [Madrid, 1851], per exemple, un estudiant amic dels problemes teòrics i conscient","una filla"", comenta la Carol com si es tractés d'un personatge de les revistes del cor que des de la pandèmia no es poden fullejar . I segueix explicant com han volgut recuperar la seva figura. Un amic tatuador els ha dibuixat un retrat que han penjat a"
", la cuina desvinculada de la realitat social. Durant 14 anys, també va ser director del programa Cuines de TV-3. Fullejar la col·lecció que ara custodia la biblioteca del campus Torribera, vinculat a la Universitat de Barcelona, suposa un","de protestar es no acceptar-lo i no anar-hi. Si cal tensar, s'ha de fer abans. Ho he tingut encara més clar quan he decidit fullejar novament ""A la table dels diplomats"". És una deliciosa i erudita publicació amb dibuixos, fotografies, documents,"
fer un viatge similar als anys 70 amb l'objectiu de retratar una Catalunya que semblava que se n'anava. Però només cal fullejar el viatge a la microcatalunya d'avui per adonar-nos que aquell paisatge humà de fa 40 anys encara segueix viu. A les,"fulletons a la concentració del moviment de pensionistes celebrada dissabte a passat (mentre es pot, posem pel cas, fullejar els diaris que han passat per no se sap quantes mans a les terrasses dels bars), o l'entestament de la presidenta"
"de l ́equip, o millor dit, era, perquè pareix que no tornarà mai més a ser-ho, si més no en el València CF. Em resulta curiós fullejar el ́Superdeporte ́ i vore a Enzo i Parejo amb els xiquets de ́ASINDOWN ́ en la promoció del seu calendari i a continuació","a Sant Jordi a la Biblioteca Xavier Amorós. En total, són 112 llibres que s'han gestat en el darrer any i que es podran fullejar fins el proper 30 d'abril. ""Amunt persianes"", el pla de Barcelona per reactivar els locals comercials buits L'"
"convida el visitant a treure's les sabates i entrar a l'habitacle, suaument enconxat perquè sigui confortable, i fullejar els gairebé 200 llibres que hi ha als prestatges, tots folrats amb una portada comuna. Cadascun dels volums té a la",". Encara que fos divendres, encara que el dia ja hagi passat, segur que us queden llibres per comprar, per buscar, per fullejar , per espigolar... Aquest llibre és breu, molt breu, té escasses setanta pàgines i es llegeix d'una revolada, amb mitja"
"de cent llibres de receptes. Les vacances les sol passar caminant per la muntanya. Les seves úniques frivolitats són fullejar Vogue -on apareixerà en l'edició americana de març- i col·leccionar sabates vistoses, que formen part de la seva senya","un exercici senzill: quan a principis de maig la primavera es desboca i hi ha un augment sobtat de temperatura, cal anar a fullejar Les hores, volum 20 de l'O.C. planiana, buscar el capítol dedicat a l'època de l'any en la qual som i comprovar què diu el"
"aquestes empreses que prefereix el digital"", explica l'emprenedora. ""No crec que mori mai, a la gent encara li agrada fullejar i encerclar les ofertes en el paper"", raona. De fet, dels comerços amb els quals treballen els clients estrella són els","la seva visita virtual de 360o i descobrir el primer palau urbà dissenyat per Antoni Gaudí. A més, des del seu web es poden fullejar i comprar tots els llibres de la col·lecció ""El Palau Güell a fons"". Després d'una bona passejada per les rambles, i"
"perquè són llibres que no aguanten. Els nens d'ara són diferents. Si vols que aquest nen ho apagui tot i dediqui un temps a fullejar un llibre, si és del 96 no ho aconseguiràs. -- Quin consell donaríeu a uns pares a l'hora d'animar els seus fills petits a",". Aquest Sant Jordi, dia de roses i llibres, els catalans sortiran al carrer, el que es pugui per motius de pandèmia, a fullejar , comprar i esperem que després, llegir, tant com puguin. Però aquest 23 d'abril, a banda de llegir novel·les o assajos,"
"cuina i fotografies i frases d'escriptors, i si preferiu prendre un margarita o una aigua de tamarinde a la barra, podeu fullejar les últimes novetats de l'editorial. MÉS INFORMACIÓ A la recerca del gust més 'canalla' Modernisme a les papil·les","recinte, s'han format cues de més de 30 minuts per tal de regular l'aforament. Molts dels compradors han celebrat poder fullejar llibres amb tranquil·litat, com és el cas d'en Pau i l'Eli: ""Ens agrada més que s'hagi ubicat aquí que a la plaça Mercadal"
". No cal dir que aquesta persona es troba en la categoria d'home bo. En els mateixos dies, i com que no puc evitar fullejar i tafanejar tots els diaris d'allí on em trobi per tal d'assabentar-me de què passa en l'entorn que m'envolta, els meus",". La regulació de l'aforament al recinte ha comportat cues de més de 30 minuts, però també ha permès als visitants poder fullejar els llibres amb tranquil·litat. ""Ens agrada més que s'hagi ubicat aquí que no pas a la plaça Mercadal. Es podria"
"Brothers, torna a Barcelona. Bufarà la seva històrica harmònica avui i demà al Jamboree (20.00 i 22.00 h). L'he vist fullejar anuncis de 'tablaos' de flamenc, quan he arribat per entrevistar-lo. El flamenc és com el blues. Camarón, per exemple,","pol d'atracció entre el públic, que, fins i tot, on altres anys regnava la llei del més fort per fer-se un espai i poder fullejar alguns exemplars, enguany eren els mateixos clients els que s'ajudaven a localitzar el volum entre els centenars de"
"que exhibeix una cèntrica trattoria de Bolonya, on a més de dinar i sopar delícies tradicionals els clients poden fullejar algun dels centenars de llibres de les prestatgeries. Bolonya és una ciutat on la cultura literària no és precisament","la gorra que algun els deixava amb infinita paciència. Els més tranquils podien seure al sol mentre els seus pares fullejaven la premsa, i llegir contes seleccionats per a l'ocasió, com La carretera bona , de Joan Barril, que els il·lustra com n'"
"va rebre, de mans del meu malaurat amic Oriol Canals, un llibre sobre tifes: impertèrrit, professional, Pujol el va fullejar i va dir que el trobava ben interessant. Enllà de bromes, el Berenar Literari congrega autors mediàtics i autors que no",", una quimera del tot inabastable sota l'imperi de Twitter i la dictadura del dúplex televisiu. Dimecres, mentre uns fullejaven diccionaris per salvar el coll, d'altres cridaven a prendre els carrers per enderrocar el president ""il·legítim i"
"tocar, quines cobertes els van sorprendre detectant les seves emocions, quines sensacions transmetia la seva cara en fullejar les pàgines i quines expressions van transmetre en comprar els llibres suggerits. Els experts en reconeixement","Urbana insten els ciutadans a tornar a casa tot advertint que no poden romandre a la via pública Tres senyors grans fullejaven diumenge al matí, cap a les 9.30, un diari a les cadires individuals de la Rambla, just al davant de la Font de Canaletes."
"mateixos: un catàleg de comportaments vergonyós, prejudicis, pedanteria i baixesa moral que és impossible fullejar sense sentir una incomoditat estranyament gratificant. Tot un èxit que s'assenta en les portentoses","un esperit de veïnat molt característicament terrícola. A la plaça de la Vila de Gràcia, el Joel i el seu fill Bartomeu fullejaven diversos llibres il·lustrats davant la porta de la llibreria La Memòria: ""Els volia comprar per Amazon, però he vist"
", va haver de sortir en l'era d'Obama, però va acabar sortint en l'era de Trump, quan solo has d'encendre la televisió o fullejar un periòdic per veure infinits exemples de masculinitat tòxica. Està per tot arreu. No és solo gent violenta, o gent que",època de la meva infància eren molt pomposos Un dels temes més recurrents al bar era el dels difunts del dia. Els clients fullejaven el Diario Español per veure les esqueles i l'hora del funeral. Era aquella Tarragona on ens coneixíem gairebé tots.
"les llicències de l'escorxador"". El llibre de la història de la Molina es presenta a Puigcerdà Puigcerdà podrà fullejar a partir del proper 23 de març el llibre que recull la història dels 75 anys de funcionament de l'estació d'esquí de la","situació ""normal"" i el màxim de semblant a la que hi havia abans de la irrupció del coronavirus. Els bessons berguedans fullejaven aquest cap de setmana els llibres que utilitzaran aquest curs, tot curiosos per saber què aprendran en aquesta represa"
"seva primera diada com a escriptora. ""Era el 2005 i signava al costat de Joan Margarit. En un moment que no teníem gent va fullejar el meu llibre i em va dir: ""Tu continua escrivint i no facis cas de tot això"""". L'escriptora, que publica Mare de llet i mel","tancament la setmana que ve, molts lectors van omplir llibreries cèntriques com Laie i La Central. N'hi havia que fullejaven la poesia completa de Federico García Lorca. D'altres buscaven títols connectats amb el present, com el catàleg de"
", perquè el llibre va caure a les meves mans -de fet, hi va ser posat amb males arts- a la part baixa de la Rambla, el vaig fullejar mentre pujava pel passeig, temps més que suficient per adonar-me de la qualitat, i va acabar en una paperera a la part",") Diuen que en els temps foscos del tardofranquisme, tots els progres llegien l'Hola d'amagat. Potser només la fullejaven per sobre, per passar l'estona, o potser, qui sap, s'adelitaven contemplant aristòcrates, actrius o toreros, els"
"promoure la lectura en la llengua del carrer i del poble, ara que Franco havia mort. Aquell dia hi havia un motiu de pes per fullejar llibres diferents dels del fons de la biblioteca local i comprar-ne un. Sense necessitat d'estar malalt. Nous","una dotzena d'espais per evitar aglomeracions. De capvespre, però, s'han acumulat molts de visitants que cercaven, fullejaven o badaven. Enguany, una gran quantitat d'autors han gaudit del contacte amb el lector en una diada amb més novetats"
"el focus en tot allò que els fa extraordinaris.""El llibre és ideal per a temporades de platja i de viatges, perquè es pot fullejar anant endarrere i endavant, sense haver-lo de llegir cronològicament. I a mi em va molt bé per a la funció, ja que l'","a parlar-te dels teus comentaris als meus poemes, i seguiré el teu mateix ordre. 'Mort i transfiguració': No, no he fullejat pas cap edició de l'Enciclopèdia. Tu et vas adonar, un dia, que havies --fins llavors-- pensat poc en la mort. Et"
"que la de los ríos. Y debe ser muy salada "", escrivia Anita Ortiz en un d'aquells quaderns, que per primera vegada es poden fullejar i llegir tots en una sola exposició. Unes grans caragolines amb uns altaveus amagats permeten escoltar, en veu d'un",", assegut a un sofà i amb un cigar a la mà. També hi havia un exemplar del llibre-CD d''Enclusa i un cop de mall' que ha fullejat com si recités alguns dels versos inclosos en aquest últim treball i un telèfon vermell que ha sonat entre cançó i cançó,"
"espai, com a novetat, s ́incorporen les noves tecnologies. L ́espectador, mitjançant una pantalla tàctil, podrà fullejar dos dels magnífics atles de la col·lecció: un d ́ells és Les plans et profils des principales Villes et lieux","en la generalització dels estius amb el cau, sinó que apunta amb decisió una d'entre les nombroses travesses fetes. Ha fullejat els àlbums de fotos i n'ha triat una, la que il·lustra aquesta pàgina, en una aturada a la muntanya. ""Jo devia tenir 15"
"cosa que hauries de fer, il·lús aspirant a visitar el que queda d'aquesta Barcelona que s'enfonsa en el passat, és fullejar un llibre de fotografies antigues (com ara aquest). I observar bé les imatges del carrer de Trentaclaus (avui Arc del","la manicura, massatges... Aquesta vegada, hi ha anat acompanyada d'una amiga i la seva filla. Durant la sessió, ha fullejat les revistes 'People' i 'Vogue'. Després de sortir del saló de bellesa, on ha anat gairebé sense maquillar-se, l'"
"distribució, l'hàbitat i algunes observacions específiques relatives a la seva alimentació, longevitat o hàbits. Fullejar el llibre, o consultar una dada concreta d'un animal, serà un veritable plaer per a petits i grans, que es podran","l'Ictini: Diccionari de Ciències de la Societat editat per Edicions 62. És allò pitjor del pitjor. A qui no l'hagi fullejat li aconsello que ho faci. És l'equivalent t a l'Enciclopèdia Soviètica dels pitjors temps. És un immens pamflet, cent"
"activitats del festival. Aquest espai no disposa de servei de bar. Una selecció de llibres adreçat a totes les edats per fullejar , descobrir i compartir lectures. Marta Barberà està darrere de 2nd Funniest Thing, un projecte conscient i juganer.","butaques de pell de la sala estan lliures i m'assec en una d'elles, disposat a llegir aquell material que de moment he fullejat a peu dret. Sóc capaç de concentrar-me uns quants minuts -potser cinc- en els documents escrits en llenguatge"
"començar sent una broma, però cada dia estic més convençut que no va gens desencaminat. Amb més temps de l'habitual per fullejar , mirar i escoltar notícies és evident que el millor que un pot fer per no acabar malament del terrat és desconnectar. A","l'autobús, fent cua a qualsevol banda), uns Punts de meditació amb una bona amanida d'articles dels anys vuitanta. I he fullejat carpetes d'aquelles que guardes en un pilonet i que un dia (re)trobes i que t'ofereixen perles en forma d'aforisme o"
"en un estímul"". Una entrevista de poca altura a Drew Barrymore Els passatgers de la companyia Egypt Air que van fullejar la revista de cortesia que s'ofereix en els vols es van quedar de pasta de moniato quan van llegir l'entrevista que feien","de l'ANC i Òmnium Cultural. L'acte proposat ha estat una Tintinada, on ""els servidors públics de la Generalitat hem fullejat els còmics d'Hergè, molt representatius de la cultura belga i europea, així com obres de Peyo (Jan i Trencapins o els"
"a Els coloms de la Boqueria, pocs dies després dels horribles fets de la Rambla barcelonina, un fet cotidià. Només has de fullejar els diaris. Ahir el llibre es va presentar (vaig tenir la satisfacció de ser convidat a intervenir) a la Llibreria 22 de","en la seva educació. La premsa alemanya, davant l'extradició de Puigdemont només per malversació Si Donald Trump ha fullejat la premsa alemanya aquests darrers dos dies, el que ha vist segurament no li haurà agradat: el president d'una"
"i, sobretot, per pixar-la. Amb el temps he descobert que una cosa és tan important com l ́altra. M ́ha impressionat fullejar el llibre que pòstumament s ́ha editat sobre la seva feina. Pep Iglésias. Anacronismes 1978-2009. Unes fotografies","ultres escridassen contra els drets, la democràcia emmalalteix, al menys la del s. XXI, la que volem els catalans. Hem fullejat els actes de les Gales 2018. Tant la programació com la seguretat d ́aquests actes són competència de les regidores"
"Plata, però les activitats de La Plaça del Llibre continuaran fins diumenge, obertes a tothom que vulga acostar-se per fullejar , si més no, eixos petits bocins de memòria amagada entre les pàgines dels llibres. El Canyamelar, independent del","no llegiran aquestes línies impreses. I si ho fan, serà perquè la seva mare o el seu pare han comprat el diari i ells l'han fullejat . Llegiran la versió en digital d'aquest reportatge -no us la perdeu!- que els haurà arribat per WhatsApp o per alguna"
"Simplement, persones sàvies que van escriure sobre la pròpia infància, senzilla. M'hi vaig asseure, i vaig començar a fullejar el llibre. Aquí hi eren, escrits en primera persona, els retalls, els records d'infància de Miguel Delibes, de Herman","l'Holocaust, explica Annette Hess (Hannover, 1967), coneguda guionista televisiva alemanya, poc després d'haver fullejat alguns dels expedients del judici que es conserven a l'Arxiu de l'Estat de Hessen, a Wiesbaden, a 40 quilòmetres de"
"evitant innecessàries manipulacions que poden afectar la conservació de les obres que al seu dia van llegir i van fullejar només reis i reines, papes o emperadors. Al costat del 'Beat de Girona' obren la mostra unes altres dues rèpliques","subvencionades, del poeta. És obvi que el pensament si no és eròtic no és pensament, això ho sap qualsevol que hagi fullejat els clàssics. D'altra banda, avui dia fins i tot el lector català més talòs és conscient de quina càrrega política"
"d'Adrien Grant Smith Bianchi i Jules Gaubert-Turpin és un deliciós, amè i didàctic viatge pels països productors Fullejar 'La carta de vinos, por favor' (Cinco Tintas) és com tornar a aquells anys d'EGB i les classes de Socials, quan","mínimament per entrar-los a la base de dades dels llibres, revistes i altres paperots que tinc a casa. També els he fullejat però la feina d'entrar exemplar per exemplar a estudiar el seu contingut -i, sobretot, comparar el to i la tria de les"
"que cada placa de marbre tingués un significat, un perquè i un sentit. El que vulgui ampliar aquesta matèria faria bé en fullejar el llibre 'Història dels carrers de Sant Andreu del Palomar', de Jordi Petit i Jordi Sánchez. Es van passar quatre anys","cinemes que freqüentava, com el Rex, l'Excelsior o el Condal. També va pensar en les revistes com Esquire, que havia fullejat al Mercat de Sant Antoni, una escletxa de possibilitats enmig del chapapote del franquisme. Amb el treball d'aquestes"
"l'Estat està seguint contra l'independentisme català té els peus de fang. I no és que disposem d'un oracle. Només cal fullejar quatre llibres d'història, de literatura, i assabentar-se una mica de les trifulgues semblants, d'ara, arreu del món","d'un llibre, d'una conferència o del que sigui. No he llegit cap llibre de Thomas Piketty, ho confesso. I només he fullejat algun exemplar de les obres del famós filòsof Slavoj Žižek. Sempre que vull recuperar el debat sobre la desigualtat o el"
"que inclouen l'importantíssima Medalla Kate Greenaway, l'Smarties Book, el Book Award..., entre d'altres. Podreu fullejar els seus llibres en qualsevol llibreria o biblioteca especialitzada. Cal, tanmateix, destacar-ne alguns. El rei Jan",", explicant els fets de la tardor de 2017, hem recordat els valors de la feina ben feta. Rigor i criteri professional. He fullejat Una España mejor, el llibre que va publicar Mariano Rajoy a finals del 2019. No apareix, enlloc, a la llista de més venuts"
", era per a Marià, així que aquest matí, després de recollir-lo a la impremta, vaig cap a ca seua. Em demana que li deixi fullejar la revista, mentre jo don un repàs als titulars de l'exemplar del dia de La Vanguardia. Pensem que és el primer número en","retards, mancances, horaris i canvis. Jordi Sánchez torna a Lledoners després del seu primer permís Abans d'entrar ha fullejat un llibre d'autoria bagenca sobre l'activitat al pla de Lledoners, ""Una finestra al món"" Sànchez ha retornat a la presó"
"de conservació, i produeix cert efecte imaginar que algun dels membres de l'equip, o la mateixa Sandy, el van arribar a fullejar durant el rodatge. El cas és que Cinta Pujal, la conservadora dels fons cinematogràfic de l'Arxiu, ha reconstruït al","portes del centre ha rebut crits d'ànim i de ""no esteu sols"" de persones que s'hi han congregat. Just abans d'entrar ha fullejat un llibre d'autoria bagenca que acaba de veure la llum i que li han lliurat allà mateix, Una finestra al món, que és un"
"acte de lliurament dels premis, Roma va agrair el guardó i va recordar la seva estreta relació amb Joan Amades des que va fullejar un exemplar del seu pare del Folklore de Catalunya. A l'acte va intervenir el director de cultura de proximitat de l'","Herrera, tots dos receptaris regal de boda d'alguna tieta en l'òrbita de la Sección Femenina, mai no els han ni tan sols fullejat . En línies generals, els pijos no han demostrat cap tipus d'interès o destresa a l'hora de cuinar i han deixat en mans de"
"dels nostres dies. Avui preferim seure sols al tren i aïllar-nos amb uns auriculars en comptes de mirar la finestra, fullejar un llibre o un diari, o tan sols observar curiosament la resta de passatgers que entren i surten accelerats. Avui vivim","pròxim, ni que sigui en una gasolinera. Necessito certificar que el diari és al carrer per ser comprat i llegit més que fullejat , perquè la informació costa diners, cosa que convé recordar. L'edició impresa, o en PDF, ha de ser una opció i una"
"Deliri, ignorància, bordegassos? He romàs uns quants dies ingressat a l'hospital... i allí tens temps suficient per fullejar diaris d'ací i d'allà, la qual cosa em xifla, perquè sense diaris sí que sóc home mort He romàs uns quants dies ingressat","les vostres dues signatures"". Més enllà de la càrrega metafòrica i de l'espot promocional, no sé si és una bona idea. He fullejat el de Puigdemont i puc afirmar que la dosi de rancúnia i animadversió cap al líder d'ERC és notabilíssima, tant que obre"
", i allí més enllà de pensar i repensar en la vida, en la mort..., i en altres bestieses, tens temps suficient per fullejar diaris d'ací i d'allà, la qual cosa em xifla, perquè sense diaris sí que sóc home mort. I no perquè em cregui tot el que",es dibuixa una Marta Rovira molt emprenyada quan es convoquen eleccions el 2017. Plantant cara. Us hi reconeixeu? -- He fullejat alguns d'aquests llibres i articles. Però tinc controvèrsia personal. No vull que m'alterin la meva memòria. Jo també
"vergonya el que 50 anys enrere acceptàvem amb normalitat; la pressió social té això, canvia les coses Tinc el costum de fullejar un parell de diaris a l'hora de l'esmorzar. Diuen que és millor fer les coses una darrere d'una altra. Sembla que","no comprometré ningú. El president Puigdemont l'ha llegit? No ho sé. I vostè els seus? El primer sí que l'he llegit, i he fullejat el segon. De fet, la reacció que em va provocar la lectura del primer llibre va ser la de presentar, també, les nostres"
"després de la Segona Guerra Mundial, amb el model de suburbis dels EUA, hi va haver una regressió. Es manté? Sí. Només cal fullejar una revista per a dones: has de ser professional, la més guapa, la millor al llit, la millor mare... Ho pots fer tot, però","mare, no eren cananes!) tallats ben petitons (amb l'edat he criat paciència...). Mentre es rossegen, he fet el cafè, he fullejat el diari i he descobert una gata que regala a Ponç Pons cinc decasíl·labs acabats d'arrencar de l'hort. Trec els"
"ser el 28 d'abril del 2008, mentre feia cua a la llibreria Dalmau de Piera. Aquest escriptor i professor de secundària va fullejar la revista Sàpiens i es va sentir encuriosit per un article sobre les fosses comunes a Catalunya. Encartat amb la","de milions de visites. ""Jo no he vist aquest vídeo, perquè no tinc temps per veure aquest tipus d'informació, però he fullejat les compilacions del vídeo que m'han portat els meus ajudants; res del que es declara allà em pertany o em va pertànyer,"
"culinari, el treball d'elaboració del llibre va estar encaminat a crear un producte ""bell"" i que ""agradi i que el puguin fullejar fins i tot els que no els plau cuinar"", anota la Beth. ""En aquest Nyam! hi hem posat molt d'amor"", certifica la cantant: ""","que li pertoquen. Però tampoc en té tants que no puguin ésser, en la part diferencial, única que pot interessar-nos, fullejats en una hora. Les redaccions es troben totes a menys d'un quilòmetre de la Plaça de Catalunya. La majoria dels que"
""" La ressaca és un procés que es produeix en el nostre organisme després d'un excés en el consum alcohòlic. Un dia vaig fullejar un llibre de cert gruix intitulat Remedios para la resaca. Res, inútil. Tots podríem explicar (uns més que menys) les","passa. Llistes dels més venuts, cares d'escriptors mediàtics i massa llibres amuntegats a les cases que a penes seran fullejats . Però així és el món i l'èxit costa molt discutir-lo. Per això els llanço aquest consell: surtin a comprar un llibre avui"
. El fiscal reclama 14 anys i 9 mesos de presó per a Millet i 10 anys i 10 mesos per a Montull. Ausiàs March de nou Tocar i fullejar un exemplar bibliogràfic del segle XVI comporta sempre una certa emoció a qualsevol amant de la literatura. Quan el,"xarxa corrupta. Però admetre que se saben segons quines coses, que s'han llegit segons quins informes (alguns no només fullejats a Génova, també els que ha publicat la premsa) pot comportar greus conseqüències, i per aquest motiu Rajoy ha optat per"
"aquell lloc i hi comprava llibres que devorava. I això que els botiguers no l'hi posaven fàcil. Estava prohibit fullejar els llibres, per tant, es veia obligada a triar-los a l'atzar. De mica en mica, aquesta limitació es va convertir en un","la sobredosi de thrillers que inunden les nostres llibreries, aquests llibrots de 600 pàgines es limitaven a ser fullejats per un servidor i a ser retornats al seu lloc, substituïts per alguna cosa de menys pes. Quan les tres primeres aventures"
"sentimental després de trencar amb la seva parella, Ryan Thomas. Pasqual Maragall reviu els seus Jocs L'exalcalde va fullejar el suplement olímpic d'EL PERIÓDICO amb l'ajuda de la seva excap de premsa Una entranyable imatge ha solcat les últimes","cap lectura dels filòsofs no penetrarà dins meu per canviar-me. Per això hi ha tants de llibres oberts damunt la taula, fullejats , tancats de cop massa aviat amb algun poema que serà capaç d'il·luminar-me més o menys temps com les entrevisions de la"
"reals o va ser, com creiem uns quants, una efectiva operació de guerra psicològica. Per desxifrar el 155 he decidit fullejar un llibre sobre numerologia, una ciència metafísica tan creïble com el tarot o la quiromància, però tan o més rigorosa","aquí no ve buscant això"". I és cert: la majoria dels llibres que veig quan entro a la tenda no estan en cap dels TOP20 que he fullejats les últimes setmanes. Quin goig que hi hagi espais encara on la consciència pesa més que la butxaca. 17.35h I el català"