"de Voltregà, Sergi Vilamala. Vivas, pel seu cantó, va fer un repàs a la seva infància a Calella, als principis que li van inculcar els seus pares en una família de vuit germans -""més que creure, pactàvem""- i al seu pas per la política: ""Sempre havia dit","en favor de la varietat sexual L'Ajuntament de Barcelona ha posat en marxa el projecte Diversitat en curt, amb què vol inculcar , a partir del curs que ve, el missatge en escoles i instituts ""que l'única normalitat és la diversitat sexual i afectiva"
"del govern [espanyol] i que posi en perill la cosmovisió nacionalista, el que aquests docents han aconseguit és inculcar en els seus alumnes una intolerància -i fins i tot a vegades un odi visceral, fronterer a la violència- cap al proïsme que","que la seva tasca creativa consisteix a entendre ""per què una persona que durant la seva Presidència intenta inculcar uns valors morals molt concrets a la població i en canvi, de portes endins, aquests valors no els té en compte"". Una"
"seguida el discurs ecològic (que és prou habitual en la dramatúrgia de teatre per a tots els públics, sempre provant d' inculcar massa valors i no tant de viure'ls a escena), fent veure que de la brossa també sorgeixen personatges impossibles,","MartiDerm. ""El meu pare va ser un visionari, va anar a buscar a fora el que feia falta a la gent aquí i ens ho va inculcar en el nostre ADN"", afegeix orgullosa M ontse Martí, que és la directora de desenvolupament corporatiu de MartiDerm. L'"
"amb els joves, ajudar-los en el dia a dia, en l'educació, en el respecte i totes aquelles coses bones que se'ls pot inculcar amb aquest esport. Mentalitat, lluita durant els partits o entrenaments, però també per l'experiència que tinc al","custodiat per una guàrdia d'honor. Torno a l'hotel garratibat per tota aquesta orgia malversadora. Niàzov va inculcar en la ment del poble turcman que el país estava vivint el seu altyn asyr, el seu ""segle daurat"" -més aviat l'hauria d'"
"(Sant Cugat) proposa aprofundir en aquest missatge: ""L'exemplaritat es dóna per descomptada i hem de ser capaços d' inculcar una sèrie de valors a la societat"". Sobre això, el primer edil de Pallejà (Ismael Álvarez) recorda que és a vegades el","que sigui beneficiós per al funcionament pel que fa a la prevenció de riscos. Navarrete, a més, hi veu la possibilitat d' inculcar dues de les idees amb què treballen des d'Alter Sport: lluitar contra el sedentarisme i donar les eines necessàries per"
. I a poc a poc anirà entenent que els grans poden mentir i que tot no s'explica. Els conte i les faules s'utilitzen per inculcar valors morals als infants. Adoneu-vos que en Pinotxo no va mentir! Ha de comportar-se com un bon infant i anar a l'escola,"de Boston. Més enllà de fer que en el disseny de les màquines la natura marqui la pauta, Mura i el seu grup treballen per inculcar aquesta filosofia als universitaris. ""La biomimètica -assenyala la investigadora de la UPF-és un camp"
"a la gran labor d'innovació i professionalització que el Sr. Vendrell (el moment requereix tornar a la formalitat) va inculcar al nostre ofici. I sobretot, per la seva senzillesa, bon humor i sentit del deure. El nostre més sentit condol a la seva","hi ha lloc per a tothom. L'important és no deixar de banda el gust per l'aprenentatge. Pot agradar més o menys, però cal inculcar als joves que la seva funció mentre s'estan formant és aprendre i fer-ho bé. Que això és una cosa que m'amoïna molt i no"
"ple de contradiccions en el que al tema de la vida humana es refereix. D'una banda es defensen ""drets"" d'animals, es vol inculcar un sentit de respecte a la naturalesa o es proclama de paraula que cal estar al costat dels més indefensos i pobres. El","és aprendre i fer-ho bé. Que això és una cosa que m'amoïna molt i no tenim en aquest país. I als joves, els mestres els han d' inculcar que han de retornar alguna cosa a la societat. La societat està invertint molts esforços i diners per ells. I en certa"
"topem amb la nostra postguerra civil quan la Sección Femenina de la Falange Española, des de l'any 1939 fins a 1977, va inculcar a les dones del país la seva visió de com havia de ser i comportar-se la dona espanyola: els fills, el marit, la família, la","mediambiental i quan surten a la muntanya tenen molta cultura"", ha exposat Merino, qui considera que ""aquí falta inculcar tota aquesta cultura perquè darrere d'un rescat hi ha una despesa molt important i moltes vides en joc"". Algunes de les"
"sigut militar, i he pensat la història d'un legionari expressada per un militar"". Aquella experiència castrense li va inculcar un codi que avui segueix reconeixent com a diferent: el treball, la constància, l'obediència, la unitat. Aquest","del TNC. També és un tret característic de l'autoria catalana l'instint gremialista: Sanchis Sinisterra els hi va inculcar , Benet i Jornet ha sigut el primer a reivindicar amb generositat els nous autors, i s'ha estès una companyonia"
"hi ha referents. Els referents que tenim són espanyols, amb tots els altaveus que té el poder espanyol, que ens ha volgut inculcar que Ferran II, el rei més important de Catalunya, va ser un rei espanyol que només pensava en la unitat de l'imperi","de l'exespanyolista. Als 24 anys, Samuele Longo és sinònim d'esforç. La seva formació futbolística a Itàlia li va inculcar el treball en equip, el sacrifici en la pressió i les seves desmarcades a l'espai, com a requisits irrenunciables."
"terra d'acollida"" que ha de ser la capital catalana no ha d'estar exempta del compliment de certes obligacions. S'ha d' inculcar als immigrants allò d'""allà on vas fes com veuràs"", ha sentenciat. I ha rematat dient que ""no pot ser que uns tinguin","de treballar ab dures i de manera honesta. Per exemple, air Melania Trump deia: 'Des de molt jove, els meus pares em van inculcar els valors pels quals has de treballar fort per allò que vols a la vida; que et deus a la teva paraula i que fas el que dius i"
"màgic i festiu per als nens, a més de poder convertir-se en la porta d'entrada a un nou llibre, a una nova oportunitat d' inculcar l'hàbit de la lectura en els nens. Els beneficis associats a la lectura no són pas pocs: redueix l'estrès a qualsevol","; que la teva paraula és un lligam convertit en compromís que cal complir i que cal tractar la gent amb respecte"". ""Em van inculcar els valors morals del meu dia a dia i aquesta és una lliçó que continuo transmetent al meu fill, uns valors que tots hem de"
"entre alumnes dels centres escolars i la gent gran, així com reforçar l'autonomia i la responsabilitat personals i inculcar l'acceptació de les normes legals. La Fundació Crèdit Andorrà organitza una sortida a Certers i un taller de dietes","explica els valors que va heretar de la seva família i que ha transmès al seu fill. ""Des de molt jove, els meus pares em van inculcar que s'ha de treballar fort per al que vols en la vida. Que la teva paraula et compromet i que fas el que dius i mantens la teva"
"sense conflictivitat"" i que el que ha passat aquest dilluns no té res a veure amb els ""valors"" que intenten ""dia a dia inculcar als alumnes"". El professor, que gairebé fa 20 anys que imparteix classes al centre, ha volgut ressaltar que els valors d","nens els vaig regalar llibres de tots ells, precisament. -Novel·les que vostè va devorar quan era un xaval. ¿Qui li va inculcar aquest amor per la lectura? -El meu pare treballava en un restaurant i no tenia gaire temps lliure, però sempre em"
"disciplina i constància. L'ordre el tenia i suposo que el meu pare, que era molt ordenat, però no estricte, me'l va inculcar . Pensi que l'exemple, un bon exemple, és i serà sempre la millor de les assignaturesHo ha practicat? Sempre. Amb tota la","de ""retratar la lluita contra el pas del temps, l'esforç per preservar el patrimoni de la humanitat i la necessitat d' inculcar en tots nosaltres el respecte per la història"". Cadascun dels sis capítols de 45 minuts de què consta per ara el programa"
"amateur de paisatges postimpressionistes -la pintura de moda a la Mallorca d'entre les dècades dels 40 i 70-, és qui va inculcar al fill la passió pel dibuix i la pintura. El minut de glòria de Plácido Domingo El conflicte entre esfera pública i vida","en plantilla a dia d'avui gaudiran de la seva oportunitat durant aquesta llarga temporada La idea i la filosofia que vol inculcar la dupla Miki Gomila i Pedro Palliser s'anirà definint a poc a poc, a mesura que l'equip es vagi acoblant i les noves"
"regalava. No s'hi va dedicar mai de forma professional. - Va tenir cinc fills, i cap va seguir els seus passos. Mai ens va inculcar la pintura. Això sí, ens deixava experimentar. Ens tancàvem a l'habitació i ens passàvem hores i hores dibuixant,","ja s'ha gastat aquest estiu. Al City se li exigirà guanyar i jugar bé. I Guardiola està treballant en tot això, i intenta inculcar nous conceptes i un estil més depurat. Per això ha tingut clar que havia de canviar de porter. Hart, tota una institució"
"llatinoamericans tendeixen a ser més devots, cosa estranya, ja que van ser precisament els espanyols els que ens van inculcar la religió catòlica [...]. M'agrada viure aquí per moltes coses, però també per les maneres diferents de creure o de no","jo he sigut aquí. Que l'equip hagi intentat mantenir la base de l'any anterior ens ajuda molt a l'hora de treballar, d' inculcar els mecanismes i la filosofia de joc. Al final mantenir el 100% de la plantilla és pràcticament impossible, i més si véns"
"la trajectòria escolar, gairebé des que comencen al col·legi, els alumnes reben molta teoria i, si bé se'ls intenta inculcar valors que els formin com a persones, tots els esforços són insuficients"", observa Àngels Piquet, psicòloga i","em va fer guanyar La Nora Gummà (15 anys i a qui veiem a la foto) assegura que el reforç positiu i l'optimisme que li van inculcar pares i entrenadors li van permetre superar amb èxit el campionat de Catalunya per equips de tenis. ""Quan vaig començar"
"ha estat contractat pel Patriotas, també de Colòmbia. Vagi on vagi, aquest autèntic rodamón ho té ben clar: ""La idea és inculcar el respecte per la pilota."" Marxar del Barça, a més, no és sinònim de dir-li adéu per sempre, i el millor exemple és Àlex","pragmatisme i va actuar commoguda seguint els valors de caritat cristiana que el seu pare, un pastor luterà, li va inculcar . Però el que per a ella i molts alemanys va ser un gest d'humanitat per a altres va ser una traïció a la pàtria. La primera"
"respirant, enmig de la calor d'estiu, aires de democràcia, avui pentinam cabells blancs (els qui no som calbs). Ens van inculcar passió pel coneixement, interès per la cosa pública; suàvem argumentari crític. Vam entendre que la primera lliçó de","s'ha de comparar entre establiments"". ""No ens hem de deixar portar per les preferències del fill, a qui també hem d' inculcar valors com el respecte i la conservació del material de treball"", és una altra de les recomanacions de la UCC, que també"
"i l'Àrea Bàsica de Salut-Can Vidalet. L'objectiu d'aquest projecte, en què ha col·laborat la Fundació Pere Tarrés, és inculcar en els joves la participació en els assumptes comunitaris i la implicació en el barri, a més d'establir vincles entre",", però no estaràs respectant ni a l'esport ni a l'adversari si no dónes tot el que tens"". Aquest respecte l'intenta inculcar als nois que entrena al seu gimnàs, on Roche ha vist canviar a nanos que al carrer eren ""autèntics depredadors"". El"
"oferiran al voltant de 150 activitats lúdiques entre juliol i setembre amb l'objectiu d'ensenyar estos espais i inculcar el respecte pel medi ambient, segons ha informat la Generalitat en un comunicat. Entre les activitats s'inclouen","cas va ser al final de la temporada quan van prescindir dels seus serveis. ""És un entrenador que té les coses clares. Sap inculcar als jugadors la seva idea de joc"" El següent pas en la seva carrera va ser acceptar l'oferta de l'Associació de"
"ser una setmana molt càlida. Quant de temps fa que volta per paratges naturals, vostè? Des de ben petit, els pares ens van inculcar l'estima per la muntanya. Més endavant em vaig formar i vaig encarar la vida professional cap aquí. És el que diem als","fruits quan l'Oriola li va trucar: ""El que més ens agradava d'ell era que fos un entrenador amb les idees clares. Sabia inculcar als jugadors la seva idea de joc i ho va demostrar"", explica a l'ARA el president del club alacantí, Antonio Felices."
"a l'arribada d'immigrants musulmans ""perquè el castellà no és la seva llengua de comunicació"" i així se'ls pot inculcar millor el català, i la seva aposta per donar prioritat als estrangers hispanoparlants per les semblances en ""una","sense ferir els fotografiats ni els que mirin les imatges"", explica García Rodero. ""En societats tan oprimides s'ha d' inculcar l'esperança, fer-los saber que poden tenir una vida millor"", defensa el director de la Fundació, Jordi Folgado Ferrer"
"a l'arribada d'immigrants musulmans ""perquè el castellà no és la seva llengua de comunicació"" i així se'ls pot inculcar millor el català. Difícil de superar. Però el PPC, com constaten les enquestes publicades avui a diversos mitjans, és","la nota més alta. -Educació Física [riu]. Vaig treure un 6 a primer de l'ESO, però vaig remuntar fins al 10. És important inculcar la cultura de l'esforç. Facis el que facis, t'hi has d'entregar al màxim. Això és fonamental en qualsevol àmbit de la"
"animació és car, alguna solució hi haurà per realitzar un projecte animat i de cost discret que serveixi per divertir i inculcar certs valors als nens. Així va néixer 'Les coses de la Martina', explica Agustí Franch, el director. Cada any, Andorra","Mari Madrid, explicarà com se sent i es viu la sexualitat entre el jovent. Farà una reflexió de les diferents maneres d' inculcar aquests coneixements i actituds. A la segona part del programa, les psicòlogues Irene Bodas i Nuria Cano explicaran el"
"apassionat pel cine. ""M'entusiasma el cine, és la meva gran afició"", confessa. ""La meva mare -encara viu a Horta- em va inculcar aquesta passió. A ella li encantava el cine, sobretot les pel·lícules del gènere de por. I, ja ho diuen: Els testos s'","de titularitat pública. A més de la fomentar la pràctica esportiva (diferents modalitats), un dels objectius és inculcar valors com la responsabilitat, la superació personal, la integració, el joc en equip i l ́educació en hàbits"
"humà i fins i tot conseqüències inesperades en l'àmbit familiar. -En el meu cas es dóna de forma natural. ¿Qui em va inculcar intentar ser una bona persona? Els meus pares, però no a través de la imposició o d'una ortodòxia cartesiana, sinó dels","Tribunal Suprem, a la qual ha tingut accés l'ARA. ""Hi va haver intenció d'alarmar la població. Hi va haver intenció d' inculcar por als voluntaris perquè no es produís el que es va produir"", va assegurar l'exconseller de Presidència. Segons Homs,"
"el disseny i la creativitat"". Weems també és partidària de ""crear quelcom nou de quelcom vell"", i això és el que intenten inculcar als futurs dissenyadors de l'escola. El concepte d'slow fashion neix, no només per acabar amb la sobreproducció de",". Però no vaig tenir gens d'èxit... [S'arronsa d'espatlles.] Tampoc hi ha cap eina pedagògica durant la carrera per inculcar aquests valors... Difícil. Si a casa sempre has vist ego i competitivitat, si des de petit et diuen que ets molt bo,"
", quan hem tingut un president andalús anomenat José Montilla"". Rufián, de pares andalusos, ha dit que sempre li van inculcar la importància d'estar ""orgullosos de ser catalans, perquè el català ha perdut una pila de vegades"". Tardà demana que","moltes coses que a Llançà no es viuen. Vulguis o no hi ha respecte a gent com nosaltres. L?experiència ajuda i intentem inculcar detalls als companys més joves. Llinares, una salut de ferro per competir a l'Ironman de Hawaii LLUÍS RIBERA Hawaii,"
"és fàcil, però a fora costa, comenta entre rialles, abans d'aportar el punt de seriositat. ""Són nens, però els intentem inculcar la disciplina dels pilots"", afirma, recordant una sèrie de rutines de comportament primordials tant dins com fora de","per actuar penalment en contra de la seva persona. ""No saben jugar la lliga del SXXI. En un món globalitzat, intimidar i inculcar por a la població ja no serveix"", ha dit. ""Som camí de la recta final i hem de ser conscients que intentaran intimidar la"
"manera, les diferents èpoques i els diferents moviments d'un París rotundament esplendorós que el Maig del 68 va inculcar a unes quantes generacions la passió per ser lliures. Artista admira artista Referent, model, mestres. Apropiació,","amb l'efecte mirall: ella i el seu equivalent sobre el paper. Està acostumada a tenir bones idees i a defensar-les, a inculcar gust per l'estètica, gust pel bon gust. Porta tota la vida fent-ho, sap de què parla i val la pena escoltar-la. La"
"un Pacte Nacional per a l'Educació que hauria de lluitar contra el fracàs escolar, el desconeixement de l'anglès i inculcar valors ""com la igualtat, la llibertat i la fraternitat"". "" Amb gent educada en el respecte i amb valors no es xiularien","amb l'elegància, ans al contrari. El que li van ensenyar de jove, fer-se respectar, és el que sempre ha volgut inculcar a les seves models. No ha tingut dubtes a l'hora de lluitar contra els esclavatges malsans de les talles exageradament"
"que aquesta classificació desvirtua la competició no ha entès res. Si guanyar és el més important, els valors que volem inculcar es converteixen en contravalors. - ¿La mesura està aconseguint potenciar la formació dels nois i millorar l'actitud","anys, tot i que actualment ja s ́han pogut formar tres grups diferents segons les edats. La intenció de Subirana i Vall és inculcar el patinatge ""com un esport i que es deixi de veure només com una activitat extraescolar"". De fet, a la vila, es continuen"
"persegueix, per un costat, donar resposta a un problema sorgit d'una situació concreta, la brutícia; per l'altre, inculcar als joves hàbits de respecte per l'espai públic, cert sentit de la responsabilitat o, dit d'una altra forma, ensenyar","aquests dispositius no permeten la conversa familiar i anul·len qualsevol possibilitat per part dels progenitors d' inculcar als seus fills hàbits saludables a taula, que els ajudin a prevenir el sobrepès i l'obesitat o malalties cròniques de"
"la seva família. És el Bayern que més a prop està de la idea que tenia al cap quan va aterrar i que no sempre li ha sigut fàcil inculcar . També l'afició de l'Allianz Arena està més que mai de la seva banda, mentre que la resta d'Alemanya assisteix","que he hagut d'acoblar en la meva vida, però que han sigut el complement perfecte perquè els valors que em van inculcar els meus pares es facin una pilota perfecta. -És clar. De cara a la premsa vols que tot sigui meravellós, però per"
"podia"", relata Gaspart. Més enllà d'aconseguir més confort i seguretat, l'exvicepresident considera que La Masia va inculcar un aspecte fonamental, el que avui es defensa des del club amb orgull: els valors. ""A més de la capacitat esportiva, es va","precoç i als avenços de la medecina personalitzada. Però la ciència no és l'única eina amb què s'ha de lluitar. ""S'ha d' inculcar als nens hàbits de vida saludables"", diu la doctora, que insisteix en l'alimentació i l'exercici. L'activitat física"
"l'església la que ha de solucionar ara els problemes del Cèsar? Exprés el meu escepticisme amb les creences que em varen inculcar en un temps en què la veritat s'amagava amb coneixement de causa, i pens també que molts actuaven amb maldat amb la","prendre'n. El coordinador i dissenyador del programa, Jordi Fernández, ha destacat que ""és molt important començar a inculcar hàbits d'alimentació saludables entre els infants des de ben petits"". El programa Infadimed -Infància i Dieta"
"aquesta envergadura. Deia que el millor era fixar-se reptes a curt termini, superar-se cada dia. Això és el que intenta inculcar als seus homes cada jornada i de ben segur que amb aquesta mentalitat l'equip afronta aquest tram final abans de les","mateixa"" i la seva mare, que és cega, ""transmet valentia tot i tenir una discapacitat física"". ""Quan escric sempre vull inculcar motivació al lector, intento dir: ""Tu pots"""". L'Alba porta hope (esperança) tatuat a l'avantbraç. Partidaris i"
"predicació serà la seua activitat fonamental. Va exercir una forta influència espiritual en les persones a les que va inculcar el seu carisma al mateix temps contemplatiu i apostòlic, que avui es manté viu en les congregacions religioses","van néixer les ganes de jugar a futbol. Des de menut que m'ha agradat. En part, gràcies al meu pare. Ell és argentí i m'ho va inculcar . Als 13 o 14 anys vam anar a viure a l'Argentina i allà va ser quan vaig decidir ?seguir-me entrenant i jugant amb la"
", Mateu Casañas i Eduard Xatruch van passar més d'una quinzena d'anys a la cuina d'El Bulli. ""L'inconformisme que ens va inculcar el Ferran, plantejar-nos-ho tot i atrevir-nos alhora a tot, forma part de la nostra manera de ser -explica Castro-. D'","i la garantia en l'accés a l'habitatge, la salut, l'educació i el treball digne són altres prioritats que volen inculcar en el futur espai polític de l'esquerra catalana. El compromís amb la ""total transparència"" en les decisions, que"
", en referència als atacs del 13-N, de sis pàgines, està ple de teories d'una conspiració judeo-maçònica"", per inculcar als infants la ""ignorància i la corrupció moral"", emparada en la laïcitat ""fanàtica"" de l'ensenyament francès. El","savis o de bojos, bons o dolents, una combinació d'intel·ligència i caràcter. La base dels seus ensenyaments i el que va inculcar , va ser la creença en una comprensió objectiva dels conceptes de justícia, amor i virtut i evitant la violència; i el"
", per al partit intranscendent de Leverkusen. Les dues accions reforcen el missatge que l'entrenador pretén inculcar que, més enllà de l'onze titular, no té recanvis que ell consideri de garanties En aquella llarga llista hi ha escrits","altres que volen construir un model econòmic cooperativista basat en unes finances ètiques. L'objectiu del curs és inculcar als assistents tres idees pràctiques, fàcilment realitzables, perquè aconsegueixin nous recursos per la seva"
", la gent no vol canviar d'hàbits."" Salas va assegurar que no hi ha alternativa i que ""la mentalitat de l'estalvi s'ha d' inculcar "". Marzo va reblar: ""Hem de tornar a la mentalitat dels nostres pares i avis però amb les energies del segle XXI."" En el","molt en la vida de la parròquia, i allà em vaig fer molt amiga de Montserrat Albó, una dona extraordinària. Ella em va inculcar que estudiés el batxillerat. -Havia entrat a treballar al mercat de Montserrat, en una parada de cafè i sucre, i va ser"
"que ""el que pretén Galca té molta complexitat"" i entén que necessitarà ""el temps que no tenim els entrenadors"" per inculcar les seves idees en les files blanc-i-blaves. Està convençut, però, que la proposta del seu homòleg ""donarà bon",". La falta que ens volen fer creure que tenim i no tenim. Algun dia deixem de desitjar, canviem aquest xip que ens van inculcar de ben petits i llavors comencem a ser les persones que no interessa que siguem: lliures i autosuficients. Sembla que l'"
", vestia com una àvia i escoltava música diferent a la que escoltava la resta de la classe"", però els seus pares li van inculcar un principi que li ha quedat gravat per sempre: ""ser diferent és de valents"". Frase integrada ara a les estrofes de '",", començar a fer gran Amèrica de nou. Vinyetes de la història gitana Daniel Díaz Heredia és gitano. Quan era petit li van inculcar la idea que ell no era igual que els seus companys de classe. ""Al col·legi jo sempre vaig ser l'Heredia, no per part dels"
"que una part del fracàs educatiu actual es deu a la pèrdua del sentit d'atenció en els alumnes, que tan bé havia sabut inculcar l'escola republicana. Avui, subjecta a la pressió constant de la fugacitat dels estímuls, la pedagogia defensa","canvis profunds. En aquest context, la síndrome de Procust es manifesta en la predisposició a enganyar per tal d ́ inculcar la hipòtesi preconcebuda de l ́austeritat com a única solució per sortir de la crisi. Les mesures adoptades d ́"
"italiana Natalia Ginzburg ens anima en un dels seus assajos a celebrar la gran virtut de la generositat, en lloc d' inculcar exclusivament les virtuts menors del càlcul i el benefici. La grandesa moral resideix en l'excés de la gratuïtat i no en","de valencians, per les bandes. ""El pare de Raimon estava vinculat a la Banda Nova o Música Nova, en va ser president i va inculcar als seus fills l'amor per la música. Allà, Raimon va aprendre solfeig des dels cinc anys amb el celebrat mètode d'"
"a millorar en salut pública. En els darrers quatre anys, Dipsalut ha format gairebé 5.300 persones, ""a qui s'ha volgut inculcar que no cal una preparació especial per auxiliar algú i que s'ha de tenir clar que un desfibril·lador no pot fer mai mal,","en anglès de les Online Travel Agencies (agències de viatges en línia), les quals utilitzen entre altres mètodes el d ́ inculcar als hotelers la idea de que aquestes són com un aparador per ajudar-los a vendre més i més fàcilment el producte hoteler"
"intrínseca a qualsevol societat democràtica"", i alhora han indicat que ""l'educació mai és neutra en el sentit d' inculcar principis i creences"", per la qual cosa ""la pretensió de tal neutralitat, si arribara a existir, deixaria buida de","es tendeix a pensar que un artista que funciona no vol escoltar consells, però un dels valors que els meus pares em van inculcar va ser el de no deixar mai d'aprendre. I jo per a aquest disc he tornat a tenir l'ajuda de professors de cant. Per millorar"
"anys que l'Associació de Festes del Carnaval de Solsona mostra els gegants als més petits amb l'objectiu de ""començar a inculcar als infants la il·lusió per la festa"", segons ha explicat a l'ACN el president de l'entitat, Ramon Maria Casas. Els més",d'esta mateixa especialitat després d'una brillant oposició. Fins a la seua jubilació reglamentària al 1967 va inculcar els seus alumnes un rigor científic indiscutit tractant que comprengueren no només la tècnica de la perspectiva sinó
. Óscar esquiva com pot les manies de Mónica. La primera que admet: la seva obsessió per l'ordre. Des de petitona em van inculcar que l'ordre és el principi de la disciplina i m'ha anat molt bé. ¿Que sóc un conyàs? ¡Doncs que es fotin! Em treu de,", els investigadors van voler saber si una dieta rica en greixos pot influir en el desenvolupament de metàstasi, i van inculcar càncer oral a ratolins amb una dieta amb un consum de greixos superior a l'habitual. Prop del 80% van desenvolupar més"
". El seu avi, José Manuel Vidal Zapater, va fundar la històrica discogràfica Hispavox el 1953, i els seus pares li van inculcar , des de molt petit, la passió per la música i la cultura en general. ""Sempre m'ha interessat la música, que a casa s'ha",", els investigadors van voler saber si una dieta rica en greixos pot influir en el desenvolupament de metàstasi, i van inculcar càncer oral a ratolins amb una dieta amb un consum de greixos superior a l'habitual. Prop del 80% van desenvolupar més"
"queda clar que la font d'inspiració d'aquest creador singular va des de la passió per literatura que la seva mare li va inculcar de petit per combatre els malsons nocturns, fins a l'arquitectura o el cinema, que és una de les seves obsessions vitals",". ""El valor de l'observació com a ferramenta científica bàsica"" és allò que trasllada a l'art qui s'entesta a inculcar esta mateixa passió als seus alumnes. ""Intente fer alguna cosa transversal i amena"". Va començar amb Goya, de les"
"vessant laboral d'allò més peculiar, si no fos que la gran passió de Jaume Escalas era la música. Va ser una passió que va inculcar a tota la família i que ell havia heretat del seu pare, Mateu Escalas i Vidal, que va rescatar l'orgue barroc del convent","sopa d'all del seu avi com especeja un llamàntol viu. -Des que vaig començar la secundària. La passió per la cuina me la va inculcar el meu avi, que era qui cuinava a casa. Tinc gravada l'olor dels seus guisats quan tornava de l'escola. -Acabat d'entrar"
"marge als nens perquè facin coses sols a través d'anècdotes que li servien per il·lustrar amb ironia la fórmula per inculcar el valor de la responsabilitat. ""Jo no vaig anar a esplais, però els meus fills sí, i ara en són monitors. Quan eren petits","diuen en David, el teu home, i els teus fills? Els tinc a prop, i intentem fer les vacances i córrer a la vegada. I intento inculcar l'esport d'una manera saludable. Anant caminant a l'escola, per exemple. Actualment estàs acabant el doctorat de"
"i, per això, hem de col·laborar en totes les tasques com un bon equip. Per aquesta raó, no hem de pagar als nens. - La clau és inculcar l'esperit d'equip per la cura de la llar entre els membres de la família. Els diners, encara que als nens els puguin",l'Espanyol a jugar contra ells i rebíem una pallissa. Al col·legi també notava la diferència. I això que a casa no em van inculcar mai cap odi al Barça ni jo tampoc als meus fills. Són coses que es van vivint i surts cremat. -CR: Una altra de les queixes d'
i el 1957 em vaig enrolar en una expedició submarina a bord del Cruz del Sur. Ramon Padrol va ser el meu instructor i em va inculcar el verí dels llibres i de l'escafandrisme. Amb ell vam organitzar el rescat de les monedes. -¿Com va relacionar,": és del Reial Madrid. No per tocar els nassos a ningú, esclar, sinó per influència familiar del seu cosí, que l'hi va inculcar des de ben petit. Per què no s'ha preocupat de canviar-ho? ""Té a veure amb la fe. El Madrid pot guanyar o perdre, però el"
de projectes al certamen. La Fira va néixer amb l'objectiu de fomentar l ́educació emprenedora entre els joves i inculcar l ́esperit creatiu i innovador dels alumnes. El concurs fotogràfic de la Festa de l'Arròs de Sant Fruitós ja té,"quina posició manté cadascú, perquè pot ser que siguin matisadament diferents"". Ciutadans acusa Ensenyament d' inculcar l'""odi"" als alumnes catalans Meritxell Ruiz replica que ""ni s'ensenya a odiar, ni s'ensenya a matar, ni s'ensenya la"
"Era una persona bona en tota l'amplitud de la paraula, cristiana convençuda, practicant en el seu dia a dia. Ens va inculcar les seves creences, encara que la majoria dels seus fills érem no practicants. Solament per a ella varem decidir fer un",nens i nenes estan molt marcats i al que és diferent se l'acostuma a castigar encara que professors i pares s'esforcin a inculcar missatges diferents. Si a P-3 un nen es presenta amb trenes als cabells o amb les ungles de les mans pintades amb esmalt
"tècniques i després t'has d'envoltar d'un gran equip i, aleshores, tot és possible"". I ha afegit ""qui ha ajudat molt a inculcar la cuina entre els més petits és el programa Masterchef. Abans et demanaven una play i ara et demanen anar a sopar a","perquè de cop està absent, no belluga les extremitats o no parla bé. La campanya també incideix en la discapacitat, per inculcar en els menuts la idea que, tot i que altera la vida d ́una persona que ha patit l ́ictus, és important ajudar-la per a la seva"
"de la Generalitat, Jordi Pujol, d'haver robat ""les nostres creences"". ""El sentiment de pertinença, que Pujol va inculcar a tothom, ens ho ha robat, perquè ara hem vist que al darrera hi havia una altra cosa"", ha sentenciat l'empresari. També","refugiats sirians em vénen al cap"", afirma. Es va criar en el si d'una família emigrada d'Armènia, amb un pare que li va inculcar des de petit la passió per la música clàssica. Reconeix que va començar assajant a contracor, mentre l'única cosa en què"
"ha fet ell a nosaltres, als culers i al món del futbol"", admet Andrés Iniesta. Segurament, gràcies a la filosofia que va inculcar el creador del 'dream team', ell ha arribat al primer equip. Per la seva qualitat, pel seu talent, fonamentalment, però","coses ens confirmen que anem en la bona direcció. -No, perquè no es tracta d'amagar les coses a l'armari, sinó d' inculcar l'esperit de no acumular, de tenir poques coses i que ens aportin alguna cosa. Quan fem un pressupost, el client accepta"
"de temporada, quan se li acaba el contracte signat, i ha assegurat que treballarà diàriament per a aconseguir-ho i per inculcar als seus jugadors els conceptes de ""tasca, il·lusió, equip i superar les dificultats"". ""M'he preparat tota la meua","polític ampli està condemnat a fracassar"", assegura, i recorda els esforços invertits per les elits nacionalistes a inculcar els valors i els símbols de Cuba ja des de l'escola, al contrari del que ocorria a l'Espanya de l'època, en mans de l'"
"González, Alsina adverteix que l'empresa ""no serà gens fàcil perquè a casa són forts, el míster és competitiu i intenta inculcar el seu caràcter intens i agressiu als seus jugadors"". El tècnic d'Arenys de Mar assegura que el vestidor ""està","vida i punt. És conscient que un dia estàs a dalt, i un altre, al subsol. Així l'han educat els seus pares, que també li van inculcar l'estalvi com a forma de vida des que va començar a fer les seves incursions en la indústria. Les barbacoes a casa dels"
"a les aules, almenys fins que completin l'etapa obligatòria, conscienciar dels efectes de la desescolarització i inculcar la idea que formar-se no implica perdre la identitat. En l'actualitat, 6 de cada 10 infants gitanos deixen l'escola","un col·lectiu arbitral, que també va a la batalla. Els Reis Mags No sé si els neuròlegs ho deuen haver estudiat prou, però inculcar als nens això dels Reis Mags deu ser dolent. Evidentment, l'engranatge comercial diu el contrari. No falten mai veus"
"a baix, sense transició. Era meravellós. Viatjàvem en una pick-up amb fustes per poder travessar els rius. -Ell li va inculcar el plaer del viatge. Tots dos érem molt inquiets, sí. He viatjat molt. També vaig heretar del meu pare la passió pels",": la feina del maquinista, l'il·luminador... Precisament la part de belles arts que té el cinema. I també em va inculcar el meu amor pel cinema artístic i d'autor. Un dels teus papers més coneguts és el de Pulp fiction . ¿És cert que vas"
"executiva de Berklee València, María Martinez Iturriaga, donava una enriquidora xarrada sobre la importància d' inculcar la música en l'educació, com catalitzadora de la intel·ligència emocional, gran aliada en el desenvolupament de les","autonòmiques disputades en Almussafes. Però no solament està el rendiment esportiu. La formació de la persona, inculcar valors, és el més important per als 201 socis del club. Es tracta d ́emprar la pilota com una ferramenta educativa. El"
"en una entrevista del programa de la NRA Cam & Co. Segons la NRA, afegir armes als contes és bo, educa i ajuda les famílies a inculcar els valors de la possessió d'armes als més petits. Malgrat la polèmica suscitada el mes de febrer passat per un informe",", explica. Jo no sóc historiador. Ho he fet per la família perquè sempre l'he valorat molt. No sé si és perquè m'ho va inculcar el meu pare"". Afirma, també, que fent la recerca ""hi ha hagut moments que em sentia com si jo fos el protagonista dels fets"
". L'arc, no la fletxa. Abelardo viu a Mareo perquè ell és fruit de Mareo. ""La diferència entre el futbol que intentem inculcar als nostres guajes i el meu és la velocitat de la pilota. Ara ¡vola!, abans tot era més reposat"". I això intenten els",". No es va estendre sobre els seus orígens com a immigrant, però sí va destacar els valors d'esforç i honestedat que li van inculcar els seus pares. En altres ocasions, quan se li ha preguntat què opina dels comentaris del seu marit sobre els immigrants"
el mateix objectiu. El Club Esportiu Sogorb organitzà ahir una xarrada amb l'àrbitre de la localitat Iván Muñoz per a inculcar respecte i valors. El col·legiat parlà sobre educació esportiva així com del respecte als àrbitres i als rivals. L',"un cos que no està preparat es produeixen anticossos, i moltes vegades la gent queda vacunada contra això que tu volies inculcar . -Per exemple voler córrer molt més que el que el conjunt d'aquesta societat, ni tan sols una minoria del 10%, 15% o 20%,"
"de fomentar el respecte entre els jugadors més xicotets està dins de la campanya #RespectSisterre, la qual tracta d' inculcar valors de respecte i esportivitat a tots els xiquets menuts i no tan menuts de l'entorn de l'entitat. Així doncs, ha","Tour arrenca amb èxit a Baqueira Beret Amb l'objectiu de conscienciar els joves participants sobre la seva seguretat i inculcar els valors i respecte per la muntanya, Eldorado Freeride Junior Tour va començar el dissabte 28 de gener amb l'"
"La Roche-Posay Espanya, assegura que ""encara ens queda molt per fer, especialment entre els més joves. És fonamental inculcar uns hàbits de protecció del sol, sobretot quan, segons l'AEDV, cada vegada es diagnostiquen més casos en persones"," la Senyera quan passa per les Torres de Serrans o s'emociona amb l'himne regional perquè la seua mare, manxega, li va inculcar el que significava ser valencià"". ""Sentir-se valencià és un orgull que cadascun interpreta a la seua manera"", ha dit."
"fallides. En definitiva, els errors poden convertir-se en la millor oportunitat. I aquesta és la idea que pretén inculcar aquest projecte a les nenes des de ben petites. Posar fi a l'esquerda tecnològica per raó de sexe 'Quan comencem les","l'aparent llibertat dels mitjans encobreix un sofisticat model de propaganda el qual, el principal objectiu és el de "" inculcar i defensar l'ordre del dia econòmic, social i polític dels grups privilegiats que dominen l'Estat i la societat"". Per"
"amb 4 anys. ""Encara que he viscut pràcticament tota la vida aquí, tinc les arrels cubanes i els meus pares sempre em van inculcar la cultura cubana"", va declarar. La sortida del vaixell va estar acompanyada breument per dues embarcacions de l'","al Camp Nou és que el gol definitiu el va marcar un dels nostres nens, un jove que aglutina tot el que nosaltres intentem inculcar als nostres joves. Sergi Roberto és el millor exemple"". Xepkin, que reconeix que tenia fe ""però no tanta com calia"","
"unitats canines de la policia, conegudes també amb les sigles K9, perquè en anglès es llegeix ""canine"". També es volia inculcar en els escolars el respecte pels animals, així com la convivència, la responsabilitat i el foment de valors. Per",". ""No hi ha dubte"", assenyala Gerard Romero, ""que el Sergi representa, en aquest sentit, tot el que La Masia pretén inculcar en els seus esportistes, com el valor d'estar al Barça, la perseverança, el sacrifici, la complicitat, l'amistat, el"
"tantes coses? Us heu plantejat fer una anatomia de la por contemporània? ""El sistema soviètic autoritari va inculcar la por a diferents generacions. Aquesta por encara persisteix avui, perquè per dir segons què pots perdre la feina o ser","què? Tot això importa"", conclou Grégoire. ¿Fins a quin punt l'agència Nelly Rodi preveu les tendències o les crea? ""Puc inculcar una idea, un motiu, una tendència, però les companyies poden seguir-les o fer tot el contrari per ser originals. Depèn"
"una profecia del negre futur que ens espera). També hi havia un mestre que es dedica a fer de contacontes perquè intenta inculcar en els nens l'amor per les paraules (""Una cosa que s'ha perdut completament"", em va dir, ""i l'escola i els seus pèssims","en el plenari de la Diputació de València una moció que donava suport al PATIVEL. Els meus pares, des de ben menuda, em van inculcar l'estima a la terra, a l'Horta que m'ha vist nàixer. He tingut el privilegi de criar-me envoltada de camps llaurats i"
"estat pare o mare, en una família nuclear o en una comuna, sap que -afortunadament- no té cap garantia d'èxit a l'hora d' inculcar la seva pròpia ideologia en els fills. Ni tan sols si és una ideologia anticapitalista. Evacuen un home ferit lleu per","de l'observació de l'entorn, tot i que sí han tractat de que el personatge representés molts valors que elles volien inculcar als seus fills. Ha detallat que un dels valors més importants és el del respecte: ""Teo és bàsicament un nen respectuós:"
"Per por de perdre la feina, perquè ni tan sols poden marxar.' Perquè encara hi ha por. 'El sistema soviètic autoritari va inculcar la por a diferents generacions. Aquesta por encara persisteix avui, perquè per dir segons què pots perdre la feina o ser","! ¡Estic tan content amb la meva nova guitarra!"". ""El meu pare (amb qui surto a la foto) era mecànic de vol a Iberia i em va inculcar l'afició als avions. Fa 25 anys que sóc pilot (virtual) pilotant el Boeing 737 i la Cessna 172, així que si voleu amb mi i"
"ambulants"", treballadors humils que es compren cotxes que no valen ""més de 3.000 euros"", asseguren. 'Yoyo' els va inculcar l'hàbit d'anar sempre ben afaitats mentre estiguessin sota el seu sostre perquè l'única barba de la casa havia de ser la","del Barça també serà present a la Institución Nuevo Bosque amb el programa FutbolNet, una iniciativa que pretén inculcar valors com el respecte o el treball d'equip a través del futbol. La Fundació La Caixa, que aquest dimarts ha estat"
"a gestionar l'èxit després del triplet aconseguit pel seu predecessor Jupp Heynckes, prou tenia l'exblaugrana a inculcar la seva idea de joc de posició en un país on es juga el futbol més ofensiu d'entre totes les concepcions defensives d'","al final passem per caixa) volem per als nostres nens. Especialment un: el respecte. ""És el principal valor que volíem inculcar als nostres fills: respecte per l'entorn, la naturalesa, els companys"". Això no envelleix mai. En Teo no és l'única"
"i de temàtiques molt diverses, que es recolliran en un llibre. El treball pretén replantejar-se la manera d' inculcar l'emprenedoria al seu alumnat, donant més capacitat de decisió als estudiants i promovent la iniciativa o la","l'endemà, fer-ho tot de nou de dalt a baix. M'agrada ser optimista com una manera de veure les coses, és una cosa que em va inculcar la meva àvia. Crec que així, a més, s'aprofita més el present. Amb tanta xarxa social, no disfrutem realment de la gent"
"/ Però tot i que molts només veuen la seva imatge hortera, Gibaja assegura que amb les seves aventures i consells pretén inculcar als fans valors com la igualtat, el respecte, la tolerància i l'amor propi. Fa uns dies, sense anar més lluny, va","el terror de la gent cristiana dels pobles de l ́Empordà. Una persona d ́Esquerra Republicana va dir-me: el meu pare em va inculcar odi als capellans i militars, quina pena, a mi el meu pare em va inculcar saber perdonar i estimar. El més trist és que avui"
", la seva àvia va ser la que va deixar aquesta herència tant a la seva filla com a la seva néta, ja que des de petites els va inculcar l'amor a la nina i l'obsessió de ser igual que ella. ""Ens donava consells de tota mena. Ens deia com ens havíem de vestir,","Esquerra Republicana va dir-me: el meu pare em va inculcar odi als capellans i militars, quina pena, a mi el meu pare em va inculcar saber perdonar i estimar. El més trist és que avui i ara, els fills i nets d ́aquests que varen perdre la guerra, guarden un"
"i que han marcat el so de ́Fortuna ́ (enregistrat i mesclat pels germans Garcia de Sant Feliu de Guíxols). ""En Jordi ens va inculcar la idea del ́so imperfecte ́, de no gravar un disc brillant, bonic i que pugui agradar a les tietes"", defensa Joan Rial. I",", però a Orient no varen poder mantenir-se i el 1291 varen perdre Sant Joan d'Acre. -- Potser al Conqueridor li varen inculcar l'esperit guerrer, però la temprança no va ser una de les seves virtuts... -- Això forma part de la seva vida privada i"
"que la pressió pugui jugar una mala passada al seu equip. ""Els futbolistes sempre juguen amb pressió. He tractat d' inculcar als meus jugadors que s'han de prendre aquesta última jornada com la possibilitat d'aconseguir un premi a l'esforç que","computacional i la programació són dues de les habilitats més preuades del segle XXI, Codelearn treballa per a inculcar aquests coneixements entre els més joves. Aquesta escola, amb dotze centres repartits arreu de Catalunya, ofereix la"
. Creiem en la literatura i no estem deprimits ni tenim la síndrome del burn out[esgotament emocional]. -¿Qui li va inculcar el cuquet literari? Vaig estudiar batxillerat en el franquisme tardà i vaig tenir com a professors Joaquim Molas i,de la brigada surten al carrer per repartir díptics i informació als punts més conflictius amb la missió d' inculcar respecte pels espais públics. Els seus integrants asseguren que els resultats ja comencen a ser visibles i que els
"fills que es volia dedicar al camp. Vam haver de lluitar molt per conservar la terra, i algunes vegades vam perdre. ¿Com inculcar al meu fill la idea que fos pagès si ens estàvem quedant sense terra? ÓSCAR MANRESA. Propietari del grup Food & Music. A","especialment als llocs més ""conflictius"" i on s'acumulen més deixalles com són les escoles o les places. ""Es tracta d' inculcar el respecte als espais públics"", afirma la tècnica de l'Oficina d'Inclusió de l'Ajuntament, Vivi Pérez. Els"
"el concepte d'arma de foc, a diferència d'anteriors versions més tradicionals. Adopta la forma d'un guant per evitar inculcar la cultura de l'arma de foc als més petits i wl converteix en una experiència més amigable per a aquells pares que no vegin","retorn t'ajuda a entendre't a tu mateix, a saber per què ets com ets. Què tinc d'etíop"". Ara comprèn els valors que li van inculcar en la seva infantesa. Va arribar a Barcelona als 10 anys després de passar vuit mesos en un centre d'acollida d'ECAI ("
"més garanties d'èxit. ""Són partits normals, com els de Lliga. No se'ls ha de donar més trascendència de la que tenen, ni inculcar por. Hem de gaudir del moment"", deia, convidant a l'equip a ser ""fidel"" al seu estil. ""Només si ho fem així passarem les","pel·lícules poden causar molt impacte entre el públic actual, i que pares i educadors poden utilitzar-les per inculcar l'amor al cinema en les noves generacions. I això últim, al capdavall, és el més important de tot. S'ha de reivindicar la"
"les preguntes a l'aula triant els alumnes a l'atzar en lloc de confiar en els que sempre estan disposats a aixecar la mà. Inculcar aquestes tècniques és més fàcil de dir que de fer. Com passa amb altres habilitats complexes, el camí per dominar la","la seva opinió, per disminuir el risc de patir aquestes malalties i de portar una vida activa i sana per més temps, cal inculcar una alimentació rica en antioxidants, unes molècules capaces de retardar o prevenir l'oxidació d'altres molècules o"
"europea de salt de llargada en la categoria de +55 anys, a Ancona. A més té de bagatge la seva preocupació per aconseguir inculcar a tothom la importància de la dieta, amb molts anys treballant en nutrició. Viu a Madrid des de ja fa dues dècades, però","viuen en la casa dels seus progenitors, morts fa deu anys. El seu pare era el president de la Societat Esperantista i va inculcar als seus fills l'amor per aquesta llengua. Llàtzer -batejat així en honor per Lazarus Zamenhof, el creador de l'"
"la idea que per haver de cursar un cicle mitjà o superior són inferiors als alumnes de batxillerat. Per això, s'ha d' inculcar a la societat que aquest pensament és del tot erroni. A més a més, està comprovat que la majoria de les universitats","més, el regidor Pere Albertí ha explicat que l'objectiu és fer també pedagogia entre els estudiants gironins per tal d' inculcar valors com la pau i la tolerància i evitar que situacions com aquestes es tornin a repetir. 660 escolars planten 300"
"Cruyff Courts són petits camps de futbol de gespa artificial i d'ús lliure que tenen com a objectiu fomentar l'esport i inculcar valors com la integració o el joc en equip L'alcalde de Constantí, Óscar Sánchez, i la directora de la Fundació Johan",el regidor Pere Albertí va explicar ahir que l'objectiu és fer també pedagogia entre els estudiants gironins per tal d' inculcar valors com la pau i la tolerància i evitar que situacions com aquestes es tornin a repetir. Segons expliquen els
"de l'esport. Els Cruyff Courts són petits camps de futbol d'ús lliure que tenen com a objectiu fomentar l'esport i inculcar valors com la responsabilitat, la integració, el joc en equip i la superació personal. L'Ajuntament de Constantí, a","pels mateixos membres de RCP a l'Escola, així com diverses activitats que ajuden a consolidar les nocions que es volen inculcar . Durant el primer curs s'explica com fer una trucada d'emergència, la importància de l'autoprotecció i control de"
"va dir Font, negant que el seu salari ""arruïni"" el Barça. Vol Messi per a tota la vida, també fora de la gespa. 0 Comentaris Inculcar les normes anti-Covid als fills, sortir a l'aire lliure i mantenir el nostre oci 'online' resulta bàsic per al bon","al córner vaig quedar-me amb el Mascherano al mig del camp, el vaig abraçar i vaig dir-li: ""Allà no hi arribo"". Va saber inculcar als jugadors i al mateix club que s'havia de tenir un estil propi. Ell sempre deia als futbolistes: ""La pilota no sua,"
", com un valor que forma part del perfil que volem que tingui un esportista de la marca Barça. Per a nosaltres té interès inculcar una educació nutricional, que és molt més del que mengen el dia del partit. Quan el jugador interioritza que la nutrició","s'han de destinar per aconseguir aquests objectius preventius. Fabián Caparrós, que opina que el programa hauria d' inculcar la idea que ""tot el que és públic és de tots i que les autoritats tenen la sagrada tasca de servir la ciutadania"", recorda"