"York Times i al Washington Post. ""Qun dic sóc de Barcelona - va dir-, la gent em pregunta per la situació de Catalunya"". Va precisar que als Estats Units el que de veritat es coneix de Catalunya és Barcelona. ""En el món de l'art -va dir Vila-, el que es","a l'octubre. Els militars filipins van afirmar que també van rebre auxili dels Estats Units, Qatar i Israel, però no van precisar de quin tipus. En un comunicat de premsa, el Consell de Seguretat va condemnar dissabte ""els continus atacs"" contra"
"Per fi, després de dues legislatures socialistes d'incertesa, tenim un Govern de l'Estat que ens escolta i actua, va precisar Veray, i va manifestar que ""després de totes les mentides del ministre José Blanco durant els darrers anys de Govern del",". Dels ferits rescatats, quatre estan en estat greu mentre que onze més van resultar ferides de menys consideració, va precisar el ministre l'Interior, Bernard Cazeneuve, que es va traslladar al lloc de la tragèdia i va assenyalar que s'ha llançat"
"el projecte per minimitzar-ne l'impacte. Així ho va explicar ahir el portaveu de la plataforma, Lluís Mera, qui va precisar que, en primera instància, ""s'han enviat cartes als alcaldes dels tres municipis per on ha de passar la línia -la Seu,","dos nous cadàvers. Dels ferits rescatats, quatre estan greus i 11 van resultar ferits de menys consideració, va precisar el ministre l'Interior, Bernard Cazeneuve, que es va traslladar al lloc de la tragèdia i va assenyalar que s'ha llançat"
", Estanis Vayreda (regidor de Promoció Municipal per CiU) va explicar que ""en cap cas es tracta de més espai de venda"", va precisar . ""Són zones per a rampes mecàniques i espais de distribució de persones"". Josep Maria Corominas (alcalde d'Olot per","armada d'entre 10.000 i 15.000 homes, que inclou milicians i tropes regulars russes. Lisenko ha assenyalat que no pot precisar la xifra de soldats russos que es troben a Ucraïna perquè ""n'arriben cada dia"". ""A Lugansk ni tan sols amaguen els seus"
". Va ser quan Josep Guix (portaveu del PSC) va apreciar: Mercadona aporta el cànon a l'empresa que fa l'obra -va precisar -, no l'aporta directament a l'Ajuntament"". Corominas va reconèixer l'apreciació de Guix i va dir: ""Sí, perquè vostè",", que és qui té la tutela del nen, perquè, segons sembla, els pares no són tutors del menor"". Sánchez Rubio no ha pogut precisar els motius per justificar aquesta retirada de la tutela. Després d'aquesta comunicació, l'Administració andalusa"
"facilitava la informació eren respostes ""de manera ambigua i inconsistent"". Alhora, retreu a Baulida que no va poder precisar ""amb una mínima seguretat"" la ubicació temporal del temps. La fiscal segueix i afirma que la declaració de Baulida ""","aprovar aquesta setmana la sol·licitud de compareixença de Pujol, que en una carta va accedir al requeriment, si bé va precisar que explicaria l'origen dels seus fons a l'estranger passat el dia 22 per no interferir en el decurs de la vida política"
"milions d'euros que en cap cas ni la Generalitat ni l'Ajuntament estan en condicions de fer"". En aquest sentit, Berga va precisar que varen trobar una ""solució provisional i imaginativa de com fer-ho, perquè amb uns mínims mitjans possibles","l'estela persistent del possible meteorit vist aquest diumenge, però encara no s'ha pogut determinar el seu origen ni precisar la seva magnitud. El suposat meteorit ha pogut ser vist, a més de Catalunya, en altres zones d'Espanya, com Andalusia,"
", jornades, taules rodones i debats oberts. En segon lloc, s'han proposat també la creació d'un grup de treball per "" precisar "" el contingut de la proposta de reforma federal, i, en tercer lloc, proposen la creació d'una Subcomissió a la Comissió","massiva aquesta tarda en la Via Catalana per poder convertir en realitat el 9 de novembre"", ha dit Herrera, abans de precisar que el seu partit ""farà tot el possible perquè aquesta unitat no estigui en risc"". El dirigent d'ICV no ha volgut entrar"
"poc abans ho havien fet alguns altres dirigents del partit, com ara Charles Gray i Alex Mosson. PSC i PSOE encara no saben precisar la proposta federal Les direccions del PSC i del PSOE han constituït el comitè de coordinació política entre tots dos","al líder de la Lliga Regionalista voler ser ""alhora el Bolívar de Catalunya i el Bismarck d'Espanya"" -- no s'entén sense precisar que Cambó el va fer servir, el desembre de 1918, en retirar-se els diputats catalans de les Corts en un moment d'agitació"
"del PSOE, Alfredo Pérez Rubalcaba, s'han aprovat nou punts, entre els quals la constitució d'un grup de treball 'per a precisar el contingut de la proposta de reforma constitucional federal'. Les directives del PSC i del PSOE es van reunir a","a les meves mans. Ha de poder ser així i, perquè sigui així, s'ha de votar el 9-N i amb plenes garanties democràtiques"", va precisar respecte a una possibilitat d'eleccions anticipades en cas que no hi hagués consulta. Aquest escenari (votar) seria,"
"i a la llibertat d'expressió que, en definitiva, van ser els que van monopolitzar tot el judici. El magistrat és clar en precisar que queden ""totalment deslegitimades les frases formalment injurioses o simplement vexatòries que, segons les","Estat van per vies diferents i en direccions diferents. En el fons, no hi ha xoc de trens, hi ha allunyament de trens"", va precisar . El seu full de ruta a curt termini, va avançar, serà que, una vegada s'aprovi la llei de consultes divendres i sigui"
"europees en vigor -aludeix als conceptes fundadors de la Unió: llibertat, democràcia, igualtat i estat de dret per a precisar que no tindria cap sentit negar l'exercici del dret d'autodeterminació en base a aquests mateixos principis, diu que",", va dir amb molta prudència que és possible que s'hagi aconseguit posar la situació sota control total. Així mateix, va precisar que no s'ha reportat cap cas addicional en cap dels dos països en els últims 21 dies (considerat el període màxim d'"
", compareixerà al Congrés dels Diputats per parlar de CatalunyaCaixa"". Amb tot, el ministre d'Economia no ha pogut precisar quan començarà aquest procés. Luis de Guindos ha fet aquestes manifestacions al Congrés durant la comissió d'","home, però ja"". Però per si de cas a algú li estigués passant pel cap que tot això era demagògia o populisme, Rajoy va precisar : ""No vull per a Espanya ni demagògia ni populisme. No crec en els tòpics de cartró pedra ni en els discursos buits. Vull"
"primera formulada després d'un discurs sobre les seves prioritats pròximes en el càrrec, i va dir que l'entenia però va precisar al periodista que li va fer que ""els assumptes privats es tracten en privat, amb una intimitat respectuosa de cada un.","-les dues rotondes, el Teatre Centre i la biblioteca- a l'espera de definir si se n'ajornava alguna, però no va voler precisar quina. I va expressar la voluntat de, més d'hora que tard, tirar-les totes endavant. Els accelerats La celeritat en què"
"i alcalde de Salt, Jaume Torramadé. Ara, el president és Joan Giraut (alcalde de Castell-Platja d'Aro). Cal precisar que Prat va renunciar al sou d'alcalde de Ribes al febrer del 2012. Va ser quan va saber que assumiria el càrrec d'","morts a causa del virus. El director general d'Atenció Primària de la Comunitat de Madrid, Antonio Alemany, va precisar que al metge i els dos tècnics del servei d'urgències que la van atendre diumenge se'ls està practicant una vigilància"
"del carrer Estadi, del qual va dir: ""S'ha urbanitzat dues vegades de manera provisional i ara ho hem de fer ben fet"". Va precisar : ""És qüestió de posar el clavegueram que toca i soterrar el sistema elèctric"". Va indicar que ara els tècnics","de molt més específic. En l'hipotètic cas que el virus arribés al país, ""en principi la via seria la contenció aquí"", va precisar Casals, tot i que va afegir que es podria valorar el trasllat. Premia de Mar convoca una consulta popular per decidir l'"
"consolidat com el sector més familiar"", va explicar el cònsol major massanenc i president d'EMAP, David Baró, que va precisar els detalls de l'acord per a tres anys assolit amb la productora. Zinkia cedeix, durant aquest període de temps, els","les víctimes mortals si bé un dels casos, que va morir dilluns passat, està pendent de ser plenament confirmat, va precisar Antoni Mateu. La comissió només informa del refugi La construcció del refugi havia de ser una proposta a tractar i"
"demana informació -més enllà d'enumerar que aquest és un tema de l'agenda política espanyola- no aprofundim més"", va precisar . ""Si Rajoy s'asseu a la taula i no vol parlar de la data i de la pregunta i vol fer altres plantejaments, que ens els faci"",","això, Baras va destacar que ja ho tenien previst i que, per això, traslladen la seva producció a Súria. Tot i així, va precisar que volen fer el trasllat amb el menor impacte social possible des del punt de vista de mantenir els llocs de treball dels"
"tota manera, si no estan interessats a rebre els missatges ho poden notificar. El grup mixt fa 21 esmenes per millorar i precisar la mdificació de la Llei de cooperació penal El grup parlamentari mixt ha proposat que la comissió permanent que fa el","clara als professionals. ""Ara l'objectiu és que tots coneguin la informació necessària i de la mateixa manera"", va precisar Mateu. Entre altres coses, es difondrà amb detall el protocol aprovat i reforçat divendres passat pel govern espanyol"
el comunicat. Una altra de les esmenes presentades pel conseller general de Socialdemocràcia i Progrés (SDP) pretén precisar que una vegada s'hagi pronunciat el Govern sobre una petició d'exclusió de la llista la via jurisdiccional queda,", Salvador Esteve, el mateix dilluns. ""Em va fer la proposta i la vaig acceptar. Em fa molta il·lusió, és clar"", va precisar ahir. Tot ha anat tan ràpid que, s'excusa, necessita uns dies per avançar quatre pinzellades del seu projecte. Potser"
"a la immigració clandestina. ""Vaig ser condemnat per uns fets que ignorava i mai més ho faré"", va indicar abans de precisar que ho havia fet ""com a favor perque tampoc és necessari portar noies"" perquè ""n'hi ha suficients al país o a Europa"",","a més països, però aquest punt no ha estat confirmat pel govern andorrà. En unes jornades ahir a Barcelona, Cosidó va precisar que l'acord amb Andorra se signarà ""pròximament"", per al repartiment de béns intervinguts i que les negociacions no"
". L'afirmació estava destinada a la contemplació de raons socials a l'hora d'assignar els horts del municipi. Va precisar que s'hauran de tenir en compte les persones aturades, per les quals el cultiu d'un hort pot representar un","Suárez debutarà oficialment com a jugador del Barça al Santiago Bernabéu. Això sí, el tècnic blaugrana no ha volgut precisar si l'uruguaià jugarà de sortida o no. L'asturià ha assenyalat també que Sergio Busquets ha fet els últims entrenaments"
", François Hollande, amb l'actriu Julie Gayet, i la seva ruptura. Trierweiler (a l'esquerra de la foto) va evitar precisar quin és el seu estatus actual. Quant al seu futur, va assegurar que se l'anirà plantejant ""a poc a poc"" perquè té ""molt","amb la samarreta blaugrana. De fet, en la roda de premsa prèvia, Luis Enrique va assegurar que ho faria, tot i que no va precisar si seria com a titular. A més d'aquesta gran novetat, la llista de convocats del Barça ha recuperat un dels seus pilars al"
"més probable és que la suma d'escons de CiU i ERC no impliquessin una majoria. Queden poc per sota - la direcció de CiU no va precisar quant - però per sota. En síntesi, la suma de CDC i ERC podria ser la pitjor de les assolides per la suma d'escons dels dos","passat que s'havien elaborat una cinquantena d'informes amb seguiments a persones i moviments socials, tot i que va precisar que va ser per motius de seguretat, no per ""ideologia"". A instàncies de la Fiscalia, el president del Cesicat va"
". Quins objectius s'ha marcat com a president de Fènix? Els objectius bàsics que ens hem fixat, encara sense precisar gaires coses, és el de consolidar l'associació. Es va constituir el 2009 i penso que en aquest temps ja s'ha anat","de l'avantprojecte, del projecte bàsic del centre de convencions i complint les fases establertes. Les tasques varen precisar més d'un any i la feina d'un ampli equip de professionals amb més de 350 esbossos i aquarel·les, més de 300 plànols d'"
"aquesta actuació, un de les grans potes del corredor mediterrani, es comences a executar aquest any. Ahir Padrosa va precisar que era necessària la implicació privada i que, tot i que feia anys que s'hi treballava, ara es donaven les condicions","la direcció i el primer secretari Miquel Iceta. Pladevall ha fet un piulet enigmàtic a Twitter que després ha acabat de precisar : 'I arriba un dia, en que allò que un mateix volia que no fos inevitable es torna ineludible. I per això cal actuar en"
"anar plegats com s'ha fet a d'altres punts d'Europa. ""Hem fet contactes recentment i en farem més per treure pors"", va precisar . Dumas, per la seva banda, va dir que des del sud de França es veia com una oportunitat ""amb més a guanyar que a perdre"". D'","pogut anar a parar ben lluny del Museu Picasso. ""Per nosaltres, era el lloc natural"", va dir ahir Gustau Gili, que va precisar que han posat totes les facilitats per desencallar l'operació, com un pagament fraccionat que no s'haurà abonat en la"
"que desitgin i els facilitarà la informació que necessitin. I farà d'interlocutor amb l'Ajuntament. Albó va precisar igualment que pels contactes que han mantingut amb la Generalitat hi ha ""bastanta gent interessada"". En tot cas,","de la Lliga juntament amb el Sevilla. ""No m'ha costat reanimar el grup"", va confessar ahir Luis Enrique, que no va voler precisar , en canvi, si Suárez seria titular formant el trident amb Messi i Neymar. Tan sols va trencar aquesta norma de no donar l'"
". Va recordar que el PSC considera massa gran la superfície comercial prevista per al centre d'Olot. Tot seguit va precisar que el PSC va votar a favor del canvi d'usos de la fàbrica de can Domènech, perquè ""industrialment tenia poc sentit"".","Strasse, el primer carrer que es va obrir al trànsit. ""Aquella sensació no s'oblida; com a mínim, jo mai l'oblidaré"", va precisar , ahir, la mandatària alemanya. De fet, admet que, avui encara, quan passa per la Porta de Brandenburg, recupera"
"a favor del canvi d'usos de la fàbrica de can Domènech, perquè ""industrialment tenia poc sentit"". Això no obstant, va precisar que s'imaginaven un ús diferent del de supermercat per l'antiga fàbrica. ""Ens imaginàvem -va dir- que hi aniria una","qualitativament i quantitativament demostrables, present la seva identitat personal i política. Dic això per precisar que, en un món replet de trànsfugues, sempre hi ha alguna persona que manté les seves decisions. Hi ha qui té molt nas per"
"modificar els criteris d'avaluació, sense sentir-se pressionades, després d'una reunió al consistori en què els van precisar el perfil requerit per a la plaça que s'havia d'ocupar. El Mallorca prepara el partit del cap de setmana contra Las","impositiu, del 0,54% al 0,53%, amb la intenció que els rebuts no pugin. Molts baixaran i algun pot pujar una mica, va precisar Corominas. Des de l'oposició, Albert Serra (IPR) va aplaudir que es tornés a valors inferiors a l'any 2011 tot i que l'"
universals de la història de la literatura: Teresa i Pau són una parella que se separa perquè un dels dos -- no cal precisar qui -- abandona el principi de realitat i comet l'error d'il·lusionar-se massa amb el breu episodi adúlter que,"turbulència pel fet que s'anunciés que es practicarien 16 desnonaments a Nou Barris, l'Ajuntament de Barcelona va precisar a la tarda que només eren vuit i que no se n'havia portat cap a terme. Una dada que contrasta amb altres fonts, començant"
"espanyol, Mariano Rajoy, va assegurar ahir que està disposat a ""moure's"" i a dialogar amb el govern català, però va precisar tot seguit que només ho farà si la Generalitat ""rectifica"" respecte al procés sobiranista. Es va oposar d'aquesta","que el cop anterior"", va dir ahir a aquest diari el president del Consell d'Informatius, Alejandro Caballero, abans de precisar que ""hi ha sempre un 20% d'abstenció tècnica"". ""També cal tenir en compte que era el primer cop que es votava via"
"que no és possible finalitzar les dues obres tan sols amb aportacions públiques. Vila ha ressenyat que és complicat precisar el finançament que caldria, tot i que ha avançat que si bé el cost de desdoblar la N-II es va situar inicialment en els","el resultat de l'any passat, en què va perdre 33,7_milions per l'ajustament de plantilla. No obstant això, Gallardo va precisar que, amb aquests recursos, l'empresa analitzarà compres als ""Estats Units i Europa"" d'àrees com ara la ""dermatologia"
"una sèrie d'observacions fetes entorn d'una classe i d'un ambient que en tots els aspectes és el nostre"". De qui? Li ho va precisar , l'estiu de 1964, a Josep Maria Huertas Clavería en una entrevista a la revista Signo: Els altres catalans són ""ante","sense fer jazz"". Sigui com sigui, parlem de cançons en què ""el nucli, el punt de partida, és la lletra"", si bé és difícil precisar una intenció narrativa conceptual. Es tracta de peces que al·ludeixen a la vida i la mort, la matèria, una certa mística"
"guia per regular les ajudes públiques que poden rebre els aeroports i les aerolínies dels països membres. Almunia va precisar que aplicarà les noves regles sobre ajudes d'estat en el sector de l'aviació a 28 investigacions encara en curs, entre","hi ha ""contra- diccions en el relat de la víctima"" que han sembrat dubtes entre els investigadors. Fonts policials van precisar que la successió de fets explicada per la nena de 14 anys no coincideix amb el que han pogut veure en les primeres imatges"
"les inversions que realment ha efectuat l'Estat a Catalunya. ""Demanem transparència. El govern de l'Estat ha de precisar la seva actuació inversora a Catalunya"", ha afirmat el portaveu adjunt i portaveu de Foment de CiU a la Cambra baixa,","en una ""revolució pacífica del poble de Catalunya que vol poder decidir i construir un país nou"", i ha declinat precisar el sentit del seu vot. També a Avancem, dos dels seus fundadors han optat per opcions diferents: Jordi del Río acudirà"
"(el port d'Envalira també va estar tancat durant part del matí) i la zona de les Fonts d'Arinsal. Francesc Areny va precisar que ""segurament s'haurà de tornar a tirar avui"". El màxim responsable de Protecció Civil va afegir-hi que havien hagut","de Catalunya. Sánchez ha dit que está disposat a reunir-se amb Rajoy i Mas per ajudar en el diàleg, encara que no ha volgut precisar de quina manera traslladarà el debat sobre la reforma de la Carta Magna al Congrés. ""La proposarem amb o sense Rajoy"", s'"
català per estudiar la viabilitat tan econòmica com tècnica del projecte. La consellera de Benestar Social no va precisar una data concreta per tenir el resultat de l'estudi. Munté lloava el model d'interrelació entre serveis social i,"explosió havia estat causada per una bomba, posteriorment fonts policials citades pel diari nigerià Daily Trust van precisar que es va tractar d'un atemptat suïcida. L'atac va desfermar el pànic a l'escola, on s'amuntegaven els cadàvers"
"amb les Cançons de la roda del temps com a nucli del recital. El cantant treballa en nous poemes de l'escriptor, però no va precisar si estarien a punt per als concerts. Raimon ha trencat, per fer aquests concerts, un any que havia de ser ""de reflexió","els delictes de desobediència i de prevaricació (dictar resolució injusta sabent-ho). La fiscalia general va precisar que la reunió es va centrar en la ""valoració juridicopenal dels fets que es van succeir al voltant de l'anomenat procés"
ser envestida per una furgoneta Iveco Daily amb matrícula del Principat mentre creuava el carrer. El cos d'ordre no va precisar cap detall sobre les possibles causes de l'atropellament. Sí que va confirmar que s'havia practicat la prova d',"que ""de forma indubtable"" les conductes s'han produït en el territori de la comunitat autònoma catalana. ""S'ha de precisar a aquests fins que un delicte de desobediència s'ha de considerar comès en el lloc on es desenvolupa l'activitat"
"Sec, Ciutat Vella i l'Eixample, cap a quarts de tres el nombre d'afectats havia diminuït a 10.000. Fecsa-Endesa no sap precisar , però, quan es restablirà del tot el subministrament a tots els afectats; en principi diuen que no afecta zones",". Es fa molt llarg. Però les lesions formen part del futbol i s'ha de mantenir el cap alt"". D'aquesta manera, el jugador va precisar el període de baixa estimat de la lesió. Sant Vicenç també implantarà la recollida de deixalles porta a porta Xavier"
"avortament que el Copríncep va pronunciar durant la darrera Diada de Meritxell. Fonts de la institució religiosa van precisar que l'assumpte no es tractarà fins la tornada de Vives del seu viatge a Roma -prevista per diumenge-, on ahir es va reunir","Ferrusola es va desemborsar, quan va heretar aquestes tasques, 600.000 euros. A més, aquest testimoni no ha pogut precisar a la fiscal els càrrecs públics que ha ostentat el seu germà, ja que fa 30 anys que està a l'Administració. I ha manifestat"
"va obrir l'any passat 26 expedients per infraccions en la gestió de residus. El director de l'àrea, Marc Rossell, va precisar que s'havia dut a terme una campa-nya específica de control i que això explicava el nombre (més elevat de l'habitual) d'","empresa va ampliar els serveis de consultoria de Pujol Ferrusola per al projecte de Gabon el 2009, encara que no ha pogut precisar si se li havien pagat factures perquè d'aquestes tasques se n'encarregava un altre departament. Amb aquestes"
on estaven enterrats una setantena de víctimes de l'assalt ha permès corroborar arqueològicament la seva magnitud i precisar moltes dades fins ara desconegudes Les marques de violència als ossos i l'estudi antropològic de les restes mostren,"General de l'Estat cap proposta ni a favor ni en contra de la interposició de la querella. Les mateixes fonts van precisar que el que el fiscal general, Eduardo Torres-Dulce, ha sol·licitat a Catalunya és un dictamen jurídic sobre els fets"
"dues localitats d'Almeria. Segons les fonts policials, l'home havia viscut durant una temporada a Catalunya, sense precisar en quin municipi. El detingut, de nacionalitat colombiana, havia obtingut el permís de residència el 2012. El","sol·licitades pels denunciants, entre elles la retirada de les urnes, per ser desproporcionades. Magaldi va precisar que, ""d'acord amb el principi d'unitat d'actuació que ens obliga"", abans de ser presentat aquest escrit va rebre l'"
"ha confirmat que dues de les víctimes tenen nacionalitat mexicana. Pel que fa als ferits, un total de 74 persones van precisar d'atenció mèdica després del succés. Un adolescent de 15 anys amb greus cremades i danys interns segueix en estat","fins a 90.000 euros per pis si no accepten incorporar-los a una borsa de lloguer social. L'Ajuntament, però, no va voler precisar res més sobre el paquet ja revisat -tampoc l'emplaçament dels pisos- i es va remetre a la fi del procés d'inspeccions,"
"de Madrid en contra el dret de decidir i ha pronosticat possibles canvis en aquest sentit, tot i que no els ha volgut precisar . Pel conseller d'Interior, Ramon Espadaler, els arguments de la fiscalia donen la raó als que volen fer la consulta de",", convençut que el rècord de 253 gols establert, de moment, per l'estrella argentina a la Lliga trigarà, com va precisar ell, ""600"" anys a ser batut. Unió entén la ""revolta"" catalana pel 9-N i també retreu al govern espanyol que permeti"
"de Territori i Sostenibilitat, Santi Vila, ha pronosticat possibles canvis en aquest sentit tot i que no els ha volgut precisar . Vila insisteix en l'encaix possible de la consulta dins la Constitució i recorda al govern de Rajoy que la Carta Magna","i Suárez a l'eix de l'atac) siguin les definitives. ""Dependrà de cada partit i on vulguem crear els espais lliures"", va precisar el tècnic blaugrana, feliç perquè en l'última jornada del grup el Barça lluitarà per la primera posició (i el privilegi"
"localitat, on no hi havia públic i els agents regulaven el trànsit. El dia del judici, el caporal dels Mossos no va poder precisar qui li va llençar els caramels justificant que estava d'esquena en aquell moment. Tampoc va poder culpar cap dels tres","els 3 en què es va xifrar l'edició del 2006, els 2,1 de la del 2007, l'IVA i diverses despeses addicionals, segons van precisar ahir fonts municipals. Sayn-Wittgenstein va intentar que fos Iñaki Urdangarin qui assumís la negociació amb el"
"normalitat un cop van arribar tots els diputats: ""No he vist impedit l'exercici de les meves funcions"", ha indicat, per precisar que ha renunciat a exercir l'acusació en aquesta causa. Boada, per la seva banda, ha afirmat que els manifestants van","pot arribar a un acord amb una sabateria i, si una persona compra en una de les dues botigues té descompte a l'altra"", va precisar . A més, en l'Associació del Centre Vila de Vilafranca del Penedès també donen regals als usuaris de la targeta. ""Ara"
"de la consulta i la instal·lació de taules de vot a l'entorn dels col·legis electorals el 25 de maig, a més de precisar que es pot participar de manera anticipada a través d'Internet. Aigüestortes es consolida com a model de parc","tant l'ANC com el mateix president Mas han dit que estan disposats a dialogar per forjar una llista única, per bé que va precisar que ""no és només Esquerra qui s'hi ha de posar bé"". Al mateix temps, va insistir que aquesta eventual candidatura"
"i tot el que porta a terme el de la Generalitat és el correcte. Davant les al·lusions a la seva estimació per Catalunya, va precisar que l'afecte no li altera la consciència ni li impedeix veure les coses amb realisme i amb responsabilitat. ""L'afecte",companyia automobilística. Fonts de la Casa del Rei han confirmat la visita a Catalunya del cap de l'Estat sense precisar si el president Artur Mas estarà present en l'acte. L'anunci d'aquest viatge s'ha fet coincidir amb la visita dels Reis
"separats i així els tractem. La reconciliació palestina ha estat sempre una de les nostres prioritats"", van precisar responsables palestins que es van estimar més no ser identificats. Així les coses, Israel va decidir cancel·lar la","les seves peces de vestir, que aspirava que lluïssin dones de totes les edats, ""sempre que se sentin joves"", li agradava precisar . Després de dedicar mitja vida a la seva passió -innovar i crear un estil minimalista que elevava el punt més enllà de la"
"Rússia pertorba les eleccions aquest mes, coordinarem ràpidament passos addicionals, incloses més sancions"", i va precisar que ""el proper pas serà un règim més ampli de sancions sectorials"". De la seva banda, Angela Merkel va subratllar que la","a la vida"". L'he citat perquè és un poema que reflecteix l'actitud que s'ha de tenir en relació amb el vi. A mi m'agrada precisar sempre que es tracta d'un aliment que conté alcohol, no d'una beguda alcohòlica. I, naturalment, s'ha de prendre amb"
"de l'equip francès durant les dues pròximes temporades. En un breu comunicat publicat a la seva pàgina web, el club va precisar que la signatura del contracte es materialitzarà en la ""pròxima visita a Marsella (de Bielsa), al final del campionat""","públics contra les administracions contra el Govern o algunes de les entitats que formen el sector públic"", va precisar el ministre en aquella ocasió. El jutge d'instrucció número 2 de Madrid, Arturo Zamarriego, va acordar recentment la"
"dir que és del tot respectable, tot i que a un sector del país li ha sabut greu que es pronunciés en aquests termes. Però cal precisar que l'opinió de Raimon no s'inclou en els paràmetres de l'unionisme espanyolista, sinó en la vivència d'una situació","recaptar un total de 1.000_milions de lliures (1.200_milions d'euros) en els pròxims cinc anys. El ministre no va precisar , no obstant, com es garantirà el compliment del nou impost, que requerirà un consens internacional, sobre el qual"
"un correu electrònic a la direcció organitzaciolaboral@rtvv.es. En la sol·licitud, els interessats han de precisar si sol·liciten la prestació per ser treballadors amb discapacitat, amb fills dependents al seu càrrec amb un grau de","nuclear de Fukushima, però també per modernitzar les instal·lacions de la forma necessària ""per seguir operant"", va precisar Gago. ""El nostre objectiu és arribar almenys a 60 anys d'activitat"", va insistir sobre els reactors que van començar a"
"en el projecte unitari que impulsen, i han precisat que el 17 de maig convocaran a Tarragona un debat per ampliar i precisar les seves propostes polítiques; també han afirmat que el seu projecte polític es finançarà al marge de ""bancs i poders","de Garoña l'estiu passat. L'expedient informatiu es troba en fase d'estudi per part dels serveis tècnics del CSN, va precisar Martí, pel fet que ""ningú vol aprovar coses no segures"" i que podrien derivar en ""gravíssimes conseqüències"" per a la"
"el Tribunal de Batlles, a excepció de les qüestions ja resoltes pel Constitucional"", va indicar el lletrat, qui va precisar que ""si arribéssim a Estrasburg sí que podríem tornar a plantejar les qüestions que ha resolt el TC"". D'altra banda, l'","espanyoles puguin allargar la seva vida fins als 60 anys o més. ""Sempre que se'n faci el manteniment adequat"", va precisar un portaveu de l'entitat. REBUIG DELS ECOLOGISTES / La SNE considera que les nuclears espanyoles poden seguir operant"
que es tem que el balanç mortal encara sigui pitjor. L'accident ha passat durant un canvi de torns i per això es fa difícil precisar quants treballadors hi havia a dins. S'especula que més de 200 han pogut escapar-se a temps. Els socialistes proposen,"alliberar vuit persones, entre elles un saudita i un etíop, però no Somers. El Ministeri de Defensa iemenita va precisar llavors que Somers, un sud-africà identificat com a Pierre Korbie, i un britànic que no va identificar havien estat"
"però fou a Turquia on l'espectacle prengué gran volada i prengué un aspecte profà. La introducció a Europa és difícil de precisar . A darreries del segle XVII eren conegudes al sud d'Alemanya, on els donaven el qualificatiu de ""schatspiel"": joc d'","i com és habitual es rodarà en molts altres escenaris del món, inclòs Roma, Mèxic, Tànger i els Alps austríacs, segons va precisar Mendes, que tampoc va donar cap pista sobre l'argument. L'oscaritzat realitzador només va revelar que en el film hi"
". En el temps alegre de la despesa pública. Com que la intel·ligència emocional és la que avui està de moda, caldrà precisar que Blasco Castany ha destacat com a intel·ligència política. Freda, aguda, analítica i descreguda. Una","en la salut"", va assenyalar el doctor Steven Glover, autor de l'estudi, en què va utilitzar un model informàtic per precisar els anys de vida que es poden perdre. L'obesitat infantil, i la que afecta els adults, sorgeix de la coincidència d'una"
"introduir canvis en les Llei Fonamental, Rajoy ha dit que ""mai"" ha tancat la porta a això, però ha dit que ningú li ha sabut precisar quins canvis necessita la Constitució per a un Estat que, segons la seva opinió, és el més descentralitzat del món. A la","l'estació de l'alta velocitat per determinar ""si es va calcular bé el cabal que la riera de Galligans pot aguantar"", va precisar l'alcaldessa. Una altra de les raons per les quals s'impulsa l'estudi són les inundacions periòdiques que pateixen"
"aire al PSOE, ja que el PSC és a l'UVI, i ha defensat la unitat, perquè ""allò que ens uneix ens enforteix"", ha dit. No va precisar a qui enforteix la unitat, però als catalans ens sobra l'aclariment; ja sabem que no som els agraciats. I no cal","estabilitzadors automàtics-- a fer que es compleixi sens dubte el 4,2%"" de l'objectiu de dèficit. Guindos no ha volgut precisar en què resideixen les diferències sobre l'eficàcia o no d'algunes mesures. ""Això ho han de preguntar a la Comissió"", ha"
"situacions especials que viu el conjunt d'Espanya podria ser que hi hagués altres causes"". El president no ha volgut precisar quines altres causes hi pot haver en l'abdicació. El president, que ha subratllat que el seu missatge era estrictament","irregularment de fins a 5,9_milions d'euros. Així ho van confirmar ahir fonts jurídiques a Europa Press, que van precisar que, de la mateixa manera, el ministeri Públic reclama que la infanta Cristina, per a qui no demanarà pena de presó, faci"
"patir al Calderón. I sobre les seves paraules de fa mesos en què deia que el fitxatge de Bale no era d'aquest món, ha volgut precisar la seva postura quan se li ha preguntat per l'alt preu pagat també per Neymar, que pot doblar el conegut fins ara. ""Un en","unes dècimes per sobre de l'espanyola i de la mitjana de la zona euro, sempre que ""no canviïn gaire les coses a Europa"", va precisar ahir Salvador Guillermo, director d'economia de la patronal catalana, que ahir va presentar l'informe de conjuntura"
"seva i, com havia declarat en una revista, es va casar per amor i amb la dona que li agradés. ""Sempre que ella ho vulgui"", va precisar . Letícia ho va voler i li ha donat dues filles, Elionor, la primogènita, i Sofia. I tot i els rumors de mala relació i","més detalls"", va explicar Domingo Corral, director de Continguts de la Unitat Global de Vídeo de Telefónica, que va precisar que seran sèries premium, dirigides a un públic molt exigent, cosa que requereix moltíssim treball previ. ""Amb tots"
". ""¿Ell?"", li ha preguntat el tècnic espanyol. ""Sí, 33_milions m'ha dit"", ha respost un dels millors amics de Cesc sense precisar si es referia a 33_milions d'euros o 33_milions de lliures. El Chelsea, encara que Piqué no hagi citat en cap moment","de Mediaset. ""Les vendes internacionals, en realitat, no són necessàries"", va explicar l'executiu, sense precisar el pressupost d'aquesta superproducció, només comparable en envergadura a El tiempo entre costuras. Alatriste és"
", va ser traslladat a l'Hospital Virgen del Rocío de Sevilla, on va morir dies després. La investigació intenta precisar si la mort es va produir a conseqüència de les cremades o si, com assenyalen altres fonts, va morir d'una pneumònia que ja",", arrelades i tradicionals, i a més el seu funcionament no genera molèsties ni problemes de convivència. No va precisar quantes estarien en aquesta situació. Malgrat que s'ha decidit eliminar aquesta mesura, es mantenen acotades les"
"en llibertat, el comandant de la SDAT va indicar que ""no són gaire nombrosos"" -el fiscal, Jean-François Ricard va precisar que nhi ha menys d'un centenar-, i va apuntar que s'ha produït ""una certa diàspora"" per Europa, és a dir, que alguns se n'","municipal, perquè segons el seu parer no tenen gaire impacte. ""No vull xuclar a ningú, parlo de col·laborar"", va precisar . Amb la mateixa mentalitat participativa, no descarta destinar una partida pressupostària a projectes que recorren"
"espacial de la NASA que escruta de forma automàtica el firmament. Des d'aleshores, ha estat seguit amb l'objectiu de precisar la seva trajectòria i alguna característiques física, però la veritat és que se'n sap poc, més enllà de la seva mida, els","un esborrany de declaració final que, entre altres qüestions, deia una cosa tan simple com que ""tots"" els països, sense precisar ni percentatges ni calendaris ni el grau d'obligatorietat, haurien d'oferir abans de la cimera de París -on s'ha de"
"bronquials, per mitjà de la seva visualització ecogràfica. En molts casos permet fer una punció dirigida per poder precisar els diagnòstics. L'estudi ganglionar en aquests pacients permet establir amb molta més exactitud el grau d'extensió",", destaquen. Vivó assegura que combinar les propostes que ja tenien amb la nova documentació els ha permès  precisar molt millor la reconstrucció"". Detalla que algunes de les coses que han verificat és que alguns trams de les grades"
"del certamen Martín Pérez. ""Estem prou contents, hem superat la barrera del 65%"", ha expressat el director, després de precisar que és un volum semblant al de la passada edició, quan es van vendre 15.000 tiquets a aquestes alçades --amb la meitat de","l'Osca. També Suárez. I Dani Alves, forçat per la lesió muscular que es va fer a Getafe. El comunicat mèdic d'ahir va precisar que el defensa va patir una elongació del bíceps femoral de la cama esquerra. L'eliminatòria (0-4 en el partit d'anada)"
"Inaer, la beneficiària del contracte, donava ""més garanties"" que el departament encapçalat per Pedro Morenés sense precisar en què consisteixen. García Tejerina ha respost així a la petició d'explicacions que l'oposició li ha reclamat en la","de divendres, quan va responsabilitzar l'expresident espanyol de la mort d'1.200.000 iraquians. Maduro va precisar que no es retractava ""ni una paraula ni una coma"" de les seves paraules i va reiterar que l'exmandatari del PP ""té les mans"
"aconseguir la segona. Sabem des de fa quatre anys que Espanya és la millor selecció del món i tots ens volen fer caure"", va precisar després el porter madridista (33 anys). Junts a l'estrada de la sala de premsa, parapetats darrere la singular Brazuca","a la revista alemanya Gala alguna cosa més sobre la seva filla Rose. Per exemple, l'olor que fa. ""Dolça, totalment"", va precisar amb un somriure que li anava d'orella a orella. ""No puc descriure-ho, però realment em fa sentir eufòrica"". Una"
"l'altera. Ni tan sols el traspàs, fet públic ahir, de Cesc Fàbregas al Chelsea. ""No interfereix gens en l'ambient"", va precisar el tècnic, segur que Espanya, a diferència d'Holanda, sí que ha fet bé la seva transició. ""És cert que ells han canviat","-, i Guerau Pallàs, un simpàtic nen de 5 anys que va néixer amb una malformació -""tinc tres capsetes en lloc de quatre"", va precisar , en relació amb el problema als ventricles- i que li diu a la seva cardiòloga, Àngels Puigdevall, ""doctora màgica""."
"perquè facin alguna activitat en castellà durant els últims cinc dies del curs escolar, que s'acaba el 20 de juny, sense precisar que sigui en la proporció que dicta el tribunal català. Amb aquesta mobilització, Somescola vol tancar el curs amb ""un","premsa, el primer ministre australià, Tony Abbott, va qualificar el segrest d'un acte de ""terrorisme"", malgrat que va precisar que seria un ""error"" vincular el tràgic succés amb grups extremistes. El segrestador -va dir el primer ministre- era un"
", no volem precipitar-nos ni prendre decisions equivocades. Hi ha temps fins dimecres"", ha dit, encara que ha volgut precisar una cosa transcendent: ""Si hi hagués algun canvi, no seria per assenyalar a ningú. És un torneig curt i aquí hi ha 23","full de ruta de l'entitat o expressat a la recent Declaració de Cornellà , era en defensa d'una llista unitària. Però va precisar que s'obrien a modificar el posicionament si la situació política ho requeria. 'La Decaració de Cornellà apostava per"
"un termini de set anys en competència amb Renfe. Posteriorment, el corredor s'obrirà a la plena competència, segons va precisar la ministra de Foment, Ana Pastor. El Govern assajarà al corredor de Llevant el procés que després estendrà a altres","&rsquo;aigua ha evidenciat ""maneres de fer poc obertes"" ""No parlo d'ERC en general, sinó de personatges concrets"", va precisar en la seva entrevista a l''Angle obert' d'EL 9 TV. L'alcaldessa de Lluçà, Eva Boixadé (IpLSE-AM), explica que en el cas"
"tan aviat entri en vigor la llei que faci efectiva l'abdicació, a les 00.00 hores del dia 19. La Casa del Rei no ha pogut precisar si la infanta Cristina viatjarà a Madrid en aquests dies, tot i que no acudeixi a cap dels actes programats. Qui sí","Madrid, en la qual va morir un aficionat del Deportivo de la Corunya. Ja hi ha 41 arrestats. Fonts de la investigació van precisar que els quatre detinguts de Gijón tenen relació amb la penya ultra de l'Sporting anomenada Ultra Boys. Ja el mateix dia"
", malgrat tot el que ha aconseguit. Pendent el país i, per descomptat, els mateixos jugadors dels ""canvis"" (no va voler precisar quants el tècnic), que es veuran demà davant Xile. ""Som flexibles, però tossuts en algunes coses"", va precisar el","ha seguit cremant durant hores, mentre dotzenes de persones retiraven les restes ensorrades sense que ningú pogués precisar si hi havia més víctimes atrapades. Iceta: ""La reforma constitucional no és la tercera via, és l'única"" El primer"
"va voler precisar quants el tècnic), que es veuran demà davant Xile. ""Som flexibles, però tossuts en algunes coses"", va precisar el seleccionador a Cuatro abans de pujar a l'avió camí de la capital carioca. Flexibles perquè introduirà","de recursos humans"", va advertir ahir el director general de la productora Veralia, Carlo Bosserman, abans de precisar que en un mes i mig es van rebre 4.000 cançons de 2.000 compositors procedents ""de tot Espanya"". Bosserman va recordar"
"del Barça, construïda al voltant de la pilota. I del toc. ""Mantindrem algunes coses, però en canviarem d'altres"", va precisar Del Bosque sense voler donar pistes sobre els seus plans. Després de l'últim entrenament a porta tancada realitzat a",", digués a la seva última roda de premsa de l'any que el seu Executiu respondrà ""de manera proporcionada"", tot i que sense precisar quina serà la naturalesa d'aquesta resposta. Obama va fer aquesta declaració poc després que l'FBI assegurés que"
"a França després d'iniciar les accions oportunes per vendre la totalitat de la seva activitat. L'ensenya va precisar que, d'acord amb el que estableix la normativa comptable, s'han classificat els actius i passius del mercat francès",". Sí, les he rebut dels més alts nivells del partit, en plural, a tots els nivells, en tots els àmbits"", ha respost sense precisar si entre estes felicitacions estava la del president de la Generalitat i del PPCV, Alberto Fabra. Grau ha dit que no"
"de 300 metres quadrats, que comptarà amb cinc gabinets, una recepció i una sala d'espera, així com amb set metges, va precisar Zhu. El centre rep fons oficials i de responsabilitat social d'empreses. Amb tot, va admetre el que pot significar per a","xifres increïbles"", explica el tècnic portuguès en una entrevista a BT Sports britànica. Mourinho apunta, després de precisar que ""en aquests moments"" el Chelsea no pot fitxar Messi, que el Barça tampoc està predisposat a vendre la seva joia més"
"i inútil partit del Mundial. Poc després, la federació informava d'unes ""molèsties musculars a l'adductor"", sense precisar , no obstant, a quina cama. ""Queda pendent d'evolució"", es limita a dir. Emocionant vídeo d'un pare ballant amb la seva","sobretot, contra les veus més crítiques del seu propi partit que qüestionen el seu lideratge. No obstant, no va voler precisar ahir què seria un mal resultat electoral, ni on està la línia vermella de les expectatives com perquè una altra figura"
"com la República Dominicana han presentat càrrecs contra l'exnunci pels casos de pederàstia. El Vaticà, encara que va precisar que es tracta d'un diplomàtic, va subratllar en el passat que cap fiscalia ha demanat l'extradició de Wesolowski. L'","en la primera fase del respectiu procediment, que correspon a l'entrega de les manifestacions d'interès"", va precisar el director general de Banco Santander Totta, Antonio Vieira Monteiro. A mitjans de desembre, el banc portuguès BPI,"
"Preguntat sobre si la negociació amb la Baronessa Thyssen va lenta o està encallada, el conseller ha dit: ""És difícil de precisar , però per a mi res està encallat fins que s'ha descartat"". Amb això, ha assegurat que ""és natural que la negociació vagi","torna ""gairebé a la normalitat"" després de la nevada Vidalies, en declaracions a l'emissora de ràdio 'France Info', va precisar que només seguien sent necessàries les cadenes per arribar a dues estacions de la vall de La Tarentaise i a dues més a La"
"disposat. Sí a millorar l'atenció als denunciants amb un centre d'atenció telefònica externalitzat, segons van precisar fonts municipals. Però la capacitat inspectora ""es queda a l'administració"", hi van afegir. Incompetència","sota influència de l'Estat Islàmic. L'EI va executar en aquest període 120 dels seus membres, segons l'OSDH, que va precisar que molts d'ells eren estrangers detinguts quan intentaven tornar als seus països. L'ONG siriana també va indicar que"
"debat d'orientació política, Jaume Bartumeu també va avisar el Govern que ""... el nou acord d'associació haurà de precisar la seva relació amb l'acord d'Unió Duanera del 1991"". I seguidament va reconèixer que en la negociació d'aquest acord","inundacions, però que hi ha al voltant d'un_milió de persones afectades pels efectes de les pluges. Milroy no ha pogut precisar detalls sobre els treballs d'assistència als afectats. Mitjans locals han informat que nombroses carreteres estan"
"de la llengua. Es diu: 'El canvi de ""hòmens"" a ""homes"" es va fer al segle tal'. Doncs ara afirmacions com aquesta es podran precisar molt més. -- Dediqueu pràcticament tota l'obra al lèxic. I, molt majoritàriament, als dialectes. D'on partíeu? Qui ho","uns trenta fardells d'haixix, de manera que la partida podria rondar els mil quilos, encara que les fonts no han pogut precisar la quantitat exacta perquè la investigació continua oberta i sota secret de sumari. L'aixecament dels cadàvers es va"
"Transparency Internacional, que és la màxima nota que es pot treure, 100 sobre 100"". El portaveu del Govern ha volgut precisar , però, que ""no és una invitació a relaxar-se sinó, precisament, a continuar fent la feina des d'aquest punt de vista, ja","ahir el ministre de l'Interior, Bernard Cazeneuve, a la sortida d'un nou gabinet de crisi. El titular d'Interior va precisar que tiradors d'elit vigilaran l'itinerari de la marxa, que s'iniciarà a la plaça de la República fins a la plaça de la"
"el que passaria si un virus semblant a l'Ebola es comencés a escampar per algun lloc poblat com ara els Estats Units."" Cal precisar , però, que la mona caputxina que provoca el desastre a Estallido només habita a Amèrica, i no a Àfrica, on la situa la","en la llista negra dels EUA i França i no els interceptessin a les fronteres"". En l'entrevista d'ahir, Chérif va precisar que va ser ensinistrat per l'imam Anuar al-Awlaki, assassinat el setembre del 2011 per un atac aeri de drones dels EUA al"
"que es registraria a Europa"", va alertar Mateu. En cas que, efectivament, es confirmés el cas, el doctor Gatell no va precisar si administrarien al pacient el fàrmac experimental ZMapp i es va limitar a recordar que el tractament d'aquests","que el Govern actual ""es va trobar"". ""Fixin-se si ha estat útil la reforma"", va afegir. La vicepresidenta sí que va precisar que l'estalvi generat a l'Estat i el seu sector públic arriba als 4.773_milions; a les comunitats suma 10.510_milions"
"pot reaparèixer a Vila-real Fa justament set dies Neymar va tenir un esquinç de ""grau 1 al turmell esquerre"", segons van precisar els metges del Barcelona. Un esquinç que li va impedir debutar a la Lliga diumenge passat contra l'Elx al Camp Nou (3-0).","Manns i Jean Michel Pawlotsky, que revisaran el primer esborrany elaborat pels seus col·legues. Rodés va evitar precisar a quins pacients creu que finalment arribaran els tractaments. ""Els que tinguin una fibrosi mínima es poden esperar"","
". Luis Enrique no vol córrer riscos. Ni tan sols contra el Vila-real, ""un dels rivals més potents de la Lliga"", com va precisar ahir. ""Andrés té unes molèsties al genoll que han anat a més. Entenem que és millor cuidar el jugador"", va argumentar el","del seu espòs, Oriol Pujol. Per això tots tres són acusats dels delictes de suborn i falsedat documental. Franco va precisar que els va rebre, com és habitual, amb un tècnic. Va atendre Alsina, que anava amb altres empresaris, i li van consultar"
"han fet altres països (França, Turquia, Mèxic...) i penso que la nostra és la millor que es pot fer"", confessa abans de precisar que aquest nou programa ""està obert a persones de totes les edats"". Scorsese, DiCaprio i De Niro, al casino Martin","no va parlar amb Pujol de cap projecte al municipi. De la proposta de fer una gran superfície d'aparcaments per a Seat, va precisar que li va dir a ell mateix un empresari conegut (Miquel Salaet) però mai ningú va oferir al consistori un projecte"
"d'Enginyers Tècnics Industrials de Catalunya o el Consell de Col·legis d'Administradors de Finques. A més, es va precisar que el 2014 també es van renovar 47 convenis per mantenir la xarxa d'informació i orientació a la mediació a Catalunya,","d'ESO amb una trentena d'alumnes cada un, però l'objectiu és que n'acabi tenint tres d'ESO i dos de batxillerat, va precisar Castells. Segons el batlle, es ""feia imprescindible l'ampliació de l'oferta i l'obertura d'un nou institut"", perquè"
"necessitats d'aquest servei el primer trimestre del 2015. El 29 de gener, el conseller es desplaçarà a Tarragona per precisar allà mateix la data a partir de la qual s'ampliarà el servei, malgrat que tot apunta que es portarà a terme la segona","deslocalitzacions i es va desvincular de l'actuació d'Oriol Pujol. Quant al camí a seguir després dels comicis, Mas va precisar que el govern no assumirà cap proposta pròpia de Constitució, i que haurà de ser l'hemicicle que es constitueixi"